key,reasons,en_fork,en,owner,old,suggest,draft,note
APIPath,missing,,API Path,Newznab,,,API-Pfad,
APIURL,missing,,API URL,FileList MangaDex,,,API-URL,
AcceptConfirmationModal,missing,,Accept Confirmation Modal,,,,Bestätigungsdialog akzeptieren,
AccessToken,missing,,Access Token,GoodreadsSettingsBase Ntfy PushBullet Twitter,,,Zugriffstoken,
AccessTokenSecret,missing,,Access Token Secret,GoodreadsSettingsBase Twitter,,,Zugriffstoken-Geheimnis,
Add,missing,,Add,,,,Hinzufügen,
AddANewPath,missing,,Add a new path,,,,Neuen Pfad hinzufügen,
AddCondition,missing,,Add Condition,,,,Bedingung hinzufügen,
AddConditionImplementation,missing,,Add Condition - {implementationName},,,,Bedingung hinzufügen - {implementationName},
AddConnectionImplementation,missing,,Add Connection - {implementationName},,,,Verbindung hinzufügen - {implementationName},
AddCountMissing,missing,,Add {count} Missing,,,,{count} fehlende Serien hinzufügen,Collections button: the missing members are series
AddCustomFilter,missing,,Add Custom Filter,,,,Benutzerdefinierten Filter hinzufügen,
AddCustomFormat,missing,,Add Custom Format,,,,Benutzerdefiniertes Format hinzufügen,
AddDelayProfile,missing,,Add Delay Profile,,,,Verzögerungsprofil hinzufügen,
AddDownloadClient,missing,,Add Download Client,,,,Download-Client hinzufügen,
AddDownloadClientImplementation,missing,,Add Download Client - {implementationName},,,,Download-Client hinzufügen - {implementationName},
AddFormats,missing,,Formats,,,Formate,Formate,
AddImportListExclusion,missing,,Add Import List Exclusion,,,,Importlisten-Ausschluss hinzufügen,
AddImportListExclusionHelpText,readarr vocab glossary:series glossary:volume stale,Prevent book from being added to Readarr by Import Lists or Author Refresh,Prevent volume from being added to Mangarr by Import Lists or Series Refresh,,"Verhindern, dass ein Buch zu Readarr durch Importlisten oder Aktualisierung des Autors hinzugefügt wird",,"Verhindern, dass der Band durch Importlisten oder die Aktualisierung der Serie zu {appName} hinzugefügt wird",
AddIndexer,missing,,Add Indexer,,,,Indexer hinzufügen,
AddIndexerImplementation,missing,,Add Indexer - {implementationName},,,,Indexer hinzufügen - {implementationName},
AddLanguage,missing,,Add Language,,,,Sprache hinzufügen,
AddMetadataProfile,missing,,Add Metadata Profile,,,,Metadatenprofil hinzufügen,
AddNewAuthor,missing,Add New Author,Add New Series,,,,Neue Serie hinzufügen,
AddNewBook,missing,Add New Book,Add New Volume,,,,Neuen Band hinzufügen,
AddNewLightNovelRootFolderHelpText,missing,,'{folder}' folder will be created; every volume gets its own folder inside it,,,,Der Ordner '{folder}' wird erstellt; jeder Band erhält darin einen eigenen Ordner,
AddNotification,missing,,Add Notification,,,,Benachrichtigung hinzufügen,
AddPaused,missing,,Add Paused,Deluge Flood Nzbget Transmission,,,Pausiert hinzufügen,
AddQualityProfile,missing,,Add Quality Profile,,,,Qualitätsprofil hinzufügen,
AddReleaseProfile,missing,,Add Release Profile,,,,Release-Profil hinzufügen,
AddRemotePathMapping,missing,,Add Remote Path Mapping,,,,Remote-Pfadzuordnung hinzufügen,
AddRootFolder,upstream,,Add Root Folder,,Stammverzeichnis hinzufügen,,Stammordner hinzufügen,"upstream fix (fix round 1, I3)"
AddStopped,missing,,Add Stopped,RTorrent,,,Gestoppt hinzufügen,
AddTitle,missing,,Add {title},,,,{title} hinzufügen,
AddToBookshelves,missing,,Add to Bookshelves,GoodreadsBookshelfNotification,,,Zu Bücherregalen hinzufügen,
AddToDownloadedQueue,missing,,Add to downloaded queue,,,,Zur Warteschlange abgeschlossener Downloads hinzufügen,
Added,missing,,Added,,,,Hinzugefügt,
AddedAuthorSettings,vocab glossary:series stale,Added Author Settings,Added Series Settings,,Autor Einstellungen hinzugefügt,,Einstellungen für hinzugefügte Serien,
AddedDate,missing,,Added: {date},,,,Hinzugefügt: {date},
AddedRelativeDate,missing,,Added {date},,,,Hinzugefügt {date},
AddedToDownloadedQueue,missing,,Added to downloaded queue,,,,Zur Warteschlange abgeschlossener Downloads hinzugefügt,
AddingFailed,missing,,Adding failed: {message},,,,Hinzufügen fehlgeschlagen: {message},
AdditionalParameters,missing,,Additional Parameters,Newznab Nyaa,,,Zusätzliche Parameter,
AdditionalTags,missing,,Additional Tags,Flood,,,Zusätzliche Tags,
Adopted,missing,,Adopted,,,,Übernommen,"a file owned before Mangarr knew it, taken over in place"
AdoptedTagWrite,missing,,Write Tags to Adopted Audiobooks,,,,Tags in übernommene Hörbücher schreiben,
AdoptedTagWriteHelpText,missing,,Also write the additive tags into adopted audiobook files on a manual retag,,,,Beim manuellen Neuschreiben der Tags die zusätzlichen Tags auch in übernommene Hörbuchdateien schreiben,
AdoptedTooltip,missing,,"Owned before Mangarr knew it — never renamed, moved, replaced or deleted by Mangarr",,,,"Bereits vorhanden, bevor {appName} davon wusste — wird von {appName} nie umbenannt, verschoben, ersetzt oder gelöscht",
AfterManualRefresh,missing,,After Manual Refresh,,,,Nach manueller Aktualisierung,
Age,missing,,Age,,,,Alter,
AgeWhenGrabbed,upstream,,Age (when grabbed),,Alter (bei Erfassung),,Alter (beim Holen),"upstream fix (grab = holen, was Erfassung)"
Agenda,missing,,Agenda,,,,Agenda,
AllAuthorBooks,vocab glossary:series glossary:volume stale,All Author Books,All Series Volumes,,Alle Autor Bücher,,Alle Bände der Serie,
AllBooks,vocab glossary:volume stale,All Books,All Volumes,,Alle Bücher,,Alle Bände,
AllFiles,missing,,All Files,,,,Alle Dateien,
AllItemsHiddenByFilter,missing,,All {itemType} are hidden due to the applied filter.,,,,Alle {itemType} werden durch den angewendeten Filter ausgeblendet.,"{itemType} is ItemTypeSeries/ItemTypeVolumes (Serien / Bände), nominative plural: reads for both nouns"
AllowAuthorChangeClickToChangeAuthor,vocab glossary:series stale,Click to change author,Click to change series,,Klicken um Autor zu ändern,,"Klicken, um die Serie zu ändern",
AllowFingerprintingHelpText,vocab glossary:volume stale,Use fingerprinting to improve accuracy of book matching,Use fingerprinting to improve accuracy of volume matching,,Benutze Fingerabdrücke um die Genauigkeit der Buch Übereinstimmungen zu verbessern,,"Fingerprinting verwenden, um die Genauigkeit der Bandzuordnung zu verbessern",
AllowFingerprintingHelpTextWarning,readarr stale,This requires Readarr to read parts of the file which will slow down scans and may cause high disk or network activity.,This requires Mangarr to read parts of the file which will slow down scans and may cause high disk or network activity.,,"Dies erfordert, dass Readarr Teile der Datei ließt, was dazu führt, dass Scans verlangsamt werden und eventuell hohe Schreib-/Netzwerkaktivitäten entstehen.",,"Dazu muss {appName} Teile der Datei lesen, was Scans verlangsamt und hohe Festplatten- oder Netzwerkaktivität verursachen kann.",
AllowZeroSize,missing,,Allow Zero Size,TorrentRssIndexer,,,Größe null erlauben,
Always,missing,,Always,,,,Immer,
AnalyticsEnabledHelpText,readarr stale,"Send anonymous usage and error information to Readarr's servers. This includes information on your browser, which Readarr WebUI pages you use, error reporting as well as OS and runtime version. We will use this information to prioritize features and bug fixes.","Send anonymous usage and error information to Mangarr's servers. This includes information on your browser, which Mangarr WebUI pages you use, error reporting as well as OS and runtime version. We will use this information to prioritize features and bug fixes.",,"Sende anonyme Nutzungs- und Fehlerinformationen an die Server von Readarr. Dazu gehören Informationen über Browser, welche Seiten der Readarr-Weboberfläche aufgerufen wurden, Fehlerberichte sowie Betriebssystem- und Laufzeitversion. Wir werden diese Informationen verwenden, um Funktionen und Fehlerbehebungen zu priorisieren.",,"Anonyme Nutzungs- und Fehlerinformationen an die Server von {appName} senden. Dazu gehören Informationen über Ihren Browser, welche Seiten der {appName}-Weboberfläche Sie verwenden, Fehlerberichte sowie Betriebssystem- und Laufzeitversion. Wir verwenden diese Informationen, um Funktionen und Fehlerbehebungen zu priorisieren.",
AnyEditionOkHelpText,readarr glossary:edition stale,Readarr will automatically switch to the edition best matching downloaded files,Mangarr will automatically switch to the edition best matching downloaded files,,"Readarr wechselt automatisch zu der Edition, die am besten zu den heruntergeladenen Dateien passt",,"{appName} wechselt automatisch zu der Ausgabe, die am besten zu den heruntergeladenen Dateien passt",
AppLogo,missing,,{appName} Logo,,,,{appName}-Logo,
AppToken,missing,,App Token,Gotify,,,App-Token,
Apply,missing,,Apply,,,,Anwenden,
ApplyTags,upstream,,Apply Tags,,Schlagworte anwenden,,Tags anwenden,"upstream fix (tags = Tags everywhere, was Schlagworte)"
ApplyTagsHelpTextAdd,upstream,,Add: Add the tags the existing list of tags,,Hinzufügen: Füge Tags zu den bestehenden Tags hinzu,,Hinzufügen: Die Tags zu den vorhandenen Tags hinzufügen,"upstream fix (fix round 1, I2)"
ApplyTagsHelpTextHowToApplyAuthors,glossary:series stale,How to apply tags to the selected authors,How to apply tags to the selected series,,Wie werden Tags zu ausgewählten Indexern zugeteilt,,Wie Tags auf die ausgewählten Serien angewendet werden,
ApplyTagsHelpTextHowToApplyDownloadClients,upstream,,How to apply tags to the selected download clients,,Wie Tags zu den selektierten Downloadclients hinzugefügt werden können,,Wie Tags auf die ausgewählten Download-Clients angewendet werden,"upstream fix (fix round 1, I4)"
ApplyTagsHelpTextRemove,upstream,,Remove: Remove the entered tags,,Entfernen: Entferne die hinterlegten Tags,,Entfernen: Die eingegebenen Tags entfernen,"upstream fix (fix round 1, I2)"
ApplyTagsHelpTextReplace,upstream,,Replace: Replace the tags with the entered tags (enter no tags to clear all tags),,Ersetzen: Ersetze die Tags mit den eingegebenen Tags (keine Tags eingeben um alle Tags zu löschen),,"Ersetzen: Die Tags durch die eingegebenen Tags ersetzen (keine Tags eingeben, um alle Tags zu entfernen)","upstream fix (fix round 1, I2)"
AppriseAuthPasswordHelpText,missing,,HTTP Basic Auth Password,Apprise,,,Passwort für HTTP-Basic-Auth,
AppriseAuthUsernameHelpText,missing,,HTTP Basic Auth Username,Apprise,,,Benutzername für HTTP-Basic-Auth,
AppriseConfigurationKey,missing,,Apprise Configuration Key,Apprise,,,Apprise-Konfigurationsschlüssel,
AppriseConfigurationKeyHelpText,missing,,Configuration Key for the Persistent Storage Solution. Leave empty if Stateless URLs is used.,Apprise,,,"Konfigurationsschlüssel für die persistente Speicherlösung. Leer lassen, wenn zustandslose URLs verwendet werden.",
AppriseNotificationType,missing,,Apprise Notification Type,Apprise,,,Apprise-Benachrichtigungstyp,
AppriseServerURL,missing,,Apprise Server URL,Apprise,,,Apprise-Server-URL,
AppriseServerUrlHelpText,missing,,"Apprise server URL, including http(s):// and port if needed",Apprise,,,"URL des Apprise-Servers, einschließlich http(s):// und ggf. Port",
AppriseStatelessURLs,missing,,Apprise Stateless URLs,Apprise,,,Zustandslose Apprise-URLs,
AppriseStatelessUrlsHelpText,missing,,One or more URLs separated by commas identifying where the notification should be sent to. Leave empty if Persistent Storage is used.,Apprise,,,"Eine oder mehrere durch Kommas getrennte URLs, an die die Benachrichtigung gesendet werden soll. Leer lassen, wenn persistenter Speicher verwendet wird.",
AppriseTags,missing,,Apprise Tags,Apprise,,,Apprise-Tags,
AppriseTagsHelpText,missing,,Optionally notify only those tagged accordingly.,Apprise,,,Optional nur entsprechend getaggte Ziele benachrichtigen.,
AreYouSure,missing,,Are you sure?,,,,Sind Sie sicher?,
Arguments,missing,,Arguments,CustomScript,,,Argumente,
AttachBooks,missing,,Attach Books,Email,,,Banddateien anhängen,Email: en says Books; translated by meaning (the imported volume files are attached)
AudioAvailable,missing,,Audiobook Available,,,,Hörbuch verfügbar,
AudioAvailableHelpText,missing,,Off while no audiobook of this series exists; turns on with the first audio import,,,,"Aus, solange es kein Hörbuch dieser Serie gibt; wird mit dem ersten Audio-Import eingeschaltet",
AudioNotYetHelpText,missing,,No audiobook of this series yet; searched once a week until the first one arrives,,,,"Noch kein Hörbuch dieser Serie; wird einmal pro Woche gesucht, bis das erste erscheint",
AudioQualityProfile,missing,,Audiobook Quality Profile,,,,Hörbuch-Qualitätsprofil,
AudioQualityProfileNamed,missing,,Audiobook Quality Profile: {name},,,,Hörbuch-Qualitätsprofil: {name},
AudioUnlistedHelpText,missing,,Audible does not list this audiobook yet; it becomes wanted the day it appears,,,,"Audible führt dieses Hörbuch noch nicht; es wird ab dem Tag gesucht, an dem es erscheint",
AudioUnreleasedHelpText,missing,,Audible lists this audiobook for {date}; it is searched once it is out,,,,"Audible listet dieses Hörbuch für {date}; es wird gesucht, sobald es erschienen ist",
Audiobook,missing,,Audiobook,,,,Hörbuch,
AudiobookEdition,missing,,Audiobook Edition,,,,Hörbuchausgabe,
AudiobookshelfApiKey,missing,,Audiobookshelf API Key,,,,Audiobookshelf-API-Schlüssel,
AudiobookshelfLibrary,missing,,Audiobookshelf Library,,,,Audiobookshelf-Bibliothek,
AudiobookshelfPathMappingHelpText,missing,,Only needed when Audiobookshelf and Mangarr see the library at different paths.,,,,"Nur nötig, wenn Audiobookshelf und {appName} die Bibliothek unter unterschiedlichen Pfaden sehen.",
AudiobookshelfUrl,missing,,Audiobookshelf URL,,,,Audiobookshelf-URL,
AudiobookshelfUrlHelpText,missing,,e.g. http://audiobookshelf:13378,,,,z. B. http://audiobookshelf:13378,
AuthURL,missing,,Auth URL,MangaDex,,,Auth-URL,
AuthenticateWithGoodreads,missing,,Authenticate with Goodreads,GoodreadsSettingsBase,,,Mit Goodreads authentifizieren,
AuthenticationMethodHelpTextWarning,upstream,,Please select a valid authentication method,,Bitte wähle eine gültige Authentifizierungsmethode aus,,Bitte wählen Sie eine gültige Authentifizierungsmethode aus,"upstream fix (fix round 1, I2)"
AuthenticationRequiredHelpText,upstream,,Change which requests authentication is required for. Do not change unless you understand the risks.,,"Ändern, welche anfragen Authentifizierung benötigen. Ändere nichts wenn du dir nicht des Risikos bewusst bist.",,"Legt fest, für welche Anfragen eine Authentifizierung erforderlich ist. Ändern Sie dies nur, wenn Sie die Risiken verstehen.","upstream fix (fix round 1, I1)"
AuthenticationRequiredWarning,upstream,,"To prevent remote access without authentication, {appName} now requires authentication to be enabled. You can optionally disable authentication from local addresses.",,"Um unberechtigte Fernzugriffe zu vermeiden benötigt {appName} jetzt , dass Authentifizierung eingeschaltet ist. Du kannst Authentifizierung optional für lokale Adressen ausschalten.",,"Um Fernzugriffe ohne Authentifizierung zu verhindern, erfordert {appName} jetzt eine aktivierte Authentifizierung. Sie können die Authentifizierung für lokale Adressen optional deaktivieren.","upstream fix (fix round 1, I1)"
Author,vocab glossary:series stale,Author,Series,,Autor,Serien,Serie,"singular: column headers, the naming-modal legend, FileDetails title"
AuthorClickToChangeBook,vocab glossary:volume stale,Click to change book,Click to change volume,,Klicken um den Film zu bearbeiten,,"Klicken, um den Band zu ändern",
AuthorEditor,vocab glossary:series stale,Author Editor,Series Editor,,Autor Editor,,Serien bearbeiten,"toolbar toggle into the series mass editor (and the Health link to /authoreditor): editing, not a publisher"
AuthorFolderFormat,vocab glossary:series stale,Author Folder Format,Series Folder Format,,Autor Orderformat,,Format des Serienordners,
AuthorFolderFormatHelpText,missing,,Used when adding a new series or moving a series via the series editor,,,,Wird beim Hinzufügen einer neuen Serie oder beim Verschieben einer Serie über 'Serien bearbeiten' verwendet,fix round 1 (Ruling)
AuthorIndex,vocab glossary:series stale,Author Index,Series Index,,Autor Index,,Serienübersicht,toolbar button back from the mass editor to the list of all series
AuthorNameHelpText,vocab glossary:series glossary:volume stale,The name of the author/book to exclude (can be anything meaningful),The name of the series/volume to exclude (can be anything meaningful),,Der Name des auszuschließenden Autors/Buches (kann etwas Sinnvolles sein),,Name der auszuschließenden Serie bzw. des auszuschließenden Bandes (beliebiger aussagekräftiger Name),
Authors,vocab glossary:series stale,Authors,Series,,Autoren,Serien,Serien,the plural key (en says Series for both Author and Authors)
AutoRedownloadFailed,upstream,,Redownload Failed,,Erneuter Download fehlgeschlagen,,Fehlgeschlagene erneut herunterladen,upstream fix: the setting redownloads failed releases; was 'the redownload failed'
AutoRedownloadFailedFromInteractiveSearch,upstream,,Redownload Failed from Interactive Search,,Erneuter Download aus Interaktiver Suche fehlgeschlagen,,Fehlgeschlagene aus der interaktiven Suche erneut herunterladen,upstream fix: was 'redownload from interactive search failed'
AutoRedownloadFailedFromInteractiveSearchHelpText,upstream,,Automatically search for and attempt to download a different release when failed release was grabbed from interactive search,,"Suchen Sie automatisch nach einer anderen Version und versuchen Sie, sie herunterzuladen, wenn eine fehlerhafte Version aus der interaktiven Suche ausgewählt wurde",,"Automatisch nach einem anderen Release suchen und versuchen, es herunterzuladen, wenn das fehlgeschlagene Release über die interaktive Suche geholt wurde","upstream fix (grab = holen, was ausgewählt)"
AutoUnmonitorPreviouslyDownloadedBooksHelpText,vocab glossary:volume stale,Books deleted from disk are automatically unmonitored in Readarr,Volumes deleted from disk are automatically unmonitored in Mangarr,,Auf der Festplatte gelöschte Filme auch automatisch in {appName} nicht mehr beobachten,,Von der Festplatte gelöschte Bände werden in {appName} automatisch nicht mehr überwacht,
AutomaticReleaseSwitching,missing,,Automatic Release Switching,,,,Automatischer Release-Wechsel,
AutomaticSearch,missing,,Automatic Search,,,,Automatische Suche,
AutomaticallySwitchEdition,glossary:edition,Automatically Switch Edition,Automatically Switch Edition,,Edition automatisch wechseln,,Ausgabe automatisch wechseln,
Avatar,missing,,Avatar,Discord,,,Avatar,
BCCAddressEs,missing,,BCC Address(es),Email,,,BCC-Adresse(n),
BackupFolderHelpText,readarr stale,Relative paths will be under Readarr's AppData directory,Relative paths will be under Mangarr's AppData directory,,Relative Pfade befinden sich unter Readarrs AppData Ordner,,Relative Pfade liegen im AppData-Verzeichnis von {appName},
BackupIntervalHelpText,readarr stale,Interval to backup the Readarr DB and settings,Interval to backup the Mangarr DB and settings,,Intervall zum Sichern der Readarr-DB und der Einstellungen,,Intervall für die Sicherung der Datenbank und der Einstellungen von {appName},
BackupTypeBeforeUpdate,missing,,Before update,,,,Vor dem Update,
BackupTypeManual,missing,,Manual,,,,Manuell,
BindAddressHelpText,upstream,,"Valid IP address, localhost or '*' for all interfaces",,"Gültige IP-Adresse, localhost oder „*“ für alle Schnittstellen",,"Gültige IP-Adresse, localhost oder '*' für alle Schnittstellen","upstream fix (fix round 1, ruling 2: single quotes throughout; quote marks only)"
BlocklistAndSearchHint,upstream,,Start a search for a replacement after blocklisting,,"Starte Suche nach einer Alternative, falls es der Sperrliste hinzugefügt wurde",,Nach dem Hinzufügen zur Sperrliste nach einem Ersatz suchen,upstream fix: was 'if it was added to the blocklist'
BlocklistAndSearchMultipleHint,upstream,,Start searches for replacements after blocklisting,,"Starte Suchen nach einer Alternative, falls es der Sperrliste hinzugefügt wurde",,Nach dem Hinzufügen zur Sperrliste jeweils nach einem Ersatz suchen,upstream fix: was 'if it was added to the blocklist'
BlocklistRelease,upstream,,Blocklist Release,,Release sperren,,Release zur Sperrliste hinzufügen,upstream fix (blocklist = Sperrliste); form label next to BlocklistReleases
BlocklistReleaseHelpText,stale,Prevents Readarr from automatically grabbing these files again,Prevents Mangarr from automatically grabbing these files again,,Dieses Release nicht automatisch erneut erfassen,,"Verhindert, dass {appName} diese Dateien automatisch erneut holt",
BlocklistReleases,upstream,,Blocklist Releases,,Release sperren,,Releases zur Sperrliste hinzufügen,upstream fix (blocklist = Sperrliste); was identical to BlocklistRelease
Book,vocab glossary:volume stale,Book,Volume,,Buch,,Band,
BookAvailableButMissing,vocab glossary:volume stale,"Book Available, but Missing","Volume Available, but Missing",,"Film verfügbar, aber fehlend",,"Band verfügbar, aber fehlend",
BookEditor,vocab glossary:volume stale,Book Editor,Volume Editor,,Buch-Editor,,Bände bearbeiten,"toolbar toggle into the volume mass editor: editing, not a publisher"
BookFileFormats,missing,,Formats: {formats},,,,Formate: {formats},
BookFilesCountMessage,vocab glossary:volume stale,No book files,No volume files,,Keine Buchdateien,,Keine Banddateien,
BookFilesTotaling,missing,,{count} book files totaling {size},,,,"{count} Banddateien, insgesamt {size}",en says book files: translated by meaning (volume files)
BookIndex,vocab glossary:volume stale,Book Index,Volume Index,,Buch-Index,,Bandübersicht,toolbar button back from the mass editor to the list of all volumes
BookIsDownloading,vocab glossary:volume stale,Book is downloading,Volume is downloading,,Film ist am herunterladen,,Band wird heruntergeladen,
BookIsDownloadingInterp,vocab glossary:volume stale,Book is downloading - {0}% {1},Volume is downloading - {0}% {1},,Film lädt herunter - {0}% {1},,Band wird heruntergeladen - {0}% {1},
BookList,vocab glossary:volume stale,Book List,Volume List,,Buchliste,,Bandliste,
BookMonitoring,vocab glossary:volume stale,Book Monitoring,Volume Monitoring,,Buch-Beobachtung,,Überwachung der Bände,
BookNaming,vocab glossary:volume stale,Book Naming,Volume Naming,,Buchbenennung,,Benennung der Bände,
BookSearchInterval,missing,,Volume Search Interval,,,,Suchintervall für Bände,
BookSearchIntervalHelpText,missing,,Minutes between searches for missing volumes (min 30); 0 turns off missing and cutoff searches,,,,Minuten zwischen den Suchen nach fehlenden Bänden (min. 30); 0 schaltet die Suche nach fehlenden Bänden und nach nicht erreichter Schwelle ab,
BookStudio,vocab glossary:volume stale,Book Studio,Volume Studio,,Buchstudio,,Bandstudio,
BookTitle,vocab glossary:volume stale,Book Title,Volume Title,,Buchtitel,,Bandtitel,
Books,vocab glossary:volume stale,Books,Volumes,,Bücher,,Bände,
BookshelfAuthenticateWithGoodreads,missing,,Authenticate with Goodreads to retrieve bookshelves.,,,,"Mit Goodreads authentifizieren, um Bücherregale abzurufen.",
BookshelfCouldNotRetrieveFromGoodreads,missing,,Could not retrieve data from Goodreads.  Try re-authenticating.,,,,"Daten konnten nicht von Goodreads abgerufen werden. Versuchen Sie, sich erneut zu authentifizieren.",
BookshelfNoneFoundForGoodreadsUser,missing,,No bookshelves found for Goodreads user {user}.,,,,Keine Bücherregale für den Goodreads-Benutzer {user} gefunden.,
Bookshelves,missing,,Bookshelves,GoodreadsBookshelfImportList,,,Bücherregale,
BotToken,missing,,Bot Token,Telegram,,,Bot-Token,
ByWriter,missing,,by {writer},,,,von {writer},
BypassIfHighestQuality,upstream,,Bypass if Highest Quality,,Ignoriere wenn höchste Qualität,,Umgehen bei höchster Qualität,"upstream fix (fix round 1, I2)"
CCAddressEs,missing,,CC Address(es),Email,,,CC-Adresse(n),
CalendarFeed,missing,,{appName} Calendar Feed,,,,{appName}-Kalender-Feed,
CalendarLegendDownloaded,missing,,Volume was downloaded and sorted,,,,Band wurde heruntergeladen und einsortiert,
CalendarLegendDownloading,missing,,Volume is currently downloading,,,,Band wird gerade heruntergeladen,
CalendarLegendMissing,missing,,Volume file has not been found,,,,Banddatei wurde nicht gefunden,
CalendarLegendPartial,missing,,Volume was partially downloaded,,,,Band wurde teilweise heruntergeladen,
CalendarLegendUnmonitored,missing,,Volume is unmonitored,,,,Band wird nicht überwacht,
CalendarLegendUnreleased,missing,,Volume hasn't released yet,,,,Band ist noch nicht erschienen,
CalendarOptions,missing,,Calendar Options,,,,Kalenderoptionen,
CalibreContentServerText,readarr vocab glossary:volume stale,Using a Calibre Content Server (not Calibre Web) allows Readarr to add books to your Calibre library and trigger conversions between formats,Using a Calibre Content Server (not Calibre Web) allows Mangarr to add volumes to your Calibre library and trigger conversions between formats,,Mit einem Calibre Content Server (nicht Calibre Web) kann Readarr Bücher zu Ihrer Calibre Bibliothek hinzufügen und Konvertierungen zwischen Formaten auslösen,,Mit einem Calibre-Content-Server (nicht Calibre-Web) kann {appName} Bände zu Ihrer Calibre-Bibliothek hinzufügen und Konvertierungen zwischen Formaten auslösen,
CalibreContentServerUrl,missing,,Calibre Content Server URL,,,,URL des Calibre-Content-Servers,
CalibreContentServerUrlHelpText,missing,,"The Calibre content server, e.g. http://calibre:8081 — not the desktop GUI or Calibre-Web",,,,"Der Calibre-Content-Server, z. B. http://calibre:8081 — nicht die Desktop-Oberfläche oder Calibre-Web",
CalibreLibrary,upstream,,Calibre Library,,Calibre Bibliothek,,Calibre-Bibliothek,"upstream fix (fix round 1, Ruling)"
CalibreMetadata,upstream,,Calibre Metadata,,Calibre Metadaten,,Calibre-Metadaten,"upstream fix (fix round 1, Ruling)"
CalibreNotCalibreWeb,readarr stale,"Readarr can interface with Calibre's Content Server.  It cannot use Calibre-Web, which is unrelated software.","Mangarr can interface with Calibre's Content Server.  It cannot use Calibre-Web, which is unrelated software.",,"Readarr kann mit Calibre's Content Server zusammenarbeiten. Es kann Calibre-Web, welches eine unabhängige Software ist, nicht verwenden.",,"{appName} kann mit dem Content-Server von Calibre zusammenarbeiten. Calibre-Web, eine davon unabhängige Software, kann es nicht verwenden.",
CalibreOutputFormat,stale,Calibre output format,Calibre Output Format,,Calibre Ausgabeformat,,Calibre-Ausgabeformat,
CalibreOutputFormatInfo,missing,,"Specify the output format.  Options are: MOBI, EPUB, AZW3, DOCX, FB2, HTMLZ, LIT, LRF, PDB, PDF, PMLZ, RB, RTF, SNB, TCR, TXT, TXTZ, ZIP",,,,"Geben Sie das Ausgabeformat an. Möglich sind: MOBI, EPUB, AZW3, DOCX, FB2, HTMLZ, LIT, LRF, PDB, PDF, PMLZ, RB, RTF, SNB, TCR, TXT, TXTZ, ZIP",
CalibreOutputProfile,stale,Calibre output profile,Calibre Output Profile,,Calibre Ausgabeprofil,,Calibre-Ausgabeprofil,
CalibreOutputProfileInfo,missing,,"Specify the output profile. The output profile tells the Calibre conversion system how to optimize the created document for the specified device (such as by resizing images for the device screen size). In some cases, an output profile can be used to optimize the output for a particular device, but this is rarely necessary.",,,,"Geben Sie das Ausgabeprofil an. Das Ausgabeprofil teilt dem Konvertierungssystem von Calibre mit, wie das erstellte Dokument für das angegebene Gerät optimiert werden soll (z. B. durch Anpassen der Bildgröße an die Bildschirmgröße des Geräts). In manchen Fällen kann ein Ausgabeprofil die Ausgabe für ein bestimmtes Gerät optimieren, das ist aber selten nötig.",
CalibrePassword,upstream,,Calibre Password,,Calibre Passwort,,Calibre-Passwort,"upstream fix (fix round 1, Ruling)"
CalibrePathMappingHelpText,missing,,Only needed when Calibre and Mangarr see the library at different paths.,,,,"Nur nötig, wenn Calibre und {appName} die Bibliothek unter unterschiedlichen Pfaden sehen.",
CalibrePort,upstream,,Calibre Port,,Calibre Port,,Calibre-Port,"upstream fix (fix round 1, Ruling)"
CalibreRootFolderCheckDockerBadPath,missing,,You are using docker; Calibre for root folder {rootFolderName} reports files in {libraryFolder} but this is not a valid {osName} path.  Review your remote path mappings and download client settings.,,,,"Sie verwenden Docker; Calibre meldet für den Stammordner {rootFolderName} Dateien in {libraryFolder}, aber dies ist kein gültiger {osName}-Pfad. Überprüfen Sie Ihre Remote-Pfadzuordnungen und die Einstellungen des Download-Clients.",
CalibreRootFolderCheckDockerFileMissing,missing,,You are using docker; Calibre server for root folder {rootFolderName} listed file {file} but this file does not appear to exist inside the container.  Review permissions for {libraryFolder} and PUID/PGID container settings,,,,"Sie verwenden Docker; der Calibre-Server für den Stammordner {rootFolderName} hat die Datei {file} aufgeführt, aber diese Datei scheint im Container nicht zu existieren. Überprüfen Sie die Berechtigungen für {libraryFolder} und die PUID/PGID-Einstellungen des Containers",
CalibreRootFolderCheckDockerFolderMissing,missing,,You are using docker; Calibre server for root folder {rootFolderName} places downloads in {libraryFolder} but this directory does not appear to exist inside the container.  Review your remote path mappings and container volume settings.,,,,"Sie verwenden Docker; der Calibre-Server für den Stammordner {rootFolderName} legt Downloads in {libraryFolder} ab, aber dieses Verzeichnis scheint im Container nicht zu existieren. Überprüfen Sie Ihre Remote-Pfadzuordnungen und die Volume-Einstellungen des Containers.",exception: volume = a container volume
CalibreRootFolderCheckFilePermissions,missing,,Calibre server for root folder {rootFolderName} listed file {file} but {appName} cannot see this file.  Review permissions for {libraryFolder},,,,"Der Calibre-Server für den Stammordner {rootFolderName} hat die Datei {file} aufgeführt, aber {appName} kann diese Datei nicht sehen. Überprüfen Sie die Berechtigungen für {libraryFolder}",
CalibreRootFolderCheckFolderPermissions,missing,,Calibre server for root folder {rootFolderName} places downloads in {libraryFolder} but {appName} cannot see this directory.  You may need to adjust the folder's permissions or add a remote path mapping if Calibre is running in docker,,,,"Der Calibre-Server für den Stammordner {rootFolderName} legt Downloads in {libraryFolder} ab, aber {appName} kann dieses Verzeichnis nicht sehen. Möglicherweise müssen Sie die Berechtigungen des Ordners anpassen oder eine Remote-Pfadzuordnung hinzufügen, falls Calibre in Docker läuft",
CalibreRootFolderCheckLocalBadPath,missing,,Local Calibre server for root folder {rootFolderName} reports files in {libraryFolder} but this is not a valid {osName} path.  Review your download client settings.,,,,"Der lokale Calibre-Server für den Stammordner {rootFolderName} meldet Dateien in {libraryFolder}, aber dies ist kein gültiger {osName}-Pfad. Überprüfen Sie die Einstellungen Ihres Download-Clients.",
CalibreRootFolderCheckPathMismatch,missing,,Calibre for root folder {rootFolderName} reports files in {libraryFolder} but this is not the same as the root folder path {rootFolderPath} you chose.  You may need to edit any remote path mapping or delete the root folder and re-create with the correct path,,,,"Calibre meldet für den Stammordner {rootFolderName} Dateien in {libraryFolder}, aber das ist nicht der von Ihnen gewählte Stammordnerpfad {rootFolderPath}. Möglicherweise müssen Sie die Remote-Pfadzuordnung bearbeiten oder den Stammordner löschen und mit dem richtigen Pfad neu anlegen",
CalibreRootFolderCheckRemoteBadPath,missing,,Remote Calibre for root folder {rootFolderName} reports files in {libraryFolder} but this is not a valid {osName} path.  Review your remote path mappings and root folder settings.,,,,"Das entfernte Calibre meldet für den Stammordner {rootFolderName} Dateien in {libraryFolder}, aber dies ist kein gültiger {osName}-Pfad. Überprüfen Sie Ihre Remote-Pfadzuordnungen und die Einstellungen des Stammordners.",
CalibreRootFolderCheckRemoteFileMissing,missing,,Remote Calibre server for root folder {rootFolderName} listed file {file} but this file does not appear to exist.  Review permissions for {libraryFolder},,,,"Der entfernte Calibre-Server für den Stammordner {rootFolderName} hat die Datei {file} aufgeführt, aber diese Datei scheint nicht zu existieren. Überprüfen Sie die Berechtigungen für {libraryFolder}",
CalibreRootFolderCheckRemoteFolderMissing,missing,,Remote Calibre server for root folder {rootFolderName} places downloads in {libraryFolder} but this directory does not appear to exist.  Likely missing or incorrect remote path mapping.,,,,"Der entfernte Calibre-Server für den Stammordner {rootFolderName} legt Downloads in {libraryFolder} ab, aber dieses Verzeichnis scheint nicht zu existieren. Vermutlich fehlt eine Remote-Pfadzuordnung oder sie ist falsch.",
CalibreServerDefaultLibrary,missing,,Server Default,,,,Server-Standard,
CalibreServerDefaultLibraryNamed,missing,,Server Default ({name}),,,,Server-Standard ({name}),
CalibreSettings,upstream,,Calibre Settings,,Calibre Einstellungen,,Calibre-Einstellungen,"upstream fix (fix round 1, Ruling)"
CalibreUrlBase,stale,Calibre Url Base,Calibre URL Base,,Calibre Url-Basis,,Calibre-URL-Basis,
CalibreUsername,upstream,,Calibre Username,,Calibre Nutzername,,Calibre-Benutzername,"upstream fix (fix round 1, Ruling)"
CancelPendingTask,upstream,,Are you sure you want to cancel this pending task?,,Diese laufende Aufgabe wirklich abbrechen?,,"Sind Sie sicher, dass Sie diese ausstehende Aufgabe abbrechen möchten?","upstream fix: pending, was 'laufende' (running)"
Categories,missing,,Categories,FileList Newznab,,,Kategorien,
Category,missing,,Category,Deluge DownloadStation Hadouken Nzbget QBittorrent RTorrent Sabnzbd Transmission UTorrent,,,Kategorie,
ChangeEdition,missing,,Change Edition,,,,Ausgabe ändern,
Channel,missing,,Channel,Slack,,,Kanal,
ChannelTags,missing,,Channel Tags,PushBullet,,,Kanal-Tags,
ChatID,missing,,Chat ID,Telegram,,,Chat-ID,
CheckDownloadClientForDetails,missing,,check download client for more details,,,,weitere Details im Download-Client,lower-case fragment appended after a status such as 'Download failed: '
ChmodFolderHelpTextWarning,readarr stale,This only works if the user running Readarr is the owner of the file. It's better to ensure the download client sets the permissions properly.,This only works if the user running Mangarr is the owner of the file. It's better to ensure the download client sets the permissions properly.,,"Dies funktioniert nur, wenn der Benutzer, der Readarr ausführt, der Eigentümer der Datei ist. Es ist besser, sicherzustellen, dass der Download-Client die Berechtigungen richtig setzt.",,"Dies funktioniert nur, wenn der Benutzer, der {appName} ausführt, Eigentümer der Datei ist. Besser ist es, sicherzustellen, dass der Download-Client die Berechtigungen richtig setzt.",
ChooseAudiobookshelfLibrary,missing,,Choose a Library,,,,Bibliothek auswählen,
ChooseImportMethod,upstream,,Choose Import Method,,Wähle eine Importmethode,,Importmethode wählen,"upstream fix (fix round 1, I2)"
ChownGroupHelpTextWarning,stale,This only works if the user running Readarr is the owner of the file. It's better to ensure the download client uses the same group as Readarr.,This only works if the user running Mangarr is the owner of the file. It's better to ensure the download client uses the same group as Mangarr.,,"Dies funktioniert nur, wenn der Benutzer, der {appName} ausführt, der Eigentümer der Datei ist. Es ist besser, sicherzustellen, dass der Download-Client die gleiche Gruppe wie {appName} verwendet.",,"Dies funktioniert nur, wenn der Benutzer, der {appName} ausführt, Eigentümer der Datei ist. Besser ist es, sicherzustellen, dass der Download-Client dieselbe Gruppe wie {appName} verwendet.",
ClickURL,missing,,Click URL,Ntfy,,,Klick-URL,
ClientID,missing,,Client ID,MangaDex,,,Client-ID,
ClientSecret,missing,,Client Secret,MangaDex,,,Client-Geheimnis,
CloseCurrentModal,missing,,Close Current Modal,,,,Aktuellen Dialog schließen,
CollapseMultipleBooks,vocab glossary:volume stale,Collapse Multiple Books,Collapse Multiple Volumes,,Mehrere Bücher einklappen,,Mehrere Bände zusammenfassen,
CollapseMultipleBooksHelpText,vocab glossary:volume stale,Collapse multiple books releasing on the same day,Collapse multiple volumes releasing on the same day,,Mehrere Bücher mit demselben Erscheinungsdatum zusammenklappen,,"Mehrere Bände, die am selben Tag erscheinen, zusammenfassen",
Collections,missing,,Collections,,,,Sammlungen,
CombineWithExistingFiles,missing,,Combine With Existing Files,,,,Mit vorhandenen Dateien kombinieren,
CombineWithExistingFilesStatus,missing,,Combine with existing files,,,,Mit vorhandenen Dateien kombinieren,
ComingSoon,missing,,Coming Soon,,,,Demnächst,
CompletedDownloadHandling,upstream,,Completed Download Handling,,Download-Handhabung abgeschlossen,,Behandlung abgeschlossener Downloads,upstream fix: was 'download handling completed'
Condition,missing,,Condition,GoodreadsOwnedBooksNotification,,,Zustand,Goodreads owned-book notification: the physical condition of the owned copy
ConditionDescription,missing,,Condition Description,GoodreadsOwnedBooksNotification,,,Zustandsbeschreibung,
ConditionUsingRegularExpressions,missing,,This condition matches using Regular Expressions. Note that the characters <code>\^$.|?*+()[{</code> have special meanings and need escaping with a <code>\</code>,,,,"Diese Bedingung verwendet reguläre Ausdrücke. Beachten Sie, dass die Zeichen <code>\^$.|?*+()[{</code> eine besondere Bedeutung haben und mit einem <code>\</code> maskiert werden müssen",
ConfirmImportExistingFilesWarning,missing,,"You already have files imported for the volumes listed below.  If you continue, the existing files {willBeDeleted} and the new files imported in their place. To avoid deleting existing files, press 'Cancel' and use the 'Combine with existing files' option.",,,,"Für die unten aufgeführten Bände wurden bereits Dateien importiert. Wenn Sie fortfahren, werden die neuen Dateien an Stelle der vorhandenen importiert, und die vorhandenen Dateien {willBeDeleted}. Um das Löschen vorhandener Dateien zu vermeiden, klicken Sie auf 'Abbrechen' und verwenden Sie die Option 'Mit vorhandenen Dateien kombinieren'.",clauses reordered so the bold {willBeDeleted} (werden gelöscht) ends a main clause
ConfirmImportWillBeDeleted,missing,,will be deleted,,,,werden gelöscht,fills {willBeDeleted}: '... und die vorhandenen Dateien werden gelöscht.'
ConnectToTwitter,missing,,Connect to Twitter,Twitter,,,Mit Twitter verbinden,
ConnectionLostReconnect,upstream,,"{appName} will try to connect automatically, or you can click reload below.",,"{appName} wird versuchen, automatisch eine Verbindung herzustellen, oder Sie können unten auf „Neu laden“ klicken.",,"{appName} wird versuchen, automatisch eine Verbindung herzustellen, oder Sie können unten auf 'Neu laden' klicken.","upstream fix (fix round 1, ruling 2: single quotes throughout; quote marks only)"
ConsumerKey,missing,,Consumer Key,Twitter,,,Consumer-Schlüssel,
ConsumerSecret,missing,,Consumer Secret,Twitter,,,Consumer-Geheimnis,
Continuing,upstream,,Continuing,,Fortsetzung,,Laufend,"upstream fix: a series status, was 'Fortsetzung' (a sequel)"
ContinuingAllBooksDownloaded,vocab glossary:volume stale,Continuing (All books downloaded),Continuing (All volumes downloaded),,Fortfahren (Alle Bücher heruntergeladen),,Laufend (alle Bände heruntergeladen),
ContinuingMoreBooksAreExpected,vocab glossary:volume stale,More books are expected,More volumes are expected,,Weitere Bücher werden erwartet,,Weitere Bände werden erwartet,
ContinuingNoAdditionalBooksAreExpected,vocab glossary:volume stale,No additional books are expected,No additional volumes are expected,,Keine weiteren Bücher werden erwartet,,Keine weiteren Bände erwartet,
ContinuingOnly,missing,,Continuing Only,,,,Nur laufende,
Convert,missing,,Convert,,,,Umwandeln,
ConvertLightNovelFormatConfirm,missing,,"Convert up to {count} ebook(s) in this series to {format}? Calibre converts one book at a time, so this may take a while.",,,,"Bis zu {count} E-Book(s) dieser Serie in {format} umwandeln? Calibre wandelt ein Buch nach dem anderen um, das kann also eine Weile dauern.",exception: calibre's own unit is the book
ConvertLightNovelToFormat,missing,,Convert to {format},,,,In {format} umwandeln,
ConvertLightNovelToFormatTooltip,missing,,Queue a Calibre conversion to {format} for every ebook in this series that doesn't already have it,,,,"Für jedes E-Book dieser Serie, das noch nicht in {format} vorliegt, eine Calibre-Umwandlung in die Warteschlange stellen",
ConvertPdfToCbz,missing,,Convert PDF,,,,PDF umwandeln,
ConvertPdfToCbzTooltip,missing,,"Convert this volume's PDF to CBZ (lossless). The original PDF is moved to a holding folder, never deleted.",,,,"Das PDF dieses Bandes verlustfrei in CBZ umwandeln. Das ursprüngliche PDF wird in einen Warteordner verschoben, nie gelöscht.",
Cookie,missing,,Cookie,TorrentRssIndexer,,,Cookie,
CopyInPendingMessage,missing,,Import pending: the ebooks and audiobooks you already own are being imported; automatic searches wait until it finishes.,,,,"Import ausstehend: Die E-Books und Hörbücher, die Sie bereits besitzen, werden importiert; automatische Suchen warten, bis der Import abgeschlossen ist.",
CopyInPendingSearchHeld,missing,,Searches wait until the files you already own are imported,,,,"Suchen warten, bis die Dateien, die Sie bereits besitzen, importiert sind",
CopyUsingHardlinksHelpText,readarr stale,Hardlinks allow Readarr to import seeding torrents to the the series folder without taking extra disk space or copying the entire contents of the file. Hardlinks will only work if the source and destination are on the same volume,Hardlinks allow Mangarr to import seeding torrents to the series folder without taking extra disk space or copying the entire contents of the file. Hardlinks will only work if the source and destination are on the same volume,,"Hardlinks ermöglichen es Readarr, seeding Torrents in den Serienordner zu importieren, ohne zusätzlichen Speicherplatz zu beanspruchen oder den gesamten Inhalt der Datei zu kopieren. Hardlinks funktionieren nur, wenn Quelle und Ziel auf demselben Volume liegen",,"Hardlinks ermöglichen es {appName}, Torrents, die noch geseedet werden, in den Serienordner zu importieren, ohne zusätzlichen Speicherplatz zu belegen oder den gesamten Dateiinhalt zu kopieren. Hardlinks funktionieren nur, wenn Quelle und Ziel auf demselben Volume liegen",exception: volume = a disk volume
CopyUsingHardlinksHelpTextWarning,readarr stale,"Occasionally, file locks may prevent renaming files that are being seeded. You may temporarily disable seeding and use Readarr's rename function as a work around.","Occasionally, file locks may prevent renaming files that are being seeded. You may temporarily disable seeding and use Mangarr's rename function as a work around.",,"Dateisperren Gelegentlich kann es vorkommen, dass Dateisperren das Umbenennen von Dateien verhindern, die gerade geseeded werden. Sie können das Seeding vorübergehend deaktivieren und die Umbenennungsfunktion von Readarr als Workaround verwenden.",,"Gelegentlich können Dateisperren das Umbenennen von Dateien verhindern, die gerade geseedet werden. Als Workaround können Sie das Seeding vorübergehend deaktivieren und die Umbenennungsfunktion von {appName} verwenden.",
CouldNotConnectSignalR,missing,,"Could not connect to SignalR, UI won't update",,,,"Keine Verbindung zu SignalR möglich, die Oberfläche wird nicht aktualisiert",
CountAuthorsSelected,vocab glossary:series stale,{selectedCount} author(s) selected,{selectedCount} series selected,,{selectedCount} Künstler ausgewählt,,{selectedCount} Serie(n) ausgewählt,
CountDownloadClientsSelected,tokens,{selectedCount} download client(s) selected,{selectedCount} download client(s) selected,,{count} Download-Client(s) ausgewählt,,{selectedCount} Download-Client(s) ausgewählt,
CountImportListsSelected,vocab,{selectedCount} import list(s) selected,{selectedCount} import list(s) selected,,{selectedCount} Künstler ausgewählt,,{selectedCount} Importliste(n) ausgewählt,
CountInLibrary,missing,,{count} of {total} in Library,,,,{count} von {total} in der Bibliothek,
CountPages,missing,,{count} pages,,,,{count} Seiten,
CountVolumes,missing,,{count} volumes,,,,{count} Bände,
CountVolumesInParentheses,missing,,({count} Volumes),,,,({count} Bände),
CountVolumesOne,missing,,1 volume,,,,1 Band,
CoverUrl,missing,,Cover URL,,,,Cover-URL,
CoveredByVolume,missing,,Covered by Vol. {volume},,,,Enthalten in Band {volume},
CoveredByVolumeInput,missing,,Covered by volume,,,,Enthalten in Band,
CoveredByVolumeInputHelpText,missing,,The volume whose audiobook file contains this one; blank = not covered,,,,"Der Band, dessen Hörbuchdatei diesen enthält; leer = nicht enthalten",
CreateEmptyAuthorFolders,vocab glossary:series stale,Create empty author folders,Create empty series folders,,Leere Filmordner erstellen,,Leere Serienordner erstellen,
CreateEmptyAuthorFoldersHelpText,vocab glossary:series stale,Create missing author folders during disk scan,Create missing series folders during disk scan,,Leere Autorenordner für fehlende Autoren beim Scan erstellen,,Fehlende Serienordner beim Festplattenscan erstellen,
Custom,missing,,Custom,,,,Benutzerdefiniert,
CustomFilters,missing,,Custom Filters,,,,Benutzerdefinierte Filter,
CustomFormatHelpText,missing,,"{appName} scores each release using the sum of scores for matching custom formats. If a new release would improve the score, at the same or better quality, then {appName} will grab it.",,,,"{appName} bewertet jedes Release mit der Summe der Punktzahlen der passenden benutzerdefinierten Formate. Wenn ein neues Release die Punktzahl bei gleicher oder besserer Qualität verbessern würde, holt {appName} es.",
CustomFormatJson,missing,,Custom Format JSON,,,,JSON des benutzerdefinierten Formats,
CustomFormatScoreIconTitle,missing,,Custom format score,,,,Punktzahl benutzerdefinierter Formate,
CustomFormatsConditionsInfo,missing,,{appName} supports custom conditions against the release properties below.,,,,{appName} unterstützt benutzerdefinierte Bedingungen für die folgenden Release-Eigenschaften.,
CustomFormatsSettingsSummary,missing,,Custom Formats and Settings,,,,Benutzerdefinierte Formate und Einstellungen,
CustomFormatsSpecificationRegularExpression,upstream,,Regular Expression,RegexSpecificationBase,Regulären Ausdruck,,Regulärer Ausdruck,"upstream fix (fix round 1, Minor)"
CustomScriptArgumentsHelpText,missing,,Arguments to pass to the script,CustomScript,,,"Argumente, die an das Skript übergeben werden",
CutoffFormatScoreHelpText,glossary:volume stale,Once this custom format score is reached Readarr will no longer grab book releases,Once this custom format score is reached Mangarr will no longer grab volume releases,,"Sobald diese eigener Format Bewertung erreicht wird, werden keine neuen Releases erfasst",,"Sobald diese Punktzahl für benutzerdefinierte Formate erreicht ist, holt {appName} keine Releases für Bände mehr",
CutoffHelpText,glossary:volume stale,Once this quality is reached Readarr will no longer download books,Once this quality is reached Mangarr will no longer download volumes,,"Sobald diese Qualität erreicht wird, werden keine neuen Releases erfasst",,"Sobald diese Qualität erreicht ist, lädt {appName} keine Bände mehr herunter",
CutoffNotMet,missing,,Cutoff Not Met,,,,Schwelle nicht erreicht,
DataAllBooks,vocab glossary:volume stale,Monitor all books,Monitor all volumes,,Alle Bücher überwachen,,Alle Bände überwachen,
DataExistingBooks,vocab glossary:volume stale,Monitor books that have files or have not released yet,Monitor volumes that have files or have not released yet,,Beobachte Bücher die Dateien haben oder noch nicht veröffentlicht wurden,,"Bände überwachen, die Dateien haben oder noch nicht erschienen sind",
DataFirstBook,vocab glossary:volume stale,Monitor the first book. All other books will be ignored,Monitor the first volume. All other volumes will be ignored,,Beobachte das erste Buch. Alle anderen Bücher werden ignoriert,,Den ersten Band überwachen. Alle anderen Bände werden ignoriert,
DataFutureBooks,vocab glossary:volume stale,Monitor books that have not released yet,Monitor volumes that have not released yet,,Überwachung von Alben die noch nicht veröffentlicht wurden,,"Bände überwachen, die noch nicht erschienen sind",
DataLatestBook,vocab glossary:volume stale,Monitor the latest book and future books,Monitor the latest volume and future volumes,,Die neusten und zukünftigen Bücher überwachen,,Den neuesten Band und künftige Bände überwachen,
DataListMonitorAll,vocab glossary:series glossary:volume stale,Monitor authors and all books for each author included on the import list,Monitor series and all volumes for each series included on the import list,,Autoren und alle Bücher für jeden Autor werden auf der Import-Liste miteinbezogen,,Serien und alle Bände jeder Serie auf der Importliste überwachen,
DataListMonitorNone,vocab glossary:series glossary:volume stale,Do not monitor authors or books,Do not monitor series or volumes,,Autoren oder Bücher nicht überwachen,,Weder Serien noch Bände überwachen,
DataListMonitorSpecificBook,vocab glossary:series glossary:volume stale,"Monitor authors, but only monitor books explicitly included in the list","Monitor series, but only monitor volumes explicitly included in the list",,"Autoren überwachen aber nur Bücher überwachen, welche explizit in der Liste miteinbezogen wurden",,"Serien überwachen, aber nur die Bände, die ausdrücklich in der Liste enthalten sind",
DataMissingBooks,vocab glossary:volume stale,Monitor books that do not have files or have not released yet,Monitor volumes that do not have files or have not released yet,,"Beobachte Bücher, die noch keine Dateien haben oder noch nicht veröffentlicht wurden",,"Bände überwachen, die keine Dateien haben oder noch nicht erschienen sind",
DataNewAllBooks,vocab glossary:volume stale,Monitor all new books,Monitor all new volumes,,Alle neuen Bücher überwachen,,Alle neuen Bände überwachen,
DataNewBooks,vocab glossary:volume stale,Monitor new books released after the newest existing book,Monitor new volumes released after the newest existing volume,,"Alle neuen Bücher, welche nach dem neusten existierenden Buch veröffentlicht werden, überwachen",,"Neue Bände überwachen, die nach dem neuesten vorhandenen Band erscheinen",
DataNewNone,vocab glossary:volume stale,Don't monitor any new books,Don't monitor any new volumes,,Keine neuen Bücher überwachen,,Keine neuen Bände überwachen,
DataNone,vocab glossary:volume stale,No books will be monitored,No volumes will be monitored,,Es werden keine Bücher beobachtet,,Es werden keine Bände überwacht,
Date,missing,,Date,,,,Datum,
DateAdded,missing,,Date Added,,,,Hinzugefügt am,
Dates,upstream,,Dates,,Termine,,Datumsangaben,"upstream fix: the UI settings date-format section, was 'Termine' (appointments)"
Day,missing,,Day,,,,Tag,
DefaultCase,missing,,Default Case,,,,Standard-Groß-/Kleinschreibung,
DefaultDelayProfileSeries,missing,,This is the default profile. It applies to all series that don't have an explicit profile.,,,,"Dies ist das Standardprofil. Es gilt für alle Serien, die kein eigenes Profil haben.",
DefaultMetadataProfileIdHelpText,vocab glossary:series stale,Default Metadata Profile for authors detected in this folder,Default Metadata Profile for series detected in this folder,,Standard Metadaten Profil für in diesem Ordner erkannte Autoren,,"Standard-Metadatenprofil für Serien, die in diesem Ordner erkannt werden",
DefaultMonitorOptionHelpText,vocab glossary:series glossary:volume stale,Which books should be monitored on initial add for authors detected in this folder,Which volumes should be monitored on initial add for series detected in this folder,,"Welche Bücher sollen beim erstmaligen Hinzufügen von Autoren, die in diesem Ordner gefunden wurden beobachtet werden",,"Welche Bände beim ersten Hinzufügen von Serien, die in diesem Ordner erkannt werden, überwacht werden sollen",
DefaultNameCopied,missing,,{name} - Copy,,,,{name} - Kopie,
DefaultQualityProfileIdHelpText,vocab glossary:series stale,Default Quality Profile for authors detected in this folder,Default Quality Profile for series detected in this folder,,"Standard Qualitätsprofil für Autoren, die in diesem Ordner gefunden werden",,"Standard-Qualitätsprofil für Serien, die in diesem Ordner erkannt werden",
DefaultReadarrTags,readarr stale,Default Readarr Tags,Default Mangarr Tags,,Standard Readarr Tags,,Standard-Tags für {appName},
DefaultTagsHelpText,readarr vocab glossary:series stale,Default Readarr Tags for authors detected in this folder,Default Mangarr Tags for series detected in this folder,,"Standard Readarr Tags für Autoren, die in diesem Ordner gefunden werden",,"Standard-Tags für {appName} für Serien, die in diesem Ordner erkannt werden",
DelayMinutes,missing,,{delay} Minutes,,,,{delay} Minuten,
DelayProfileProtocol,missing,,Protocol: {preferredProtocol},,,,Protokoll: {preferredProtocol},
DeleteBookFile,vocab glossary:volume stale,Delete Book File,Delete Volume File,,Buchdatei löschen,,Banddatei löschen,
DeleteConditionMessageText,upstream,,Are you sure you want to delete condition '{name}'?,,"Bist du sicher, dass du die Bedingung '{name}' löschen möchtest?",,"Sind Sie sicher, dass Sie die Bedingung '{name}' löschen möchten?","upstream fix (fix round 1, I1)"
DeleteCustomFormatMessageText,upstream,,Are you sure you want to delete the custom format '{name}'?,,"Bist du sicher, dass du das benutzerdefinierte Format '{name}' wirklich löschen willst?",,"Sind Sie sicher, dass Sie das benutzerdefinierte Format '{name}' löschen möchten?","upstream fix (fix round 1, I1)"
DeleteDownloadClientMessageText,upstream,,Are you sure you want to delete the download client '{name}'?,,"Bist du sicher, dass du den Download Client '{name}' wirklich löschen willst?",,"Sind Sie sicher, dass Sie den Download-Client '{name}' löschen möchten?","upstream fix (fix round 1, I1)"
DeleteEmptyFoldersHelpText,vocab glossary:series glossary:volume stale,Delete empty author folders during disk scan and when book files are deleted,Delete empty series folders during disk scan and when volume files are deleted,,Lösche leere Autorordner während des Scans oder wenn Buchdateien gelöscht werden,,Leere Serienordner beim Festplattenscan und beim Löschen von Banddateien löschen,
DeleteFile,missing,,Delete File,,,,Datei löschen,
DeleteFiles,missing,,Delete Files,,,,Dateien löschen,
DeleteFilesHelpText,vocab glossary:series glossary:volume stale,Delete the book files and author folder,Delete the volume files and series folder,,Lösche die Buchdateien und Autorordner,,Die Banddateien und den Serienordner löschen,
DeleteFormat,upstream,,Delete Format,,Formatierung löschen,,Format löschen,upstream fix: was 'Formatierung' (text formatting)
DeleteFormatMessageText,upstream,,Are you sure you want to delete format tag '{0}'?,,"Bist du sicher, dass du das Format-Tag '{0}' löschen möchtest?",,"Sind Sie sicher, dass Sie das Format-Tag '{0}' löschen möchten?","upstream fix (fix round 1, I1)"
DeleteImportListExclusionMessageText,upstream,,Are you sure you want to delete this import list exclusion?,,"Bist du sicher, dass du diesen Importlisten Ausschluss löschen willst?",,"Sind Sie sicher, dass Sie diesen Importlisten-Ausschluss löschen möchten?","upstream fix (fix round 1, I1)"
DeleteImportListMessageText,upstream,,Are you sure you want to delete the list '{name}'?,,"Bist du sicher, dass du die Liste '{name}' wirklich löschen willst?",,"Sind Sie sicher, dass Sie die Liste '{name}' löschen möchten?","upstream fix (fix round 1, I1)"
DeleteIndexerMessageText,upstream,,Are you sure you want to delete the indexer '{name}'?,,"Bist du sicher, dass du den Indexer '{name}' wirklich löschen willst?",,"Sind Sie sicher, dass Sie den Indexer '{name}' löschen möchten?","upstream fix (fix round 1, I1)"
DeleteMetadataProfileMessageText,upstream,,Are you sure you want to delete the metadata profile '{name}'?,,"Bist du sicher, dass du das Qualitätsprofil '{name}' wirklich löschen willst?",,"Sind Sie sicher, dass Sie das Metadatenprofil '{name}' löschen möchten?",upstream fix: said Qualitätsprofil
DeleteNotificationMessageText,upstream,,Are you sure you want to delete the notification '{name}'?,,"Bist du sicher, dass du die Benachrichtigung '{name}' wirklich löschen willst?",,"Sind Sie sicher, dass Sie die Benachrichtigung '{name}' löschen möchten?","upstream fix (fix round 1, I1)"
DeleteQualityProfileMessageText,upstream,,Are you sure you want to delete the quality profile '{name}'?,,"Bist du sicher, dass du das Qualitätsprofil '{name}' wirklich löschen willst?",,"Sind Sie sicher, dass Sie das Qualitätsprofil '{name}' löschen möchten?","upstream fix (fix round 1, I1)"
DeleteReleaseProfileMessageText,upstream,,Are you sure you want to delete this Release Profile?,,"Bist du sicher, dass du dieses Release-Profil löschen willst?",,"Sind Sie sicher, dass Sie dieses Release-Profil löschen möchten?","upstream fix (fix round 1, I1)"
DeleteRootFolderMessageText,upstream,,Are you sure you want to delete the root folder '{name}'?,,"Bist du sicher, dass du den Root-Ordner '{name}' wirklich löschen willst?",,"Sind Sie sicher, dass Sie den Stammordner '{name}' löschen möchten?","upstream fix (fix round 1, I1)"
DeleteSelectedBookFiles,vocab glossary:volume stale,Delete Selected Book Files,Delete Selected Volume Files,,Ausgewählte Filmdateien löschen,,Ausgewählte Banddateien löschen,
DeleteSelectedBookFilesMessageText,vocab glossary:volume stale,Are you sure you want to delete the selected book files?,Are you sure you want to delete the selected volume files?,,Ausgewählte Filme wirklich löschen?,,"Sind Sie sicher, dass Sie die ausgewählten Banddateien löschen möchten?",
DeleteSelectedDownloadClients,upstream,,Delete Download Client(s),,Lösche Download Client(s),,Download-Client(s) löschen,"upstream fix (fix round 1, I2)"
DeleteSelectedImportLists,upstream,,Delete Import List(s),,Lösche Einspiel Liste,,Importliste(n) löschen,"upstream fix (fix round 1, I2)"
DeleteSelectedIndexers,upstream,,Delete Indexer(s),,Lösche Indexer,,Indexer löschen,"upstream fix (fix round 1, I2)"
DeleteSelectedSeries,missing,,Delete Selected Series,,,,Ausgewählte Serien löschen,
DeleteSelectedSeriesMessageText,missing,,Are you sure you want to delete {count} selected series?,,,,"Sind Sie sicher, dass Sie die ausgewählten Serien ({count}) löschen möchten?",count in parentheses: German plural needs no (n) juggling
DeleteSelectedSeriesWithFilesMessageText,missing,,Are you sure you want to delete {count} selected series and all their contents?,,,,"Sind Sie sicher, dass Sie die ausgewählten Serien ({count}) mit ihrem gesamten Inhalt löschen möchten?",
DeleteSelectedVolumes,missing,,Delete Selected Volumes,,,,Ausgewählte Bände löschen,
DeleteSelectedVolumesMessageText,missing,,Are you sure you want to delete {count} selected volume(s)?,,,,"Sind Sie sicher, dass Sie die ausgewählten Bände ({count}) löschen möchten?",
DeleteSelectedVolumesWithFilesMessageText,missing,,Are you sure you want to delete {count} selected volume(s) and their files?,,,,"Sind Sie sicher, dass Sie die ausgewählten Bände ({count}) mit ihren Dateien löschen möchten?",
DeleteSeriesFolder,missing,,Delete Series Folder,,,,Serienordner löschen,
DeleteSeriesFolderHelpText,missing,,Delete the series folder and its contents,,,,Den Serienordner und seinen Inhalt löschen,
DeleteSeriesFolders,missing,,Delete Series Folders,,,,Serienordner löschen,
DeleteSeriesFoldersHelpText,missing,,Delete the series folders and their contents,,,,Die Serienordner und ihren Inhalt löschen,
DeleteSeriesModalHeader,missing,,Delete - {authorName},,,,Löschen - {authorName},
DeleteVolumeFilesCount,missing,,Delete {count} Volume Files,,,,{count} Banddateien löschen,
DeleteVolumeFilesHelpText,missing,,Delete the volume files,,,,Die Banddateien löschen,
DeleteVolumeModalHeader,missing,,Delete - {title},,,,Löschen - {title},
DelugeMusicCategoryHelpText,missing,,"Adding a category specific to Mangarr avoids conflicts with unrelated non-Mangarr downloads. Using a category is optional, but strongly recommended.",Deluge NzbVortex Nzbget QBittorrent RTorrent Sabnzbd UTorrent,,,"Eine eigene Kategorie für {appName} vermeidet Konflikte mit Downloads, die nichts mit {appName} zu tun haben. Eine Kategorie ist optional, wird aber dringend empfohlen.","shared by 7 download clients; key named after Deluge/Lidarr, translated by the English"
DelugeMusicImportedCategoryHelpText,missing,,Category for Mangarr to set after it has imported the download. Mangarr will not remove torrents in that category even if seeding finished. Leave blank to keep same category.,Deluge RTorrent,,,"Kategorie, die {appName} nach dem Import des Downloads setzt. {appName} entfernt Torrents in dieser Kategorie nicht, auch wenn das Seeding abgeschlossen ist. Leer lassen, um die Kategorie beizubehalten.",
DelugeOlderTvPriorityHelpText,missing,,Priority to use when grabbing books that were released over 14 days ago,Deluge,,,"Priorität beim Holen von Bänden, die vor mehr als 14 Tagen erschienen sind",en says books: translated as volumes
DelugeRecentTvPriorityHelpText,missing,,Priority to use when grabbing books that were released within the last 14 days,Deluge,,,"Priorität beim Holen von Bänden, die in den letzten 14 Tagen erschienen sind",en says books: translated as volumes
DelugeUrlBase,missing,,Url Base,Deluge Flood Hadouken NzbVortex Nzbget QBittorrent Sabnzbd Subsonic Transmission UTorrent,,,URL-Basis,
DelugeUrlBaseHelpText,missing,,"Adds a prefix to the deluge json url, see http://[host]:[port]/[urlBase]/json",Deluge,,,"Fügt der JSON-URL von Deluge ein Präfix hinzu, siehe http://[host]:[port]/[urlBase]/json",
DelugeUseSslHelpText,missing,,Use secure connection when connecting to Deluge,Deluge,,,Beim Verbinden mit Deluge eine sichere Verbindung verwenden,
Destination,missing,,Destination,Flood,,,Ziel,
Details,missing,,Details,,,,Details,
DeviceIDs,missing,,Device IDs,Join PushBullet,,,Geräte-IDs,
DeviceNames,missing,,Device Names,Join,,,Gerätenamen,
Devices,missing,,Devices,Pushover,,,Geräte,
DirectMessage,missing,,Direct Message,Twitter,,,Direktnachricht,
Directory,missing,,Directory,DownloadStation RTorrent Transmission,,,Verzeichnis,
DiscographySeedTime,missing,,Discography Seed Time,SeedCriteria,,,Seed-Zeit für Komplettpakete,SeedCriteria: Lidarr's discography = a whole-series pack; seed-time wording follows de IndexerSettingsSeedTime
DiscordAuthorHelpText,missing,,"Override the Host that shows for this notification, Blank is machine name",Discord,,,"Den Host überschreiben, der für diese Benachrichtigung angezeigt wird; leer = Rechnername",
DiscordAvatarHelpText,missing,,Change the avatar that is used for messages from this integration,Discord,,,"Den Avatar ändern, der für Nachrichten dieser Integration verwendet wird",
DiscordUsernameHelpText,missing,,"The username to post as, defaults to Discord webhook default",Discord,,,"Der Benutzername, unter dem gepostet wird; standardmäßig der des Discord-Webhooks",
DiscordWebHookUrlHelpText,missing,,Discord channel webhook url,Discord,,,Webhook-URL des Discord-Kanals,
DoNotBlocklist,upstream,,Do not Blocklist,,Nicht Sperren,,Nicht zur Sperrliste hinzufügen,upstream fix (blocklist = Sperrliste)
DoNotBlocklistHint,upstream,,Remove without blocklisting,,Entfernen ohne Sperren,,"Entfernen, ohne zur Sperrliste hinzuzufügen",upstream fix (blocklist = Sperrliste)
DoNotPrefer,missing,,Do not Prefer,,,,Nicht bevorzugen,
DoNotUpgradeAutomatically,missing,,Do not Upgrade Automatically,,,,Nicht automatisch upgraden,
DoneEditingGroups,missing,,Done Editing Groups,,,,Bearbeiten der Gruppen beenden,
Download,missing,,Download,,,,Herunterladen,
DownloadClient,upstream,,Download Client,,Downloader,,Download-Client,"upstream fix (fix round 1, I4)"
DownloadClientCheckNoneAvailableMessage,upstream,,No download client is available,,Kein Download Client verfügbar,,Kein Download-Client verfügbar,"upstream fix (fix round 1, I4)"
DownloadClientRemovesCompletedDownloadsHealthCheckMessage,tokens,Download client {0} is set to remove completed downloads. This can result in downloads being removed from your client before {1} can import them.,Download client {0} is set to remove completed downloads. This can result in downloads being removed from your client before {1} can import them.,,"Der Download-Client {downloadClientName} ist so eingestellt, dass abgeschlossene Downloads entfernt werden. Dies kann dazu führen, dass Downloads von Ihrem Client entfernt werden, bevor {appName} sie importieren kann.",,"Der Download-Client {0} ist so eingestellt, dass abgeschlossene Downloads entfernt werden. Dadurch können Downloads aus Ihrem Client entfernt werden, bevor {1} sie importieren kann.",
DownloadClientSettings,upstream,,Download Client Settings,,Downloader Einstellungen,,Download-Client-Einstellungen,"upstream fix (fix round 1, I4)"
DownloadClientStatusCheckAllClientMessage,upstream,,All download clients are unavailable due to failures,,Alle Download Clients sind aufgrund von Fehlern nicht verfügbar,,Alle Download-Clients sind aufgrund von Fehlern nicht verfügbar,"upstream fix (fix round 1, I4)"
DownloadClientStatusCheckSingleClientMessage,upstream,,Download clients unavailable due to failures: {0},,Download Clients aufgrund von Fehlern nicht verfügbar: {0},,Download-Clients aufgrund von Fehlern nicht verfügbar: {0},"upstream fix (fix round 1, I4)"
DownloadClientTagHelpText,vocab glossary:series stale,Only use this download client for authors with at least one matching tag. Leave blank to use with all authors.,Only use this download client for series with at least one matching tag. Leave blank to use with all series.,,Benutze den Indexer nur für Filme mit mindesens einen zutreffenden Tag. Leer lassen für alle Filme.,,"Diesen Download-Client nur für Serien mit mindestens einem passenden Tag verwenden. Leer lassen, um ihn für alle Serien zu verwenden.",
DownloadClients,upstream,,Download Clients,,Download Clients,,Download-Clients,"upstream fix (fix round 1, I4)"
DownloadClientsLoadError,missing,,Unable to load download clients.,,,,Download-Clients konnten nicht geladen werden.,
DownloadClientsSettingsSummary,upstream,,"Download clients, download handling and remote path mappings",,"Download Clients, Download-Verwaltung und Remote-Pfadzuordnungen",,"Download-Clients, Download-Verwaltung und Remote-Pfadzuordnungen","upstream fix (fix round 1, I4)"
DownloadCompleted,missing,,Download Completed,,,,Download abgeschlossen,
DownloadFailed,missing,,Download Failed,,,,Download fehlgeschlagen,
DownloadFailedCheckDownloadClientForMoreDetails,upstream,,Download failed: check download client for more details,,Download fehlgeschlagen: Prüfe den Downloader für mehr Details,,Download fehlgeschlagen: Weitere Details finden Sie im Download-Client,"upstream fix (fix round 1, I2)"
DownloadIgnored,missing,,Download Ignored,,,,Download ignoriert,
DownloadPropersAndRepacksHelpTextWarning,missing,,Use custom formats for automatic upgrades to propers/repacks,,,,Benutzerdefinierte Formate für automatische Upgrades auf Propers/Repacks verwenden,
DownloadPropersAndRepacksHelpTexts1,vocab,Whether or not to automatically upgrade to Propers/Repacks,Whether or not to automatically upgrade to Propers/Repacks,,Automatisch Proper oder Repacks zum upgraden eines Filmes zulassen,,Ob automatisch auf Propers/Repacks upgegradet werden soll,
DownloadPropersAndRepacksHelpTexts2,upstream,,Use 'Do not Prefer' to sort by preferred word score over propers/repacks,,"Verwende 'Nicht bevorzugen', um nach der bevorzugten Wortbewertung über Proper/Repacks zu sortieren",,"'Nicht bevorzugen' verwenden, um die Punktzahl bevorzugter Wörter über Propers/Repacks zu stellen","upstream fix (fix round 1, I2)"
DownloadStationMusicCategoryHelpText,missing,,"Adding a category specific to Mangarr avoids conflicts with unrelated non-Mangarr downloads. Using a category is optional, but strongly recommended. Creates a [category] subdirectory in the output directory.",DownloadStation,,,"Eine eigene Kategorie für {appName} vermeidet Konflikte mit Downloads, die nichts mit {appName} zu tun haben. Eine Kategorie ist optional, wird aber dringend empfohlen. Erstellt ein Unterverzeichnis [category] im Ausgabeverzeichnis.",
DownloadStationTvDirectoryHelpText,missing,,"Optional shared folder to put downloads into, leave blank to use the default Download Station location",DownloadStation,,,"Optionaler freigegebener Ordner für Downloads; leer lassen, um den Standardort von Download Station zu verwenden",
DownloadStationUseSslHelpText,missing,,Use secure connection when connecting to Download Station,DownloadStation,,,Beim Verbinden mit Download Station eine sichere Verbindung verwenden,
DownloadWarning,missing,,Download Warning,,,,Download-Warnung,
DownloadWarningCheckDownloadClientForMoreDetails,upstream,,Download warning: check download client for more details,,Download Warnung: Prüfe den Downloader für mehr Details,,Download-Warnung: Weitere Details finden Sie im Download-Client,"upstream fix (fix round 1, I2)"
Downloaded,missing,,Downloaded,,,,Heruntergeladen,
DownloadedImportFailed,missing,,Downloaded – Import Failed,,,,Heruntergeladen – Import fehlgeschlagen,
DownloadedImporting,missing,,Downloaded – Importing,,,,Heruntergeladen – Wird importiert,
DownloadedUnableToImport,missing,,Downloaded – Unable to Import,,,,Heruntergeladen – Import nicht möglich,
DownloadedWaitingToImport,missing,,Downloaded – Waiting to Import,,,,Heruntergeladen – Wartet auf Import,
DownloadedWaitingToProcess,missing,,Downloaded – Waiting to Process,,,,Heruntergeladen – Wartet auf Verarbeitung,
Downloading,missing,,Downloading,,,,Wird heruntergeladen,
DownloadingProgress,missing,,Downloading {progress}%,,,,Wird heruntergeladen: {progress}%,
EarlyDownloadLimit,missing,,Early Download Limit,FileList Gazelle IPTorrents Newznab Nyaa TorrentRssIndexer Torrentleech,,,Limit für frühe Downloads,
Ebook,missing,,Ebook,,,,E-Book,
EbookEdition,missing,,Ebook Edition,,,,E-Book-Ausgabe,
EbookQualityProfile,missing,,Ebook Quality Profile,,,,E-Book-Qualitätsprofil,
EbookQualityProfileNamed,missing,,Ebook Quality Profile: {name},,,,E-Book-Qualitätsprofil: {name},
EditAudiobookStorage,missing,,Edit Audiobook Storage,,,,Hörbuch-Speicherort bearbeiten,
EditAuthor,vocab glossary:series stale,Edit Author,Edit Series,,Autor bearbeiten,,Serie bearbeiten,
EditBook,vocab glossary:volume stale,Edit Book,Edit Volume,,Buch bearbeiten,,Band bearbeiten,
EditBookModalHeader,missing,,Edit - {title},,,,Bearbeiten - {title},
EditConditionImplementation,missing,,Edit Condition - {implementationName},,,,Bedingung bearbeiten - {implementationName},
EditConnectionImplementation,missing,,Edit Connection - {implementationName},,,,Verbindung bearbeiten - {implementationName},
EditCustomFormat,missing,,Edit Custom Format,,,,Benutzerdefiniertes Format bearbeiten,
EditDelayProfile,missing,,Edit Delay Profile,,,,Verzögerungsprofil bearbeiten,
EditDownloadClientImplementation,missing,,Edit Download Client - {implementationName},,,,Download-Client bearbeiten - {implementationName},
EditEbookStorage,missing,,Edit Ebook Storage,,,,E-Book-Speicherort bearbeiten,
EditGroups,missing,,Edit Groups,,,,Gruppen bearbeiten,
EditImportListExclusion,missing,,Edit Import List Exclusion,,,,Importlisten-Ausschluss bearbeiten,
EditIndexerImplementation,missing,,Edit Indexer - {implementationName},,,,Indexer bearbeiten - {implementationName},
EditMetadata,missing,,Edit {metadataType} Metadata,,,,{metadataType}-Metadaten bearbeiten,
EditMetadataProfile,missing,,Edit Metadata Profile,,,,Metadatenprofil bearbeiten,
EditQualityProfile,missing,,Edit Quality Profile,,,,Qualitätsprofil bearbeiten,
EditReleaseProfile,missing,,Edit Release Profile,,,,Release-Profil bearbeiten,
EditRemotePathMapping,missing,,Edit Remote Path Mapping,,,,Remote-Pfadzuordnung bearbeiten,
EditRootFolder,missing,,Edit Root Folder,,,,Stammordner bearbeiten,
EditSelectedDownloadClients,upstream,,Edit Selected Download Clients,,Ausgewählte Download Clienten bearbeiten,,Ausgewählte Download-Clients bearbeiten,"upstream fix (fix round 1, I4)"
EditSelectedImportLists,upstream,,Edit Selected Import Lists,,Ausgewählte Einspiel-Liste bearbeten,,Ausgewählte Importlisten bearbeiten,"upstream fix (fix round 1, Minor)"
EditSelectedIndexers,upstream,,Edit Selected Indexers,,Ausgewähle Indexer bearbeiten,,Ausgewählte Indexer bearbeiten,"upstream fix (fix round 1, Ruling)"
EditSeriesModalHeader,missing,,Edit - {authorName},,,,Bearbeiten - {authorName},
Edition,glossary:exact glossary:edition,Edition,Edition,,Auflage,,Ausgabe,
EditionAuto,missing,,Auto: {edition},,,,Auto: {edition},
EditionAutoEnglish,missing,,Auto: Falls back to English,,,,Auto: fällt auf Englisch zurück,
EditionChangeHelpText,missing,,"Volumes take the edition's numbering, dates, ISBNs, covers and descriptions; files stay attached and nothing is searched",,,,"Die Bände übernehmen Nummerierung, Daten, ISBNs, Cover und Beschreibungen der Ausgabe; Dateien bleiben zugeordnet und es wird nichts gesucht",
EditionDifferentNumbering,missing,,Different numbering,,,,Andere Nummerierung,
EditionFilesCount,missing,,{count} files,,,,{count} Dateien,
EditionFilesCountOne,missing,,1 file,,,,1 Datei,
EditionHelpText,missing,,"The market edition this series follows: its volumes, dates, covers and search language",,,,"Die Marktausgabe, der diese Serie folgt: ihre Bände, Daten, Cover und Suchsprache",
EditionLines,missing,,{count} lines,,,,{count} Linien,OpenTome catalogue lines per market (Preferred Edition dropdown); same word as ReleaseLines/SeriesLineTooltip. Not Reihe (= a book series)
EditionNoOptionsHelpText,missing,,No other edition of this series in the catalogue yet; a refresh binds its line,,,,Noch keine andere Ausgabe dieser Serie im Katalog; eine Aktualisierung ordnet ihre Linie zu,
EditionOptionLabel,missing,,{name} · {count} Vols,,,,{name} · {count} Bände,
EditionOptionLabelOne,missing,,{name} · 1 Vol.,,,,{name} · 1 Band,
EditionPreview,missing,,Preview,,,,Vorschau,
EditionRefreshRunning,missing,,A refresh is running for this series; try again when it finishes,,,,"Für diese Serie läuft gerade eine Aktualisierung; versuchen Sie es erneut, wenn sie abgeschlossen ist",
EditionRenameTo,missing,,"Rename to ""{name}""",,,,In '{name}' umbenennen,
EditionSameNumbering,missing,,Same numbering,,,,Gleiche Nummerierung,
EditionsHelpText,vocab glossary:volume stale,Change edition for this book,Change edition for this volume,,Ausgabe für dieses Buch ändern,,Ausgabe für diesen Band ändern,
EmailAttachFilesHelpText,missing,,Add books as an attachment on import,Email,,,Bände beim Import als Anhang hinzufügen,en says books: translated as volumes
EmailBccHelpText,missing,,Comma seperated list of email bcc recipients,Email,,,Kommagetrennte Liste der BCC-Empfänger,
EmailCcHelpText,missing,,Comma seperated list of email cc recipients,Email,,,Kommagetrennte Liste der CC-Empfänger,
EmailRequireEncryptionHelpText,missing,,Require SSL (Port 465 only) or StartTLS (any other port),Email,,,SSL (nur Port 465) oder StartTLS (jeder andere Port) erzwingen,
EmailServerHelpText,missing,,Hostname or IP of Email server,Email,,,Hostname oder IP des E-Mail-Servers,
EmailToHelpText,missing,,Comma seperated list of email recipients,Email,,,Kommagetrennte Liste der E-Mail-Empfänger,
EmbedMetadata,missing,,Embed Metadata,,,,Metadaten einbetten,
EmbedMetadataConfirm,missing,,"Embed ComicInfo.xml (series, volume, dates, summary, reading direction) into every CBZ in your library so readers like Komga and Calibre show the metadata. Existing archives are rewritten in place with a verified backup per file; images are never altered. Continue?",,,,"ComicInfo.xml (Serie, Band, Daten, Zusammenfassung, Leserichtung) in jede CBZ Ihrer Bibliothek einbetten, damit Reader wie Komga und Calibre die Metadaten anzeigen. Vorhandene Archive werden an Ort und Stelle neu geschrieben, mit einer geprüften Sicherung pro Datei; Bilder werden nie verändert. Fortfahren?",
EmbedMetadataHelpText,vocab glossary:volume stale,Tell Calibre to write metadata into the actual book file,Tell Calibre to write metadata into the actual volume file,,"Calibre anweisen, Metadaten in die eigentliche Buchdatei zu schreiben",,"Calibre anweisen, die Metadaten in die eigentliche Banddatei zu schreiben",
EmbedMetadataInBookFiles,vocab glossary:volume stale,Embed Metadata in Book Files,Embed Metadata in Volume Files,,Metadaten in Buchdatei einbetten,,Metadaten in Banddateien einbetten,
EnableAutomaticAddHelpText,readarr vocab glossary:series glossary:volume stale,Add author/books to Readarr when syncs are performed via the UI or by Readarr,Add series/volumes to Mangarr when syncs are performed via the UI or by Mangarr,,"Autor/Buch zu Readarr hinzufügen, wenn Synchronisierung via UI Oberfläche oder durch Readarr durchgeführt wird",,"Serien/Bände zu {appName} hinzufügen, wenn Synchronisierungen über die Oberfläche oder durch {appName} durchgeführt werden",
EnableCompletedDownloadHandlingHelpText,upstream,,Automatically import completed downloads from download client,,Automatischer Import abgeschlossener Downloads vom Download Client,,Abgeschlossene Downloads automatisch aus dem Download-Client importieren,"upstream fix (fix round 1, I4)"
EnableHelpText,upstream,,Enable metadata file creation for this metadata type,,Aktiviere die Erstellung von Metadaten-Dateien für diesen Metadaten-Typ,,Erstellung von Metadatendateien für diesen Metadatentyp aktivieren,"upstream fix (fix round 1, I2)"
EnableRssHelpText,stale,Will be used when Readarr periodically looks for releases via RSS Sync,Will be used when Mangarr periodically looks for releases via RSS Sync,,"Wird benutzt, wenn {appName} mittels RSS-Sync regelmäßig nach Releases schaut",,"Wird verwendet, wenn {appName} regelmäßig per RSS-Sync nach Releases sucht",
EnableSSL,upstream,,Enable SSL,,SSL,,SSL aktivieren,"upstream fix (fix round 1, I5)"
EndedAllBooksDownloaded,vocab glossary:volume stale,Ended (All books downloaded),Ended (All volumes downloaded),,Beendet (Alle Bücher heruntergeladen),,Beendet (alle Bände heruntergeladen),
EndedOnly,missing,,Ended Only,,,,Nur beendete,
Error,missing,,Error,,,,Fehler,
ErrorBoundaryCaption,missing,,{appName} tripped over its own cables. The details are below.,,,,{appName} ist über die eigenen Kabel gestolpert. Die Details stehen unten.,
ErrorFetchingCutoffUnmet,missing,,Error fetching cutoff unmet,,,,Fehler beim Abrufen der Liste 'Schwelle nicht erreicht',
ErrorFetchingMissingItems,missing,,Error fetching missing items,,,,Fehler beim Abrufen der fehlenden Einträge,
ErrorRestoringBackup,missing,,Error restoring backup,,,,Fehler beim Wiederherstellen der Sicherung,
Event,missing,,Event,Simplepush,,,Ereignis,Simplepush: the event name for its notification
EventType,missing,,Event Type,,,,Ereignistyp,
ExistingBooks,vocab glossary:volume stale,Existing Books,Existing Volumes,,Existierende Bücher,,Vorhandene Bände,
ExistingFilesWillBeDeleted,missing,,Existing files will be deleted,,,,Vorhandene Dateien werden gelöscht,
Expire,missing,,Expire,Pushover,,,Ablauf,Pushover: seconds after which emergency retries stop
FailedToAddToDownloadQueue,missing,,Failed to add to download queue,,,,Hinzufügen zur Download-Warteschlange fehlgeschlagen,
FailedToLoadSeriesFromApi,missing,,Failed to load series from API,,,,Serien konnten nicht von der API geladen werden,
FailedToLoadVolumesFromApi,missing,,Failed to load volumes from API,,,,Bände konnten nicht von der API geladen werden,
Faq,missing,,FAQ,,,,FAQ,
FeatureRequests,missing,,Feature Requests,,,,Funktionswünsche,
FeedURL,missing,,Feed URL,IPTorrents,,,Feed-URL,
File,missing,,File,,,,Datei,
FileBrowser,missing,,File Browser,,,,Dateibrowser,
FileCount,missing,,File Count,,,,Dateianzahl,fix round 1 (Minor)
FileDateHelpText,upstream,,Change file date on import/rescan,,Aktualisiere das Erstelldatum beim Import oder Re-Scan,,Dateidatum beim Import/erneuten Scan ändern,"upstream fix (fix round 1, I2)"
FileListBaseUrlHelpText,missing,,Do not change this unless you know what you're doing. Since your API key will be sent to that host.,FileList,,,"Ändern Sie dies nur, wenn Sie wissen, was Sie tun, denn Ihr API-Schlüssel wird an diesen Host gesendet.",
FileListCategoriesHelpText,missing,,Categories for use in search and feeds,FileList,,,Kategorien für Suche und Feeds,
FileListEarlyReleaseLimitHelpText,missing,,"Time before release date Mangarr will download from this indexer, empty is no limit",FileList Gazelle IPTorrents Newznab Nyaa TorrentRssIndexer Torrentleech,,,"Zeitraum vor dem Erscheinungsdatum, in dem {appName} von diesem Indexer herunterlädt; leer = kein Limit",
FileListMinimumSeedersHelpText,missing,,Minimum number of seeders required.,FileList Gazelle IPTorrents Nyaa TorrentRssIndexer Torrentleech Torznab,,,Mindestanzahl erforderlicher Seeder.,
FileListRejectBlocklistedTorrentHashesWhileGrabbingHelpText,missing,,"If a torrent is blocked by hash it may not properly be rejected during RSS/Search for some indexers, enabling this will allow it to be rejected after the torrent is grabbed, but before it is sent to the client.",FileList Gazelle IPTorrents Nyaa TorrentRssIndexer Torrentleech Torznab,,,"Wenn ein Torrent per Hash gesperrt ist, wird er bei manchen Indexern während RSS/Suche möglicherweise nicht richtig abgelehnt. Ist diese Option aktiviert, wird er nach dem Holen, aber vor dem Senden an den Client abgelehnt.",
FileNameTokens,missing,,File Name Tokens,,,,Dateinamen-Platzhalter,
FileParts,missing,,({count} parts),,,,({count} Teile),
FileSize,missing,,Size,,,,Größe,
Filter,missing,,Filter,,,,Filter,
FilterAnalyticsEvents,upstream,,Filter Analytics Events,,Analystische Ergeinisse filtern,,Analyseereignisse filtern,"upstream fix (fix round 1, Ruling)"
FilterAuthor,vocab glossary:series stale,Filter Author,Filter Series,,Autor filtern,,Serien filtern,
FilterContains,missing,,contains,,,,enthält,
FilterDoesNotContain,missing,,does not contain,,,,enthält nicht,
FilterDoesNotEndWith,missing,,does not end with,,,,endet nicht mit,
FilterDoesNotStartWith,missing,,does not start with,,,,beginnt nicht mit,
FilterEndsWith,missing,,ends with,,,,endet mit,
FilterEqual,missing,,equal,,,,gleich,
FilterGreaterThan,missing,,greater than,,,,größer als,
FilterGreaterThanOrEqual,missing,,greater than or equal,,,,größer oder gleich,
FilterInLast,missing,,in the last,,,,in den letzten,
FilterInNext,missing,,in the next,,,,in den nächsten,
FilterIs,missing,,is,,,,ist,
FilterIsAfter,missing,,is after,,,,ist nach,
FilterIsBefore,missing,,is before,,,,ist vor,
FilterIsNot,missing,,is not,,,,ist nicht,
FilterLessThan,missing,,less than,,,,kleiner als,
FilterLessThanOrEqual,missing,,less than or equal,,,,kleiner oder gleich,
FilterLightNovelAudio,missing,,Audiobooks,,,,Hörbücher,
FilterLightNovelBoth,missing,,Missing Both,,,,Beide fehlend,light novel filter: both the ebook and the audiobook are missing
FilterLightNovelBothCutoff,missing,,Both Below Cutoff,,,,Beide unter der Schwelle,
FilterLightNovelEbook,missing,,Ebooks,,,,E-Books,
FilterNotEqual,missing,,not equal,,,,ungleich,
FilterNotInLast,missing,,not in the last,,,,nicht in den letzten,
FilterNotInNext,missing,,not in the next,,,,nicht in den nächsten,
FilterPlaceHolder,vocab glossary:volume stale,Filter Book,Filter Volume,,Buch filtern,,Bände filtern,
FilterSentryEventsHelpText,upstream,,Filter known user error events from being sent as Analytics,,Sende keine bekannten Benutzerfehler Ereignisse an Analystics,,Bekannte Benutzerfehler nicht als Analysedaten senden,"upstream fix (fix round 1, I2)"
FilterSeriesPack,missing,,Series Pack,,,,Serienpaket,
FilterSingleVolume,missing,,Single Volume,,,,Einzelband,
FilterStartsWith,missing,,starts with,,,,beginnt mit,
FilterValueFalse,missing,,false,,,,falsch,
FilterValueTrue,missing,,true,,,,wahr,
FirstAndLastFirst,missing,,First and Last First,QBittorrent,,,Erste und letzte Teile zuerst,qBittorrent: download the first and last pieces first
FirstBook,vocab glossary:volume stale,First Book,First Volume,,Erstes Buch,,Erster Band,
FirstName,missing,,First Name,,,,Vorname,
FirstPage,missing,,First page,,,,Erste Seite,
FixMatch,missing,,Fix Match,,,,Zuordnung korrigieren,
FixMatchHelpText,missing,,"The AniList entry this series takes its poster, description and aliases from; kept across refreshes",,,,"Der AniList-Eintrag, von dem diese Serie Poster, Beschreibung und Aliasse übernimmt; bleibt über Aktualisierungen hinweg erhalten",
FixMatchPopularity,missing,,pop {popularity},,,,Pop. {popularity},
FixMatchSaveFailed,missing,,The match could not be saved. Check the log.,,,,Die Zuordnung konnte nicht gespeichert werden. Prüfen Sie das Protokoll.,
FixMatchSearchFailed,missing,,AniList could not be searched. Check the log and try again.,,,,AniList konnte nicht durchsucht werden. Prüfen Sie das Protokoll und versuchen Sie es erneut.,
FixMatchTooltip,missing,,"Bind this series to a different AniList entry (title, poster and volume count follow it)",,,,"Diese Serie einem anderen AniList-Eintrag zuordnen (Titel, Poster und Bandanzahl folgen ihm)",
FixMatchVolumes,missing,,{volumes} vols,,,,{volumes} Bände,
FlipPageOrder,missing,,Flip Page Order,,,,Seitenreihenfolge umdrehen,
FlipPageOrderDisabledTooltip,missing,,Needs a CBZ file,,,,Benötigt eine CBZ-Datei,
FlipPageOrderHint,missing,,"A correctly ordered volume shows its cover as the FIRST page. If the cover is on the right (last page), the file is reversed — flip it. Flipping again undoes it.",,,,"Ein korrekt sortierter Band zeigt sein Cover als ERSTE Seite. Steht das Cover rechts (letzte Seite), ist die Datei umgekehrt — drehen Sie sie um. Erneutes Umdrehen macht es rückgängig.",
FlipPageOrderModalHeader,missing,,Flip Page Order - {bookTitle},,,,Seitenreihenfolge umdrehen - {bookTitle},
FlipPageOrderTooltip,missing,,Reverse the page order of this volume's CBZ (for right-to-left scans stored backwards),,,,Die Seitenreihenfolge der CBZ dieses Bandes umkehren (für rückwärts gespeicherte Rechts-nach-links-Scans),
FloodAdditionalTagsHelpText,missing,,Adds properties of media as tags. Hints are examples.,Flood,,,Fügt Eigenschaften des Mediums als Tags hinzu. Die Hinweise sind Beispiele.,
FloodDestinationHelpText,missing,,Manually specifies download destination,Flood,,,Legt das Download-Ziel manuell fest,
FloodPostImportTagsHelpText,missing,,Appends tags after a download is imported.,Flood,,,"Fügt Tags hinzu, nachdem ein Download importiert wurde.",
FloodTagsHelpText,missing,,"Initial tags of a download. To be recognized, a download must have all initial tags. This avoids conflicts with unrelated downloads.",Flood,,,"Anfängliche Tags eines Downloads. Um erkannt zu werden, muss ein Download alle anfänglichen Tags haben. So werden Konflikte mit fremden Downloads vermieden.",
FloodUrlBaseHelpText,missing,,"Optionally adds a prefix to Flood API, such as [protocol]://[host]:[port]/[urlBase]api",Flood,,,"Fügt der Flood-API optional ein Präfix hinzu, z. B. [protocol]://[host]:[port]/[urlBase]api",
FloodUseSslHelpText,missing,,Use secure connection when connecting to Flood,Flood,,,Beim Verbinden mit Flood eine sichere Verbindung verwenden,
FocusSearchBox,missing,,Focus Search Box,,,,Suchfeld fokussieren,
ForMoreInformationOnTheIndividualDownloadClientsClickOnTheInfoButtons,upstream,,"For more information on the individual download clients, click on the info buttons.",,"Für mehr Infomationen über die individuellen Download Clients, klicke auf die Info-Knöpfe.",,"Klicken Sie auf die Info-Schaltflächen, um mehr über die einzelnen Download-Clients zu erfahren.","upstream fix (fix round 1, I2)"
ForMoreInformationOnTheIndividualIndexersClickOnTheInfoButtons,upstream,,"For more information on the individual indexers, click on the info buttons.",,Für mehr Infomationen klicke auf die Info-Knöpfe.,,"Klicken Sie auf die Info-Schaltflächen, um mehr über die einzelnen Indexer zu erfahren.","upstream fix (fix round 1, I2)"
ForMoreInformationOnTheIndividualListsClickOnTheInfoButtons,upstream,,"For more information on the individual lists, click on the info buttons.",,Für mehr Infomationen klicke auf die Info-Knöpfe.,,"Klicken Sie auf die Info-Schaltflächen, um mehr über die einzelnen Listen zu erfahren.","upstream fix (fix round 1, I2)"
ForNewImportsOnly,missing,,For new imports only,,,,Nur für neue Importe,
Forecast,missing,,Forecast,,,,Ausblick,
ForeignIdHelpText,vocab glossary:series glossary:volume stale,The Foreign Id of the author/book to exclude,The Foreign Id of the series/volume to exclude,,"Die Fremd-ID des Autors/Buchs, der/das ausgeschlossen werden soll",,Die Fremd-ID der auszuschließenden Serie bzw. des auszuschließenden Bandes,
FormatAgeDay,missing,,{age} day,,,,{age} Tag,
FormatAgeDays,missing,,{age} days,,,,{age} Tage,
FormatAgeHour,missing,,{age} hour,,,,{age} Stunde,
FormatAgeHours,missing,,{age} hours,,,,{age} Stunden,
FormatAgeMinute,missing,,{age} minute,,,,{age} Minute,
FormatAgeMinutes,missing,,{age} minutes,,,,{age} Minuten,
FormatShortTimeSpanHours,missing,,{hours} hour(s),,,,{hours} Stunde(n),
FormatShortTimeSpanMinutes,missing,,{minutes} minute(s),,,,{minutes} Minute(n),
FormatShortTimeSpanSeconds,missing,,{seconds} second(s),,,,{seconds} Sekunde(n),
From,missing,,From,,,,Von,
FromAddress,missing,,From Address,Email Mailgun SendGrid,,,Absenderadresse,
FullRSSFeedURL,missing,,Full RSS Feed URL,TorrentRssIndexer,,,Vollständige RSS-Feed-URL,
FullURL,missing,,Full URL,Readarr,,,Vollständige URL,
FutureBooks,vocab glossary:volume stale,Future Books,Future Volumes,,Zukünftige Bücher,,Zukünftige Bände,
GazelleBaseUrl,missing,,URL,Gazelle Newznab Webhook,,,URL,
GazelleBaseUrlHelpText,missing,,Do not change this unless you know what you're doing. Since your cookie will be sent to that host.,Gazelle,,,"Ändern Sie dies nur, wenn Sie wissen, was Sie tun, denn Ihr Cookie wird an diesen Host gesendet.",
GazelleUseFreeleechTokenHelpText,missing,,Will cause grabbing to fail if you do not have any tokens available,Gazelle,,,"Das Holen schlägt fehl, wenn Sie keine Tokens mehr verfügbar haben",
Generated,missing,,Generated,,,,Generiert,
Genres,missing,,Genres,,,,Genres,
Global,upstream,,Global,,Weltweit,,Global,"upstream fix: calendar options legend, was 'Weltweit' (worldwide)"
GoToAuthorListing,vocab glossary:series stale,Go to author listing,Go to series listing,,Zu Autorenliste gehen,,Zur Serienliste,
GoodreadsListImportListListIdHelpText,missing,,Goodreads list ID,GoodreadsListImportList,,,Goodreads-Listen-ID,
GoodreadsOwnedBooksNotificationLocationHelpText,missing,,Will be displayed on Goodreads website,GoodreadsOwnedBooksNotification,,,Wird auf der Goodreads-Website angezeigt,
GoodreadsSeriesImportListSeriesIdHelpText,missing,,Goodreads series ID,GoodreadsSeriesImportList,,,Goodreads-Serien-ID,
GoodreadsSettingsBaseUserIdHelpText,missing,,User Id to import from. Leave blank to use the authenticated Goodreads user.,GoodreadsSettingsBase,,,"Benutzer-ID, von der importiert wird. Leer lassen, um den authentifizierten Goodreads-Benutzer zu verwenden.",
GoodreadsSettingsBaseUserName,missing,,User Name,GoodreadsSettingsBase Ntfy,,,Benutzername,Goodreads and Ntfy user name
GoogleBooks,missing,,Google Books,,,,Google Books,
GoogleBooksApiKey,missing,,Google Books API Key,,,,Google-Books-API-Schlüssel,
GoogleBooksApiKeyHelpText,missing,,Optional; raises the Google Books lookup quota,,,,Optional; erhöht das Abfragekontingent für Google Books,
GotifyAppTokenHelpText,missing,,The Application Token generated by Gotify,Gotify,,,Das von Gotify erzeugte Anwendungstoken,
GotifyPriorityHelpText,missing,,Priority of the notification,Gotify,,,Priorität der Benachrichtigung,
GotifyServer,missing,,Gotify Server,Gotify,,,Gotify-Server,
GotifyServerHelpText,missing,,"Gotify server URL, including http(s):// and port if needed",Gotify,,,"URL des Gotify-Servers, einschließlich http(s):// und ggf. Port",
GrabID,upstream,,Grab ID,,Erfass ID,,Download-ID,"upstream fix; controller ruling (fix round 1): the History label shows downloadId, so Download-ID rather than a holen form"
GrabReleaseMessageText,vocab glossary:series glossary:volume stale,Readarr was unable to determine which author and book this release was for. Readarr may be unable to automatically import this release. Do you want to grab '{0}'?,Mangarr was unable to determine which series and volume this release was for. Mangarr may be unable to automatically import this release. Do you want to grab '{0}'?,,Das Release konnte keinem Film zugeordnet werden. Ein automatischer Import wird nicht möglich sein. Trotzdem '{0}' erfassen?,,"{appName} konnte nicht feststellen, zu welcher Serie und welchem Band dieses Release gehört. {appName} kann dieses Release möglicherweise nicht automatisch importieren. Möchten Sie '{0}' holen?",
GrabSelected,upstream,,Grab Selected,,Auswahl abrufen,,Auswahl holen,"upstream fix (grab = holen, was abrufen)"
Grabbed,missing,,Grabbed,,,,Geholt,
GroupIDPhoneNumber,missing,,Group ID / PhoneNumber,Signal,,,Gruppen-ID / Telefonnummer,
HadoukenUrlBaseHelpText,missing,,"Adds a prefix to the Hadouken url, e.g. http://[host]:[port]/[urlBase]/api",Hadouken,,,"Fügt der Hadouken-URL ein Präfix hinzu, z. B. http://[host]:[port]/[urlBase]/api",
HadoukenUseSslHelpText,missing,,Use secure connection when connecting to Hadouken,Hadouken,,,Beim Verbinden mit Hadouken eine sichere Verbindung verwenden,
HasMonitoredBooksNoMonitoredBooksForThisAuthor,vocab glossary:series glossary:volume stale,No monitored books for this author,No monitored volumes for this series,,Keine beobachteten Bücher für diesen Autor,,Keine überwachten Bände für diese Serie,
Health,missing,,Health,,,,Zustand,
HealthNoIssues,upstream,,No issues with your configuration,,Keine Probleme mit deiner Konfiguration,,Keine Probleme mit Ihrer Konfiguration,"upstream fix (fix round 1, I1)"
HealthTypeNotice,missing,,Notice,,,,Hinweis,
HealthTypeWarning,missing,,Warning,,,,Warnung,
Here,missing,,Here,,,,Hier,
HideBooks,vocab glossary:volume stale,Hide books,Hide volumes,,Bücher verstecken,,Bände ausblenden,
HistoryDownloadFailedTooltip,missing,,Volume download failed,,,,Download des Bandes fehlgeschlagen,
HistoryDownloadIgnoredTooltip,missing,,Volume download ignored,,,,Download des Bandes ignoriert,
HistoryFilterDeleted,missing,,Deleted,,,,Gelöscht,
HistoryFilterIgnored,missing,,Ignored,,,,Ignoriert,
HistoryFilterRenamed,missing,,Renamed,,,,Umbenannt,
HistoryFilterRetagged,missing,,Retagged,,,,Tags neu geschrieben,
HistoryGrabbedTooltip,missing,,Volume grabbed from {indexer} and sent to {downloadClient},,,,Band von {indexer} geholt und an {downloadClient} gesendet,
HistorySeriesFolderImportedTooltip,missing,,Volume imported from series folder,,,,Band aus dem Serienordner importiert,
HistoryUnknownEventTooltip,missing,,Unknown event,,,,Unbekanntes Ereignis,
HistoryVolumeFileDeletedTooltip,missing,,Volume file deleted,,,,Banddatei gelöscht,
HistoryVolumeFileImportedTooltip,missing,,Volume downloaded successfully and picked up from download client,,,,Band erfolgreich heruntergeladen und vom Download-Client übernommen,
HistoryVolumeFileRenamedTooltip,missing,,Volume file renamed,,,,Banddatei umbenannt,
HistoryVolumeFileRetaggedTooltip,missing,,Volume file tags updated,,,,Tags der Banddatei aktualisiert,
HistoryVolumeImportIncompleteTooltip,missing,,Files downloaded but not all could be imported,,,,"Dateien heruntergeladen, aber nicht alle konnten importiert werden",
HomePage,missing,,Home page,,,,Startseite,
HostHelpText,upstream,,Calibre content server host,,Calibre-Content-Server,,Host des Calibre-Content-Servers,upstream fix: the word 'host' was missing
ICalHttpUrlHelpText,upstream,,Copy this URL to your client(s) or click to subscribe if your browser supports webcal,,Füge diese URL in deinen Client ein oder klicke auf abonnieren wenn dein Browser Webcal untertützt,,"Kopieren Sie diese URL in Ihre(n) Client(s) oder klicken Sie zum Abonnieren, wenn Ihr Browser Webcal unterstützt","upstream fix (fix round 1, I1)"
IPTorrentsBaseUrlHelpText,missing,,"The full RSS feed url generated by IPTorrents, using only the categories you selected (HD, SD, x264, etc ...)",IPTorrents,,,"Die vollständige RSS-Feed-URL von IPTorrents, nur mit den von Ihnen gewählten Kategorien (HD, SD, x264 usw.)",
Icon,missing,,Icon,Slack,,,Symbol,
IfYouDontAddAnImportListExclusionAndTheAuthorHasAMetadataProfileOtherThanNoneThenThisBookMayBeReaddedDuringTheNextAuthorRefresh,vocab glossary:series glossary:volume stale,If you don't add an import list exclusion and the author has a metadata profile other than 'None' then this book may be re-added during the next author refresh.,If you don't add an import list exclusion and the series has a metadata profile other than 'None' then this volume may be re-added during the next series refresh.,,"Wenn kein Ausschluss der Import Liste hinzugefügt wird und der Künstler ein anderes Metadaten Profil als 'Keine' hat, kann es passieren, dass dieses Album bei der nächsten Aktualisierung des Künstlers erneut hinzugefügt wird.",,"Wenn Sie keinen Importlisten-Ausschluss hinzufügen und die Serie ein anderes Metadatenprofil als 'Keine' hat, kann dieser Band bei der nächsten Aktualisierung der Serie erneut hinzugefügt werden.",
IgnoreDeletedBooks,vocab glossary:volume stale,Ignore Deleted Books,Ignore Deleted Volumes,,Ignoriere gelöschte Bücher,,Gelöschte Bände ignorieren,
IgnoredMetaHelpText,vocab glossary:volume stale,Books will be ignored if they contains one or more of terms (case insensitive),Volumes will be ignored if they contains one or more of terms (case insensitive),,"Bücher werden ignoriert, wenn sie einen oder mehr dieser Begriffe enthalten (Groß- und Kleinschreibung wird nicht berücksichtigt)",,"Bände werden ignoriert, wenn sie einen oder mehrere dieser Begriffe enthalten (Groß-/Kleinschreibung wird nicht beachtet)",
Images,missing,,Images,,,,Bilder,
Import,missing,,Import,,,,Importieren,
ImportCountSeries,missing,,Import {count} Series,,,,{count} Serie(n) importieren,
ImportCustomFormat,missing,,Import Custom Format,,,,Benutzerdefiniertes Format importieren,
ImportExisting,missing,,Import Existing,,,,Vorhandene importieren,
ImportExistingSeries,missing,,Import Existing Series,,,,Vorhandene Serien importieren,
ImportExistingTooltip,missing,,"Import the ebooks (Calibre) and audiobooks (Audiobookshelf) you already own, in place; nothing is copied",,,,"Die E-Books (Calibre) und Hörbücher (Audiobookshelf), die Sie bereits besitzen, an Ort und Stelle importieren; es wird nichts kopiert",
ImportExtraFilesHelpText,vocab glossary:volume stale,"Import matching extra files (subtitles, nfo, etc) after importing an book file","Import matching extra files (subtitles, nfo, etc) after importing a volume file",,"Importiere zutreffende Extra Dateien (Untertitel, nfo, etc.) nach dem Importieren einer Filmdatei",,"Passende Zusatzdateien (Untertitel, nfo usw.) nach dem Import einer Banddatei importieren",
ImportFailed,missing,,Import Failed,,,,Import fehlgeschlagen,
ImportListGroup,missing,,{type} List,,,,{type}-Liste,
ImportListGroupOther,missing,,Other List,,,,Andere Liste,
ImportListGroupProgram,missing,,Program List,,,,Programmliste,a list from another *arr program
ImportListMissingRoot,upstream,,Missing root folder for import list(s): {0},,Fehlendes Stammverzeichnis für Importlist(en): {0},,Fehlender Stammordner für Importliste(n): {0},"upstream fix (fix round 1, I3)"
ImportListMultipleMissingRoots,upstream,,Multiple root folders are missing for import lists: {0},,Mehrere Stammverzeichnisse fehlen für Importlist: {0},,Für Importlisten fehlen mehrere Stammordner: {0},"upstream fix (fix round 1, I3)"
ImportListSpecificSettings,upstream,,Import List Specific Settings,,Listenspezifische Einstellungen importieren,,Importlistenspezifische Einstellungen,"upstream fix (fix round 1, I5)"
ImportListsLoadError,missing,,Unable to load import lists.,,,,Importlisten konnten nicht geladen werden.,
ImportMechanismHealthCheckMessage,upstream,,Enable Completed Download Handling,,Aktiviere die Verarbeitung der abgeschlossenen Downloads,,Aktivieren Sie die Behandlung abgeschlossener Downloads,"upstream fix (fix round 1, I2)"
Importing,upstream,,Importing,,Importiere,,Import,"upstream fix (fix round 1, I2)"
IncludeCustomFormatWhenRenaming,missing,,Include Custom Format when Renaming,,,,Benutzerdefiniertes Format beim Umbenennen einbeziehen,
IncludeUnknownAuthorItemsHelpText,readarr vocab glossary:series glossary:volume stale,"Show items without a author in the queue, this could include removed authors, books or anything else in Readarr's category","Show items without a series in the queue, this could include removed series, volumes or anything else in Mangarr's category",,"Einträge ohne eine Zuordnung in der Warteschlange anzeigen. Dies könnten gelöschte Autoren, Bücher oder alles andere mit Readarrs Downloadkategorie sein",,"Einträge ohne Serie in der Warteschlange anzeigen; dazu können entfernte Serien, Bände oder alles andere in der Kategorie von {appName} gehören",
IncludeUnmonitored,upstream,,Include Unmonitored,,Unüberwachte einbeziehen,,Nicht überwachte einbeziehen,"upstream fix (fix round 1, Minor)"
IndexerDownloadClientHealthCheckMessage,upstream,,Indexers with invalid download clients: {0}.,,Indexer mit ungültigen Downloader: {0}.,,Indexer mit ungültigen Download-Clients: {0}.,"upstream fix (fix round 1, I4)"
IndexerDownloadClientHelpText,upstream,,Specify which download client is used for grabs from this indexer,,"Gib an, welcher Download-Client für Abrufe von diesem Indexer verwendet wird",,"Legen Sie fest, welcher Download-Client beim Holen von diesem Indexer verwendet wird","upstream fix (grab = holen, was Abrufe)"
IndexerIdHelpTextWarning,upstream,,Using a specific indexer with preferred words can lead to duplicate releases being grabbed,,"Die Verwendung eines bestimmten Indexers mit bevorzugten Wörtern kann dazu führen, dass Veröffentlichungen mehrfach erfasst werden",,"Die Verwendung eines bestimmten Indexers mit bevorzugten Wörtern kann dazu führen, dass doppelte Releases geholt werden","upstream fix (grab = holen, was erfasst)"
IndexerPriorityHelpText,readarr stale,"Indexer Priority from 1 (Highest) to 50 (Lowest). Default: 25. Used when grabbing releases as a tiebreaker for otherwise equal releases, Readarr will still use all enabled indexers for RSS Sync and Searching.","Indexer Priority from 1 (Highest) to 50 (Lowest). Default: 25. Used when grabbing releases as a tiebreaker for otherwise equal releases, Mangarr will still use all enabled indexers for RSS Sync and Searching.",,"Indexer Priorität von 1 (höchste) bis 50 (niedrigste). Standard: 25. Wird beim Holen von Veröffentlichungen als Tiebreaker für ansonsten gleiche Veröffentlichungen verwendet, Readarr benützt weiterhin alle aktivierten Indexer für RSS-Synchronisierung und -Suche.",,Indexer-Priorität von 1 (höchste) bis 50 (niedrigste). Standard: 25. Wird beim Holen von Releases als Entscheidungskriterium zwischen ansonsten gleichwertigen Releases verwendet; {appName} nutzt weiterhin alle aktivierten Indexer für RSS-Sync und Suche.,
IndexerRssHealthCheckNoIndexers,readarr stale,"No indexers available with RSS sync enabled, Readarr will not grab new releases automatically","No indexers available with RSS sync enabled, Mangarr will not grab new releases automatically",,"Da keine Indexer mit aktivierter RSS-Synchronisierung aktiviert sind, erfasst Readarr neue Erscheinungen nicht automatisch",,"Keine Indexer mit aktiviertem RSS-Sync verfügbar, {appName} holt neue Releases nicht automatisch",
IndexerSearchCheckNoAutomaticMessage,readarr stale,"No indexers available with Automatic Search enabled, Readarr will not provide any automatic search results","No indexers available with Automatic Search enabled, Mangarr will not provide any automatic search results",,Keine Indexer mit aktivierter automatischer Suche aktiviert. Readarr liefert keine automatischen Suchergebnisse,,"Keine Indexer mit aktivierter automatischer Suche verfügbar, {appName} liefert keine automatischen Suchergebnisse",
IndexerSearchCheckNoInteractiveMessage,readarr stale,"No indexers available with Interactive Search enabled, Readarr will not provide any interactive search results","No indexers available with Interactive Search enabled, Mangarr will not provide any interactive search results",,"Keine Indexer mit aktivierter interaktiver Suche verfügbar, Readarr liefert keine interaktiven Suchergebnisse",,"Keine Indexer mit aktivierter interaktiver Suche verfügbar, {appName} liefert keine interaktiven Suchergebnisse",
IndexerSettingsSeedTimeHelpText,upstream,,"The time a torrent should be seeded before stopping, empty uses the download client's default",SeedCriteria,"Die Zeit, die ein Torrent gesät werden sollte, bevor er gestoppt wird. Leer verwendet die Standardzeit des Download-Clients",,"Wie lange ein Torrent geseedet werden soll, bevor er gestoppt wird; leer = Standard des Download-Clients","upstream fix (fix round 1, I5)"
IndexerTagsHelpText,vocab glossary:series stale,Only use this indexer for authors with at least one matching tag. Leave blank to use with all authors.,Only use this indexer for series with at least one matching tag. Leave blank to use with all series.,,Benutze den Indexer nur für Filme mit mindesens einen zutreffenden Tag. Leer lassen für alle Filme.,,"Diesen Indexer nur für Serien mit mindestens einem passenden Tag verwenden. Leer lassen, um ihn für alle Serien zu verwenden.",
IndexersLoadError,missing,,Unable to load indexers.,,,,Indexer konnten nicht geladen werden.,
InfoUrl,missing,,Info URL,,,,Info-URL,
InitialState,missing,,Initial State,QBittorrent UTorrent,,,Anfangszustand,
InstallMajorVersionUpdateMessage,upstream,,This update will install a new major version and may not be compatible with your system. Are you sure you want to install this update?,,"Dieses Update wird eine neue Hauptversion installieren und ist möglicherweise nicht mit deinem System kompatibel. Bist du sicher, dass du dieses Update installieren möchtest?",,"Dieses Update installiert eine neue Hauptversion und ist möglicherweise nicht mit Ihrem System kompatibel. Sind Sie sicher, dass Sie dieses Update installieren möchten?","upstream fix (fix round 1, I1)"
InstallMajorVersionUpdateMessageLink,upstream,,Please check [{domain}]({url}) for more information.,,Weitere Informationen findest du unter [{domain}]({url}).,,Weitere Informationen finden Sie unter [{domain}]({url}).,"upstream fix (fix round 1, I1)"
InteractiveImport,missing,,Interactive Import,,,,Interaktiver Import,
InteractiveImportAdditionalFileTooltip,missing,,This file is already in your library for a release you are currently importing,,,,"Diese Datei ist bereits in Ihrer Bibliothek, für ein Release, das Sie gerade importieren",
InteractiveImportErrorImportMode,missing,,An import mode must be selected,,,,Ein Importmodus muss ausgewählt werden,
InteractiveImportErrorQuality,missing,,Quality must be chosen for each selected file,,,,Für jede ausgewählte Datei muss eine Qualität gewählt werden,
InteractiveImportErrorSeries,missing,,Series must be chosen for each selected file,,,,Für jede ausgewählte Datei muss eine Serie gewählt werden,
InteractiveImportErrorVolume,missing,,Volume must be chosen for each selected file,,,,Für jede ausgewählte Datei muss ein Band gewählt werden,
InteractiveSearch,missing,,Interactive Search,,,Interaktive Suche,Interaktive Suche,
InteractiveSearchLoadError,missing,,Unable to load results for this volume search. Try again later,,,,Die Ergebnisse dieser Bandsuche konnten nicht geladen werden. Versuchen Sie es später erneut,
InvalidFormat,missing,,Invalid Format,,,,Ungültiges Format,
InvalidUILanguage,upstream,,"Your UI is set to an invalid language, correct it and save your settings",,"Die UI ist auf eine ungültige Sprache eingestellt, korrigiere sie und speichere die Einstellungen",,Die Oberfläche ist auf eine ungültige Sprache eingestellt. Korrigieren Sie sie und speichern Sie die Einstellungen,"upstream fix (fix round 1, I2)"
IsCalibreLibraryHelpText,upstream,,Use Calibre Content Server to manipulate library,,Calibre Content Server zur Verwaltung der Bibliothek verwenden,,Calibre-Content-Server zur Verwaltung der Bibliothek verwenden,"upstream fix (fix round 1, Ruling)"
IsExpandedHideBooks,vocab glossary:volume stale,Hide books,Hide volumes,,Bücher verstecken,,Bände ausblenden,
IsExpandedShowBooks,vocab glossary:volume stale,Show books,Show volumes,,Bücher anzeigen,,Bände anzeigen,
IsInUseCantDeleteAMetadataProfileThatIsAttachedToAnAuthorOrImportList,vocab glossary:series stale,Can't delete a metadata profile that is attached to an author or import list,Can't delete a metadata profile that is attached to a series or import list,,"Ein Metadatenprofil, das mit einem Autor oder einer Importliste verknüpft ist, kann nicht gelöscht werden",,"Ein Metadatenprofil, das einer Serie oder einer Importliste zugeordnet ist, kann nicht gelöscht werden",
IsInUseCantDeleteAQualityProfileThatIsAttachedToAnAuthorOrImportList,vocab glossary:series stale,Can't delete a quality profile that is attached to an author or import list,Can't delete a quality profile that is attached to a series or import list,,"Ein Qualitätsprofil, dass mit einem Autor oder einer Importliste verknüpft ist, kann nicht gelöscht werden",,"Ein Qualitätsprofil, das einer Serie oder einer Importliste zugeordnet ist, kann nicht gelöscht werden",
IsShowingMonitoredMonitorSelected,upstream,,Monitor Selected,,Beobachte ausgewählte,,Ausgewählte überwachen,"upstream fix (fix round 1, I2)"
IsShowingMonitoredUnmonitorSelected,upstream,,Unmonitor Selected,,Ausgewählte nicht mehr beobachten,,Ausgewählte nicht mehr überwachen,"upstream fix (fix round 1, Minor)"
Isbn13,missing,,ISBN-13,,,,ISBN-13,
ItemTypeSeries,missing,,series,,,,Serien,"the {itemType} noun in AllItemsHiddenByFilter / NoItemsFoundGetStarted (series index, calendar); nominative/accusative plural"
ItemTypeVolumes,missing,,volumes,,,,Bände,the {itemType} noun in AllItemsHiddenByFilter / NoItemsFoundGetStarted (volume index); nominative/accusative plural
ItsEasyToAddANewAuthorOrBookJustStartTypingTheNameOfTheItemYouWantToAdd,vocab glossary:series glossary:volume stale,It's easy to add a New Author or Book just start typing the name of the item you want to add,It's easy to add a new series or volume: just start typing the name of the item you want to add,,"Es ist ganz einfach, einen neuen Autor oder ein neues Buch hinzuzufügen: einfach den Namen des Artikels eingeben, der hinzugefügt werden soll",,"Neue Serien oder Bände lassen sich leicht hinzufügen: Beginnen Sie einfach, den Namen des gewünschten Eintrags einzugeben",
JoinApiKeyHelpText,missing,,The API Key from your Join account settings (click Join API button).,Join,,,Der API-Schlüssel aus Ihren Join-Kontoeinstellungen (klicken Sie auf die Schaltfläche Join API).,
JoinDeviceIdsHelpText,missing,,"Deprecated, use Device Names instead. Comma separated list of Device IDs you'd like to send notifications to. If unset, all devices will receive notifications.",Join,,,"Veraltet, verwenden Sie stattdessen Gerätenamen. Kommagetrennte Liste der Geräte-IDs, an die Benachrichtigungen gesendet werden sollen. Wenn leer, erhalten alle Geräte Benachrichtigungen.",
JoinDeviceNamesHelpText,missing,,"Comma separated list of full or partial device names you'd like to send notifications to. If unset, all devices will receive notifications.",Join,,,"Kommagetrennte Liste vollständiger oder teilweiser Gerätenamen, an die Benachrichtigungen gesendet werden sollen. Wenn leer, erhalten alle Geräte Benachrichtigungen.",
KavitaUseSslHelpText,missing,,Connect to Kavita over HTTPS instead of HTTP,Kavita,,,Mit Kavita über HTTPS statt HTTP verbinden,
Key,missing,,Key,Simplepush,,,Schlüssel,Simplepush: its API key
KeyValueKeyPlaceholder,missing,,Key,,,,Schlüssel,
KeyValueValuePlaceholder,missing,,Value,,,,Wert,
KeyboardShortcuts,missing,,Keyboard Shortcuts,,,,Tastenkürzel,
KilobitsPerSecond,missing,,Kilobits Per Second,,,,Kilobit pro Sekunde,
LastCheck,missing,,Last Check,,,,Letzte Prüfung,
LastName,missing,,Last Name,,,,Nachname,
LastPage,missing,,Last page,,,,Letzte Seite,
LastUsed,missing,,Last Used,,,,Zuletzt verwendet,
LastVolume,missing,,Last Volume,,,,Letzter Band,
LatestBook,vocab glossary:volume stale,Latest Book,Latest Volume,,Neuestes Buch,,Neuester Band,
LaunchBrowserHelpText,stale, Open a web browser and navigate to Readarr homepage on app start., Open a web browser and navigate to Mangarr homepage on app start.,, Öffne die Startseite von {appName} im Webbrowser nach dem Start.,, Beim Start einen Webbrowser öffnen und die Startseite von {appName} aufrufen.,
LeechersCount,missing,,{count} leechers,,,,{count} Leecher,
LibraryHelpText,upstream,,Calibre content server library name.  Leave blank for default.,,Name der Calibre Content Server Bibliothek. Leer lassen für Standardwert.,,Name der Bibliothek auf dem Calibre-Content-Server. Leer lassen für den Standard.,"upstream fix (fix round 1, Ruling)"
LibraryImport,missing,,Library Import,,,,Bibliotheksimport,
LibraryImportHelpText,missing,,Choose the root folder that holds the series folders to import,,,,"Wählen Sie den Stammordner, der die zu importierenden Serienordner enthält",
LibraryImportImported,missing,,Imported {count} series,,,,{count} Serie(n) importiert,
LibraryImportNoRootFolders,missing,,No root folders yet. Add one in Settings → Media Management,,,,Noch keine Stammordner. Fügen Sie einen unter Einstellungen → Medienverwaltung hinzu,
LibraryImportNoUnmappedFolders,missing,,Every folder in this root folder is already in the library,,,,Jeder Ordner in diesem Stammordner ist bereits in der Bibliothek,
LibraryImportNotImported,missing,,{count} not imported — see System → Logs,,,,{count} nicht importiert — siehe System → Protokolle,
LightNovel,missing,,Light Novel,,,,Light Novel,
LightNovelAudioHome,missing,,Audiobooks Go To,,,,Speicherort für Hörbücher,
LightNovelAudioHomeHelpText,missing,,Where new audiobooks are stored. Affects new imports only.,,,,Wo neue Hörbücher gespeichert werden. Betrifft nur neue Importe.,
LightNovelAudiobooks,missing,,Audiobooks,,,,Hörbücher,
LightNovelEbookHome,missing,,Ebooks Go To,,,,Speicherort für E-Books,
LightNovelEbookHomeHelpText,missing,,Where new ebooks are stored. Affects new imports only.,,,,Wo neue E-Books gespeichert werden. Betrifft nur neue Importe.,
LightNovelEbooks,missing,,Ebooks,,,,E-Books,
LightNovelFormatAzw3Kindle,missing,,AZW3 (Kindle),,,,AZW3 (Kindle),
LightNovelFormatEpubNoConversion,missing,,EPUB (no conversion),,,,EPUB (keine Konvertierung),
LightNovelFormatKepubKobo,missing,,KEPUB (Kobo),,,,KEPUB (Kobo),
LightNovelHomeAudiobookshelf,missing,,Audiobookshelf Library,,,,Audiobookshelf-Bibliothek,
LightNovelHomeCalibre,missing,,Calibre Library,,,Calibre Bibliothek,Calibre-Bibliothek,"kept identical to the existing CalibreLibrary field label (not on the sheet), which the probe messages name; fix round 1 (Ruling)"
LightNovelHomeEntryFolder,missing,,Entry Folder,,,,Eintragsordner,
LightNovelLibraryHelpText,missing,,Listed by the server; press Test after changing the address to refresh the list,,,,"Vom Server aufgelistet; nach dem Ändern der Adresse auf Prüfen klicken, um die Liste zu aktualisieren",
LightNovelNotInCatalogue,missing,,Not in the OpenTome catalogue yet —,,,,Noch nicht im OpenTome-Katalog —,
LightNovelStorage,missing,,Light Novel Storage,,,,Speicher für Light Novels,
LightNovelStorageAudiobookshelfCheck,missing,,Light-novel audiobooks cannot reach Audiobookshelf: {0},,,,Hörbücher von Light Novels erreichen Audiobookshelf nicht: {0},
LightNovelStorageAudiobookshelfFolderNotMapped,missing,,{0} is not inside the library's folder ({1}) — Path As Audiobookshelf Sees It,,,,{0} liegt nicht im Ordner der Bibliothek ({1}) — Pfad aus Sicht von Audiobookshelf,the text after the dash names the settings field: must match de PathAsAudiobookshelfSeesIt
LightNovelStorageAudiobookshelfKeyRejected,missing,,Audiobookshelf rejected the API key — Audiobookshelf API Key,,,,Audiobookshelf hat den API-Schlüssel abgelehnt — Audiobookshelf-API-Schlüssel,
LightNovelStorageAudiobookshelfLibraryMissing,missing,,Audiobookshelf has no library {0} — Audiobookshelf Library,,,,Audiobookshelf hat keine Bibliothek {0} — Audiobookshelf-Bibliothek,
LightNovelStorageAudiobookshelfLibraryNotChosen,missing,,No Audiobookshelf library is chosen — Audiobookshelf Library,,,,Keine Audiobookshelf-Bibliothek ausgewählt — Audiobookshelf-Bibliothek,
LightNovelStorageAudiobookshelfPathMissing,missing,,{0} does not exist inside Mangarr — Path As Mangarr Sees It,,,,{0} existiert nicht innerhalb von {appName} — Pfad aus Sicht von {appName},
LightNovelStorageAudiobookshelfUnreachable,missing,,Audiobookshelf did not answer at {0} — Audiobookshelf URL,,,,Audiobookshelf hat unter {0} nicht geantwortet — Audiobookshelf-URL,
LightNovelStorageAudiobookshelfUrlMissing,missing,,The Audiobookshelf URL is not set — Audiobookshelf URL,,,,Die Audiobookshelf-URL ist nicht gesetzt — Audiobookshelf-URL,
LightNovelStorageCalibreCheck,missing,,Light-novel ebooks cannot reach Calibre: {0},,,,E-Books von Light Novels erreichen Calibre nicht: {0},
LightNovelStorageCalibreLibraryMissing,missing,,Calibre has no library '{0}' — Calibre Library,,,,Calibre hat keine Bibliothek '{0}' — Calibre-Bibliothek,fix round 1 (Ruling)
LightNovelStorageCalibreLoginRejected,missing,,Calibre rejected the login — Calibre Username / Calibre Password,,,,Calibre hat die Anmeldung abgelehnt — Calibre-Benutzername / Calibre-Passwort,names the existing de labels CalibreUsername / CalibrePassword; fix round 1 (Ruling)
LightNovelStorageCalibreNoWriteAccess,missing,,"Calibre refuses writes from Mangarr — use a Calibre user with write access, or add this container to Calibre's trusted_ips",,,,Calibre verweigert Schreibzugriffe von {appName} — verwenden Sie einen Calibre-Benutzer mit Schreibrechten oder fügen Sie diesen Container zu den trusted_ips von Calibre hinzu,
LightNovelStorageCalibrePathMissing,missing,,{0} does not exist inside Mangarr — Path As Mangarr Sees It,,,,{0} existiert nicht innerhalb von {appName} — Pfad aus Sicht von {appName},
LightNovelStorageCalibreUnreachable,missing,,Calibre did not answer at {0} — Calibre Content Server URL,,,,Calibre hat unter {0} nicht geantwortet — URL des Calibre-Content-Servers,
LightNovelStorageCalibreUrlInvalid,missing,,'{0}' is not an http(s) address — Calibre Content Server URL,,,,'{0}' ist keine http(s)-Adresse — URL des Calibre-Content-Servers,
LightNovelStorageCalibreUrlMissing,missing,,The Calibre content server URL is not set — Calibre Content Server URL,,,,Die URL des Calibre-Content-Servers ist nicht gesetzt — URL des Calibre-Content-Servers,
LightNovelStorageTestFailed,missing,,Could not reach Mangarr's server to run the test,,,,Der Server von {appName} war für den Test nicht erreichbar,
LightNovelStorageTestPassed,missing,,Everything checks out,,,,Alles in Ordnung,
LightNovelVolumes,missing,,Light Novel · {count} volumes,,,,Light Novel · {count} Bände,
LightNovels,missing,,Light Novels,,,,Light Novels,
LinkHere,missing,,here,,,,hier,
Links,missing,,Links,,,,Links,
ListID,missing,,List ID,GoodreadsListImportList,,,Listen-ID,
ListWillRefreshEveryInterp,tokens,List will refresh every {0},List will refresh every {0},,Liste wird alle [0] aktualisiert,,Liste wird alle {0} aktualisiert,
Loading,upstream,,loading,,Lade,,Wird geladen,"upstream fix (fix round 1, I2)"
LoadingBookFilesFailed,vocab glossary:volume stale,Loading book files failed,Loading volume files failed,,Laden der Film-Dateien fehlgeschlagen,,Laden der Banddateien fehlgeschlagen,
LoadingBooksFailed,vocab glossary:volume stale,Loading books failed,Loading volumes failed,,Laden der Film-Dateien fehlgeschlagen,,Laden der Bände fehlgeschlagen,
LogFilesLocation,missing,,Log files are located in: {location},,,,Protokolldateien befinden sich in: {location},
LogLevelDebug,missing,,Debug,,,,Debug,
LogLevelDefaultsTip,missing,,The log level defaults to 'Info' and can be changed in {generalSettings},,,,Die Protokollstufe ist standardmäßig 'Info' und kann unter {generalSettings} geändert werden,
LogLevelInfo,missing,,Info,,,,Info,
LogLevelTrace,missing,,Trace,,,,Trace,
LogLevelWarn,missing,,Warn,,,,Warnung,
LogSqlHelpText,stale,Log all SQL queries from Readarr,Log all SQL queries from Mangarr,,Log alle SQL Abfragen von {appName},,Alle SQL-Abfragen von {appName} protokollieren,
Login,missing,,Login,Signal,,,Login,Signal: the login of the signal-cli REST API
Logout,missing,,Logout,,,,Abmelden,
Lowercase,missing,,Lowercase,,,,Kleinschreibung,not Kleinbuchstaben: the glossary forbids 'buch' outside Hörbuch
MagnetFileExtension,missing,,Magnet File Extension,TorrentBlackhole,,,Dateiendung für Magnet-Dateien,
MailgunApiKeyHelpText,missing,,The API key generated from MailGun,Mailgun,,,Der von MailGun erzeugte API-Schlüssel,
MailgunUseEuEndpointHelpText,missing,,You can choose to use the EU MailGun endpoint with this,Mailgun,,,Hiermit können Sie den EU-Endpunkt von MailGun verwenden,
MainSeries,missing,,Main Series,,,,Hauptserie,
ManageClients,upstream,,Manage Clients,,Verwalte Clienten,,Clients verwalten,"upstream fix (fix round 1, I2)"
ManageDownloadClients,upstream,,Manage Download Clients,,Verwalte Download Clienten,,Download-Clients verwalten,"upstream fix (fix round 1, I2)"
ManageImportLists,upstream,,Manage Import Lists,,Verwalte Einspiel-Listen,,Importlisten verwalten,"upstream fix (fix round 1, I2)"
ManageIndexers,upstream,,Manage Indexers,,Verwalte Indexer,,Indexer verwalten,"upstream fix (fix round 1, I2)"
ManageLists,upstream,,Manage Lists,,Verwalte Listen,,Listen verwalten,"upstream fix (fix round 1, I2)"
Manga,missing,,Manga,,,,Manga,
MangaDexClientIdHelpText,missing,,Personal API client ID (MangaDex Settings -> API Clients; the client must be approved),MangaDex,,,Persönliche API-Client-ID (MangaDex-Einstellungen -> API Clients; der Client muss freigegeben sein),
MangaDexUsernameHelpText,missing,,MangaDex username; the follows of this account are imported,MangaDex,,,MangaDex-Benutzername; die gefolgten Titel dieses Kontos werden importiert,
Manual,missing,,Manual,,,,Manuell,
ManualDownloadParseFailedMessage,missing,,This release failed parsing checks and was manually downloaded from an interactive search.  Import is likely to fail.,,,,Dieses Release hat die Parsing-Prüfungen nicht bestanden und wurde manuell aus einer interaktiven Suche heruntergeladen. Der Import wird wahrscheinlich fehlschlagen.,
ManualImportSelectFolder,missing,,Manual Import - Select Folder,,,,Manueller Import - Ordner auswählen,
ManualImportSelectQuality,missing,,Manual Import - Select Quality,,,,Manueller Import - Qualität auswählen,
ManualImportSelectSeries,missing,,Manual Import - Select Series,,,,Manueller Import - Serie auswählen,
ManualImportSelectVolume,missing,,Manual Import - Select Volume,,,,Manueller Import - Band auswählen,
ManualImportSetIndexerFlags,missing,,Manual Import - Set indexer Flags,,,,Manueller Import - Indexer-Flags festlegen,
ManualImportSetReleaseGroup,missing,,Manual Import - Set Release Group,,,,Manueller Import - Release-Gruppe festlegen,
ManualImportTitle,missing,,Manual Import - {title},,,,Manueller Import - {title},
MappedNetworkDrivesWindowsService,missing,,"Mapped network drives are not available when running as a Windows Service, see the {faq} for more information.",,,,Zugeordnete Netzlaufwerke sind bei der Ausführung als Windows-Dienst nicht verfügbar; weitere Informationen finden Sie in den {faq}.,
MassBookSearch,vocab glossary:volume stale,Mass Book Search,Mass Volume Search,,Massensuche nach Büchern,,Massensuche nach Bänden,
MassBookSearchWarning,vocab glossary:volume stale,Are you sure you want to perform mass book search for {0} books?,Are you sure you want to perform mass volume search for {0} volumes?,,"Sind Sie sicher, dass Sie eine Massensuche für {0} Bücher starten wollen?",,"Sind Sie sicher, dass Sie eine Massensuche für {0} Bände starten möchten?",
MatchedTo,missing,,Matched to AniList #{id},,,,Zugeordnet zu AniList #{id},
MaxVolume,missing,,Max Volume,,,,Höchster Band,
MaxVolumeHelpText,missing,,Highest volume to monitor; 0 uses the highest volume found by search,,,,"Höchster zu überwachender Band; 0 verwendet den höchsten Band, den die Suche findet",
MaximumSizeHelpText,upstream,,Maximum size for a release to be grabbed in MB. Set to zero to set to unlimited.,,Maximale Größe für ein zu erfassendes Release in MB. 0 bedeutet unbegrenzt.,,"Maximale Größe in MB, bis zu der ein Release geholt wird. 0 bedeutet unbegrenzt.","upstream fix (grab = holen, was erfassen)"
MediaManagementSettingsSummary,upstream,,"Naming, file management settings and root folders",,"Einstellungen zu Benennung, Dateiverwaltung und Root-Ordnern",,"Einstellungen zu Benennung, Dateiverwaltung und Stammordnern","upstream fix (fix round 1, I3)"
Mention,missing,,Mention,Twitter,,,Erwähnung,
MenuButton,missing,,Menu Button,,,,Menü-Schaltfläche,
MetadataAutoUpdate,missing,,Automatic Updates,,,,Automatische Updates,
MetadataAutoUpdateHelpText,missing,,Check the manifest once a day and install a newer artifact automatically,,,,Einmal täglich das Manifest prüfen und ein neueres Artefakt automatisch installieren,
MetadataManifestUrl,missing,,Manifest URL,,,,Manifest-URL,
MetadataManifestUrlHelpText,missing,,Where to look for the artifact's version manifest (version.json). Leave blank for the built-in default,,,,Wo nach dem Versionsmanifest des Artefakts (version.json) gesucht wird. Leer lassen für den eingebauten Standard,
MetadataPinError,missing,,Could not read or write the pins file; check the log and that /config/metadata is writable.,,,,Die Fixierungsdatei konnte nicht gelesen oder geschrieben werden; prüfen Sie das Protokoll und ob /config/metadata beschreibbar ist.,
MetadataProfileNoneHelpText,missing,,Select 'None' to only include items manually added via search or that match files on disk,,,,"Wählen Sie 'Keine', um nur Einträge einzubeziehen, die manuell über die Suche hinzugefügt wurden oder zu Dateien auf der Festplatte passen",
MetadataSettingsSummary,vocab glossary:series glossary:volume stale,Create metadata files when books are imported or author are refreshed,Create metadata files when volumes are imported or series are refreshed,,"Metadaten-Dateien erstellen, wenn Bücher importiert oder Autoren aktualisiert werden",,"Metadatendateien erstellen, wenn Bände importiert oder Serien aktualisiert werden",
MetadataSourceArtifact,missing,,Metadata Artifact,,,,Metadaten-Artefakt,
MetadataSourceNoArtifact,missing,,"No metadata artifact is loaded. Series and volume structure comes from the live sources (AniList, MangaUpdates, MangaDex) only.",,,,"Kein Metadaten-Artefakt geladen. Die Struktur von Serien und Bänden stammt nur aus den Live-Quellen (AniList, MangaUpdates, MangaDex).",
MetadataSourceSettings,missing,,Metadata Source Settings,,,,Einstellungen der Metadatenquelle,
MetadataSourceSettingsSummary,missing,,"Metadata artifact, automatic updates and the Google Books key",,,,"Metadaten-Artefakt, automatische Updates und der Google-Books-Schlüssel",
MetadataSourceUpdates,missing,,Updates,,,Aktualisierung,Updates,
Method,missing,,Method,Webhook,,,Methode,
MinFormatScoreHelpText,upstream,,Minimum custom format score allowed to download,,Mindester eigener Format Score bis zum Download,,"Mindestpunktzahl benutzerdefinierter Formate, ab der heruntergeladen werden darf","upstream fix (fix round 1, Ruling)"
MinPagesHelpText,vocab glossary:volume stale,Ignore books with fewer pages than this,Ignore volumes with fewer pages than this,,Bücher mit weniger Seiten als dieses ignorieren,,Bände mit weniger Seiten ignorieren,
MinimumAgeHelpText,upstream,,Usenet only: Minimum age in minutes of NZBs before they are grabbed. Use this to give new releases time to propagate to your usenet provider.,,"Nur Usenet: Mindestalter in Minuten von NZBs, bevor sie heruntergeladen werden. Verwende dies, um neuen Releases Zeit zu geben, zu deinem Usenet-Anbieter zu propagieren.",,"Nur Usenet: Mindestalter von NZBs in Minuten, bevor sie geholt werden. So haben neue Releases Zeit, sich bis zu Ihrem Usenet-Anbieter zu verbreiten.","upstream fix (grab = holen, was heruntergeladen)"
MinimumPopularity,upstream,,Minimum Popularity,,Mindestpolularität,,Mindestpopularität,"upstream fix (fix round 1, Ruling)"
MinimumSeeders,missing,,Minimum Seeders,FileList Gazelle IPTorrents Nyaa TorrentRssIndexer Torrentleech Torznab,,,Mindestanzahl Seeder,
MinimumSize,missing,,Minimum Size,Size,,,Mindestgröße,
MissingBooks,vocab glossary:volume stale,Missing Books,Missing Volumes,,Fehlende Bücher,,Fehlende Bände,
MissingBooksAuthorMonitored,vocab glossary:series glossary:volume stale,Missing Books (Author monitored),Missing Volumes (Series monitored),,Fehlende Bücher (Autoren überwacht),,Fehlende Bände (Serie überwacht),
MissingBooksAuthorNotMonitored,vocab glossary:series glossary:volume stale,Missing Books (Author not monitored),Missing Volumes (Series not monitored),,Fehlende Bücher (Autor nicht überwacht),,Fehlende Bände (Serie nicht überwacht),
MissingFromDisk,glossary:volume stale,Readarr was unable to find the file on disk so the file was unlinked from the book in the database,Mangarr was unable to find the file on disk so the file was unlinked from the volume in the database,,"{appName} konnte die Datei nicht auf der Festplatte finden, daher wurde die Verknüpfung auf die Datei aus der Datenbank entfernt",,"{appName} konnte die Datei nicht auf der Festplatte finden, daher wurde die Verknüpfung der Datei mit dem Band in der Datenbank aufgehoben",
MissingOrWrongVolumes,missing,,Missing or wrong volumes?,,,,Fehlende oder falsche Bände?,
Monday,missing,,Monday,,,,Montag,
MonitorAuthor,vocab glossary:series stale,Monitor Author,Monitor Series,,Autor überwachen,,Serie überwachen,
MonitorBook,vocab glossary:volume stale,Monitor Book,Monitor Volume,,Buch überwachen,,Band überwachen,
MonitorBookExistingOnlyWarning,vocab glossary:series glossary:volume stale,This is a one off adjustment of the monitored setting for each book.  Use the option under Author/Edit to control what happens for newly added books,This is a one off adjustment of the monitored setting for each volume.  Use the option under Series/Edit to control what happens for newly added volumes,,"Dies ist eine einmalige Anpassung der Überwachungseinstellung für jedes Buch.  Verwenden Sie die Option unter Autor/Bearbeiten, um festzulegen, was bei neu hinzugefügten Büchern geschieht",,"Dies ist eine einmalige Anpassung der Überwachungseinstellung für jeden Band. Verwenden Sie die Option unter Serie/Bearbeiten, um festzulegen, was mit neu hinzugefügten Bänden geschieht",
MonitorExistingBooks,vocab glossary:volume stale,Monitor Existing Books,Monitor Existing Volumes,,Vorhandene Bücher überwachen,,Vorhandene Bände überwachen,
MonitorFirstVolume,missing,,Only First Volume,,,,Nur erster Band,
MonitorLatestVolume,missing,,Only Latest Volume,,,,Nur neuester Band,
MonitorNewBooks,vocab glossary:volume stale,Monitor New Books,Monitor New Volumes,,Neue Bücher überwachen,,Neue Bände überwachen,
MonitorNewItems,vocab glossary:volume stale,Monitor New Books,Monitor New Volumes,,Neue Bücher überwachen,,Neue Bände überwachen,
MonitorNewItemsHelpText,vocab glossary:volume stale,Which new books should be monitored,Which new volumes should be monitored,,Welche neuen Bücher sollen überwacht werden,,Welche neuen Bände überwacht werden sollen,
MonitorNewItemsNew,missing,,New,,,Neu,Neue,
MonitorThisVolume,missing,,Only This Volume,,,,Nur dieser Band,
MonitorToggleDisabledSeriesUnmonitored,missing,,Cannot toggle monitored state when series is unmonitored,,,,"Der Überwachungsstatus kann nicht geändert werden, solange die Serie nicht überwacht wird",
MonitoredAuthorIsMonitored,vocab glossary:series stale,Author is monitored,Series is monitored,,Autor wird überwacht,,Serie wird überwacht,
MonitoredAuthorIsUnmonitored,vocab glossary:series stale,Author is unmonitored,Series is unmonitored,,Autor wird nicht überwacht,,Serie wird nicht überwacht,
MonitoredClickToUnmonitor,missing,,"Monitored, click to unmonitor",,,,"Überwacht, klicken, um die Überwachung aufzuheben",
MonitoredHelpText,readarr vocab glossary:volume stale,Readarr will search for and download book,Mangarr will search for and download volume,,Readarr wird das Buch suchen und herunterladen,,{appName} sucht den Band und lädt ihn herunter,
MonitoredOnly,missing,,Monitored Only,,,,Nur überwachte,"series filter AND calendar (volumes) filter: plural adjective, reads for Serien and Bände"
MonitoredStatus,missing,,Monitored/Status,,,,Überwacht/Status,
MonitoringOptionsHelpText,vocab glossary:series glossary:volume stale,Which books should be monitored after the author is added (one-time adjustment),Which volumes should be monitored after the series is added (one-time adjustment),,Welche Bücher sollen überwacht werden nachdem der Autor hinzugefügt wurde (einmalige Anpassung),,Welche Bände nach dem Hinzufügen der Serie überwacht werden sollen (einmalige Anpassung),
Month,missing,,Month,,,,Monat,
More,missing,,More,,,,Mehr,
MoreDetails,missing,,More details,,,,Weitere Details,
MountCheckMessage,vocab glossary:series stale,Mount containing an author path is mounted read-only: ,Mount containing a series path is mounted read-only: ,,"Der Einhängepunkt, welcher einen Filmpfad enthält, ist schreibgeschützt eingehängt: ",,Ein Einhängepunkt mit einem Serienpfad ist schreibgeschützt eingehängt: ,
MoveAutomatically,missing,,Move Automatically,,,,Automatisch verschieben,
MoveDown,missing,,Move Down,,,,Nach unten,
MoveFilesNo,missing,,"No, I'll Move the Files Myself",,,,"Nein, ich verschiebe die Dateien selbst",
MoveFilesYes,missing,,"Yes, Move the Files",,,,"Ja, Dateien verschieben",
MoveSeriesFilesMessageText,missing,,Would you like to move the series files from '{originalPath}' to '{destinationPath}'?,,,,Möchten Sie die Dateien der Serie von '{originalPath}' nach '{destinationPath}' verschieben?,
MoveSeriesFoldersMessageText,missing,,Would you like to move the series folders to '{destinationRootFolder}'?,,,,Möchten Sie die Serienordner nach '{destinationRootFolder}' verschieben?,
MoveUp,missing,,Move Up,,,,Nach oben,
MultiPartVolume,missing,,Multi-part Volume,,,,Mehrteiliger Band,
MusicBrainzAuthorID,vocab glossary:series stale,MusicBrainz Author ID,MusicBrainz Series ID,,MusicBranz Künstler Id,,MusicBrainz-Serien-ID,
MusicBrainzBookID,glossary:volume stale,MusicBrainz Book ID,MusicBrainz Volume ID,,MusicBrainz Titel Id,,MusicBrainz-Band-ID,
MyComputer,missing,,My Computer,,,,Mein Computer,
NameStyle,vocab glossary:series stale,Author Name Style,Series Name Style,,Autor Namensstil,,Namensstil der Serie,
NamingExample,missing,,Example: {example},,,,Beispiel: {example},
NamingTokensNote,missing,,"Tokens keep their Readarr names: Author tokens are the series, Book tokens the volume.",,,,"Platzhalter behalten ihre Readarr-Namen: Author-Platzhalter stehen für die Serie, Book-Platzhalter für den Band.",exception: names the Readarr tokens; Readarr stays as the English says it
Negate,missing,,Negate,,,,Negieren,
Never,missing,,Never,,,Niemals,Niemals,
NewBooks,vocab glossary:volume stale,New Books,New Volumes,,Neue Bücher,,Neue Bände,
NewznabAdditionalParametersHelpText,missing,,Additional Newznab parameters,Newznab,,,Zusätzliche Newznab-Parameter,
NewznabApiPathHelpText,missing,,"Path to the api, usually /api",Newznab,,,"Pfad zur API, meist /api",
NewznabCategoriesHelpText,missing,,Drop down list; at least one category must be selected.,Newznab,,,Dropdown-Liste; mindestens eine Kategorie muss ausgewählt sein.,
NextExecutionNow,missing,,now,,,,jetzt,
NextExecutionQueued,missing,,queued,,,,in Warteschlange,
NextVolume,missing,,Next Volume,,,,Nächster Band,
NoCollectionsYet,missing,,No collections yet; one appears when a series in the library has other arcs or side stories.,,,,"Noch keine Sammlungen; eine erscheint, sobald eine Serie in der Bibliothek weitere Arcs oder Nebengeschichten hat.",
NoDelay,missing,,No Delay,,,,Keine Verzögerung,
NoDownloadClientsFound,upstream,,No download clients found,,Keine Download Clienten gefunden,,Keine Download-Clients gefunden,"upstream fix (fix round 1, I4)"
NoFiles,missing,,No files,,,,Keine Dateien,
NoImportListsFound,upstream,,No import lists found,,Keine Einspiel-Listen gefunden,,Keine Importlisten gefunden,"upstream fix (fix round 1, Minor)"
NoItemsFoundGetStarted,missing,,"No {itemType} found; to get started, import your existing series or add a new series.",,,,Noch keine {itemType} vorhanden; importieren Sie zum Einstieg Ihre vorhandenen Serien oder fügen Sie eine neue Serie hinzu.,{itemType} is ItemTypeSeries/ItemTypeVolumes (Serien / Bände): 'keine' + plural reads for both nouns
NoLeaveIt,upstream,,"No, Leave It",,"Nein, lass es",,"Nein, beibehalten","upstream fix (fix round 1, I2)"
NoLinks,missing,,No links,,,,Keine Links,
NoMatchCandidates,missing,,AniList returned no candidates for this search,,,,AniList hat für diese Suche keine Kandidaten geliefert,
NoMatchFound,missing,,No Match Found,,,,Keine Übereinstimmung gefunden,
NoSeriesAddedYet,missing,,You haven't added any series yet; do you want to import your existing series?,,,,Sie haben noch keine Serien hinzugefügt; möchten Sie Ihre vorhandenen Serien importieren?,
NoTagsHaveBeenAddedYet,readarr vocab glossary:series stale,"No tags have been added yet. Add tags to link authors with delay profiles, restrictions, or notifications. Click {0} to find out more about tags in Readarr.","No tags have been added yet. Add tags to link series with delay profiles, restrictions, or notifications. Click {0} to find out more about tags in Mangarr.",,"Es wurden bisher noch keine Tags hinzugefügt. Fügen Sie Tags hinzu um Autoren mit Verzögerunsprofilen, Einschränkungen oder Benachrichtigungen zu verknüpfen. Klicken Sie {0} um mehr über Tags in Readarr herauszufinden.",,"Es wurden noch keine Tags hinzugefügt. Fügen Sie Tags hinzu, um Serien mit Verzögerungsprofilen, Einschränkungen oder Benachrichtigungen zu verknüpfen. Klicken Sie auf {0}, um mehr über Tags in {appName} zu erfahren.",unreferenced; NoTagsHaveBeenAddedYetMessageText is the one shown
NoTagsHaveBeenAddedYetMessageText,missing,,"No tags have been added yet. Add tags to link series with delay profiles, restrictions, or notifications. Click {wikiLink} to find out more about tags in {appName}.",,,,"Es wurden noch keine Tags hinzugefügt. Fügen Sie Tags hinzu, um Serien mit Verzögerungsprofilen, Einschränkungen oder Benachrichtigungen zu verknüpfen. Klicken Sie auf {wikiLink}, um mehr über Tags in {appName} zu erfahren.",
NoVolumeFilesFoundInFolder,missing,,No volume files were found in the selected folder,,,,Im ausgewählten Ordner wurden keine Banddateien gefunden,
NoVolumeFilesToManage,missing,,No volume files to manage.,,,,Keine Banddateien zu verwalten.,
NoVolumes,missing,,No volumes,,,,Keine Bände,
NotFoundCaption,missing,,This page got isekai'd.,,,,Diese Seite wurde ins Isekai versetzt.,joke: the page was transported to another world (isekai)
NotFoundMessage,missing,,"You must be lost, nothing to see here.",,,,"Sie haben sich wohl verlaufen, hier gibt es nichts zu sehen.",
NotInLibrary,missing,,Not in Library,,,,Nicht in der Bibliothek,
NotMonitored,glossary:monitored,Not Monitored,Not Monitored,,Nicht beobachtet,,Nicht überwacht,
NotYet,missing,,Not Yet,,,,Noch nicht,
NotifiarrAPIKeyHelpText,missing,,Your API key from your profile,Notifiarr,,,Ihr API-Schlüssel aus Ihrem Profil,
NotificationPriority,missing,,Notification Priority,Join,,,Benachrichtigungspriorität,
NotificationStatusSingleClientHealthCheckMessage,upstream,,Notifications unavailable due to failures: {0},,Applikationen wegen folgender Fehler nicht verfügbar: {0},,Benachrichtigungen aufgrund von Fehlern nicht verfügbar: {0},upstream fix: said Applikationen (applications)
NotificationTriggersHelpText,missing,,Select which events should trigger this notification,,,,"Wählen Sie, welche Ereignisse diese Benachrichtigung auslösen sollen",
NotifyWithChatMessage,missing,,Notify with Chat Message,Subsonic,,,Per Chatnachricht benachrichtigen,
NtfyAccessTokenHelpText,missing,,Optional token-based authorization. Takes priority over username/password,Ntfy,,,Optionale tokenbasierte Autorisierung. Hat Vorrang vor Benutzername/Passwort,
NtfyClickUrlHelpText,missing,,Optional link when user clicks notification,Ntfy,,,"Optionaler Link, wenn der Benutzer auf die Benachrichtigung klickt",
NtfyPasswordHelpText,missing,,Optional Password,Ntfy,,,Optionales Passwort,
NtfyServerUrlHelpText,missing,,Leave blank to use public server (https://ntfy.sh),Ntfy,,,"Leer lassen, um den öffentlichen Server (https://ntfy.sh) zu verwenden",
NtfyTagsAndEmojis,missing,,Ntfy Tags and Emojis,Ntfy,,,Ntfy-Tags und Emojis,
NtfyTagsHelpText,missing,,Optional list of tags or emojis to use,Ntfy,,,Optionale Liste von Tags oder Emojis,
NtfyTopicsHelpText,missing,,List of Topics to send notifications to,Ntfy,,,"Liste der Themen, an die Benachrichtigungen gesendet werden",
NtfyUserNameHelpText,missing,,Optional Authorization,Ntfy,,,Optionale Autorisierung,
Number,missing,,Number,,,,Nummer,
NyaaAdditionalParametersHelpText,missing,,Please note if you change the category you will have to add required/restricted rules about the subgroups to avoid foreign language releases.,Nyaa,,,"Beachten Sie: Wenn Sie die Kategorie ändern, müssen Sie Muss-/Darf-nicht-Regeln für die Subgruppen hinzufügen, um fremdsprachige Releases zu vermeiden.",
NzbFolder,missing,,Nzb Folder,Pneumatic UsenetBlackhole,,,NZB-Ordner,
NzbVortexOlderTvPriorityHelpText,missing,,Priority to use when grabbing books released over 14 days ago,NzbVortex Nzbget QBittorrent RTorrent Sabnzbd Transmission UTorrent,,,"Priorität beim Holen von Bänden, die vor mehr als 14 Tagen erschienen sind",shared by 7 download clients; en says books: translated as volumes
NzbVortexRecentTvPriorityHelpText,missing,,Priority to use when grabbing books released within the last 14 days,NzbVortex Nzbget QBittorrent RTorrent Sabnzbd Transmission UTorrent,,,"Priorität beim Holen von Bänden, die in den letzten 14 Tagen erschienen sind",shared by 7 download clients; en says books: translated as volumes
NzbVortexUrlBaseHelpText,missing,,"Adds a prefix to the NZBVortex url, e.g. http://[host]:[port]/[urlBase]/api",NzbVortex,,,"Fügt der NZBVortex-URL ein Präfix hinzu, z. B. http://[host]:[port]/[urlBase]/api",
NzbgetAddPausedHelpText,missing,,This option requires at least NzbGet version 16.0,Nzbget,,,Diese Option erfordert mindestens NzbGet Version 16.0,
NzbgetUrlBaseHelpText,missing,,"Adds a prefix to the nzbget url, e.g. http://[host]:[port]/[urlBase]/jsonrpc",Nzbget,,,"Fügt der nzbget-URL ein Präfix hinzu, z. B. http://[host]:[port]/[urlBase]/jsonrpc",
NzbgetUseSslHelpText,missing,,Use secure connection when connecting to NZBGet,Nzbget,,,Beim Verbinden mit NZBGet eine sichere Verbindung verwenden,
OAuthPopupMessage,missing,,Pop-ups are being blocked by your browser,,,,Pop-ups werden von Ihrem Browser blockiert,
Ok,missing,,Ok,,,,Ok,
OkConfirm,missing,,OK,,,,OK,
OlderPriority,missing,,Older Priority,Deluge NzbVortex Nzbget QBittorrent RTorrent Sabnzbd Transmission UTorrent,,,Priorität für ältere Releases,
OnAuthorAdded,vocab glossary:series stale,On Author Added,On Series Added,,Beim Hinzufügen des Autors,,Beim Hinzufügen einer Serie,
OnAuthorAddedHelpText,vocab glossary:series stale,On Author Added,On Series Added,,Beim Hinzufügen des Autors,,Beim Hinzufügen einer Serie,
OnAuthorDelete,vocab glossary:series stale,On Author Delete,On Series Delete,,Beim Löschen eines Autors,,Beim Löschen einer Serie,
OnAuthorDeleteHelpText,vocab glossary:series stale,On Author Delete,On Series Delete,,Beim Löschen eines Autors,,Beim Löschen einer Serie,
OnBookDelete,vocab glossary:volume stale,On Book Delete,On Volume Delete,,Beim Löschen eines Buches,,Beim Löschen eines Bandes,
OnBookDeleteHelpText,vocab glossary:volume stale,On Book Delete,On Volume Delete,,Beim Löschen eines Buches,,Beim Löschen eines Bandes,
OnBookFileDelete,vocab glossary:volume stale,On Book File Delete,On Volume File Delete,,Bei Filmdatei löschen,,Beim Löschen einer Banddatei,
OnBookFileDeleteForUpgrade,vocab glossary:volume stale,On Book File Delete For Upgrade,On Volume File Delete For Upgrade,,Bei Filmdatei Zum Upgrade löschen,,Beim Löschen einer Banddatei für ein Upgrade,
OnBookFileDeleteForUpgradeHelpText,vocab glossary:volume stale,On Book File Delete For Upgrade,On Volume File Delete For Upgrade,,Bei Filmdatei Zum Upgrade löschen,,Beim Löschen einer Banddatei für ein Upgrade,
OnBookFileDeleteHelpText,vocab glossary:volume stale,On Book File Delete,On Volume File Delete,,Bei Filmdatei löschen,,Beim Löschen einer Banddatei,
OnBookRetagHelpText,vocab glossary:volume stale,On Book Retag,On Volume Retag,,Bei neu markieren eines Buches,,Beim Neuschreiben der Tags eines Bandes,
OnBookTagUpdate,vocab glossary:volume stale,On Book Tag Update,On Volume Tag Update,,Bei Update eines Buch Tags,,Bei Aktualisierung der Tags eines Bandes,
OnGrab,upstream,,On Grab,,Bei Abruf,,Beim Holen,"upstream fix (grab = holen, was Abruf)"
OnGrabHelpText,upstream,,On Grab,,Erfassen,,Beim Holen,"upstream fix (grab = holen, was Erfassen)"
OnUpgrade,upstream,,On Upgrade,,Bei Aktualisierung,,Beim Upgrade,"upstream fix (fix round 1, I5)"
OnUpgradeHelpText,upstream,,On Upgrade,,Upgrade,,Beim Upgrade,"upstream fix (fix round 1, I5)"
OneLeecher,missing,,1 leecher,,,,1 Leecher,
OneMinute,missing,,1 Minute,,,,1 Minute,
OneSeeder,missing,,1 seeder,,,,1 Seeder,
OnlyTorrent,missing,,Only Torrent,,,,Nur Torrent,
OnlyUsenet,missing,,Only Usenet,,,,Nur Usenet,
OpenThisModal,missing,,Open This Modal,,,,Diesen Dialog öffnen,
OptionAny,missing,,(Any),,,,(Beliebig),
OptionMixed,missing,,(Mixed),,,,(Gemischt),
Or,missing,,or,,,,oder,
Organize,missing,,Organize,,,,Organisieren,
OrganizeAndRename,missing,,Organize & Rename,,,,Organisieren & Umbenennen,
OrganizeNamingPattern,missing,,Naming pattern:,,,,Benennungsmuster:,
OrganizeRenamePreviewTip,missing,,"Tip: To preview a rename, select ""Cancel"", then select any series name and use the{icon}",,,,"Tipp: Für eine Vorschau der Umbenennung wählen Sie 'Abbrechen', dann einen beliebigen Seriennamen und verwenden Sie das Symbol{icon}","{icon} is the rename icon element; no space before it, as in en"
OrganizeSelectedSeries,missing,,Organize Selected Series,,,,Ausgewählte Serien organisieren,
OrganizeSelectedSeriesMessage,missing,,Are you sure you want to organize all files in the {count} selected author?,,,,"Sind Sie sicher, dass Sie alle Dateien in den ausgewählten Serien ({count}) organisieren möchten?",en says selected author: translated by meaning (series)
OverviewOptions,missing,,Overview Options,,,,Optionen für den Überblick,
OverviewView,missing,,Overview,,,Überblick,Überblick,
PackageVersionByAuthor,missing,,{packageVersion}  by  {packageAuthor},,,,{packageVersion}  von  {packageAuthor},
PageCount,missing,,Page Count,,,,Seitenanzahl,
PageCountShort,missing,,{pageCount}p,,,,{pageCount} S.,
PageSizeMaximum,missing,,Page size must not exceed 250,,,,Die Seitengröße darf 250 nicht überschreiten,
PageSizeMinimum,missing,,Page size must be at least 5,,,,Die Seitengröße muss mindestens 5 betragen,
Pages,missing,,Pages,,,,Seiten,
PartOf,missing,,Part of,,,,Teil von,
Partial,missing,,Partial,,,,Teilweise,
Passkey,missing,,Passkey,FileList,,,Passkey,
PasswordHelpText,upstream,,Calibre content server password,,Calibre-Content-Server,,Passwort des Calibre-Content-Servers,upstream fix: the word 'password' was missing
PathAsAudiobookshelfSeesIt,missing,,Path As Audiobookshelf Sees It,,,,Pfad aus Sicht von Audiobookshelf,
PathAsCalibreSeesIt,missing,,Path As Calibre Sees It,,,,Pfad aus Sicht von Calibre,
PathAsMangarrSeesIt,missing,,Path As Mangarr Sees It,,,,Pfad aus Sicht von {appName},
PathHelpText,glossary:volume stale,Root Folder containing your book library,Root Folder containing your volume library,,Stammordner für die Musikbibliothek,,"Stammordner, der Ihre Bände enthält",
PathHelpTextWarning,upstream,,This must be different to the directory where your download client puts files,,"Dies muss ein anderes Verzeichnis sein als das, in dem der Download Client die Dateien ablegt",,"Dies muss ein anderes Verzeichnis sein als das, in dem Ihr Download-Client Dateien ablegt","upstream fix (fix round 1, I4)"
Paused,missing,,Paused,,,,Pausiert,
Peers,missing,,Peers,,,,Peers,
Pending,missing,,Pending,,,,Ausstehend,
PendingChangesDiscardChanges,missing,,Discard changes and leave,,,,Änderungen verwerfen und verlassen,
PendingChangesMessage,missing,,"You have unsaved changes, are you sure you want to leave this page?",,,,"Sie haben ungespeicherte Änderungen. Sind Sie sicher, dass Sie diese Seite verlassen möchten?",
PendingChangesStayReview,missing,,Stay and review changes,,,,Bleiben und Änderungen prüfen,
PendingDownloadClientUnavailable,missing,,Pending - Download client is unavailable,,,,Ausstehend - Download-Client ist nicht verfügbar,
PinMetadata,missing,,Pin Metadata,,,,Metadaten fixieren,"pin = fixieren throughout (PinMetadata*, PinWriter*, PinnedOn, RemovePin, MetadataPinError)"
PinMetadataHint,missing,,A pinned value replaces what the metadata sources return and survives every refresh; leave a field blank to let them decide.,,,,"Ein fixierter Wert ersetzt, was die Metadatenquellen liefern, und bleibt bei jeder Aktualisierung erhalten; lassen Sie ein Feld leer, damit die Quellen entscheiden.",
PinReleaseDateHelpText,missing,,yyyy-MM-dd,,,,JJJJ-MM-TT,"the date format hint, German letters (Jahr, Monat, Tag)"
PinSourceHelpText,missing,,Where the value was checked; a pin outranks every metadata provider,,,,Wo der Wert geprüft wurde; eine Fixierung hat Vorrang vor allen Metadatenanbietern,
PinWriter,missing,,Pin Writer,,,,Autor fixieren,
PinWriterHelpText,missing,,Pin the real writer Calibre files this series under,,,,"Den echten Autor fixieren, unter dem Calibre diese Serie einordnet",
PinWriterHint,missing,,The pinned writer replaces what the metadata sources return and survives every refresh; Remove Pin lets them decide again.,,,,"Der fixierte Autor ersetzt, was die Metadatenquellen liefern, und bleibt bei jeder Aktualisierung erhalten; 'Fixierung aufheben' lässt wieder die Quellen entscheiden.",
PinnedOn,missing,,Pinned on {date}.,,,,Fixiert am {date}.,
PneumaticNzbFolderHelpText,missing,,This folder will need to be reachable from XBMC,Pneumatic,,,Dieser Ordner muss von XBMC aus erreichbar sein,
PneumaticStrmFolderHelpText,missing,,.strm files in this folder will be import by drone,Pneumatic,,,.strm-Dateien in diesem Ordner werden von Drone importiert,
PortHelpText,upstream,,Calibre content server port,,Calibre-Content-Server,,Port des Calibre-Content-Servers,upstream fix: the word 'port' was missing
PostImportCategory,missing,,Post-Import Category,Deluge QBittorrent RTorrent UTorrent,,,Kategorie nach dem Import,
PostImportTags,missing,,Post-Import Tags,Flood,,,Tags nach dem Import,
PosterOptions,missing,,Poster Options,,,,Poster-Optionen,
Posters,missing,,Posters,,,,Poster,
PreferAndUpgrade,missing,,Prefer and Upgrade,,,,Bevorzugen und upgraden,
PreferTorrent,missing,,Prefer Torrent,,,,Torrent bevorzugen,
PreferUsenet,missing,,Prefer Usenet,,,,Usenet bevorzugen,
PreferredEdition,missing,,Preferred Edition,,,,Bevorzugte Ausgabe,
PreferredEditionHelpText,missing,,Default for new series; existing series keep their edition,,,,Standard für neue Serien; vorhandene Serien behalten ihre Ausgabe,
PreferredEditionOtherSeries,missing,,{count} series use another edition ({breakdown}) — change them from the series list,,,,{count} Serie(n) verwenden eine andere Ausgabe ({breakdown}) — ändern Sie sie in der Serienliste,
PreferredLightNovelFormatHelpText,missing,,Calibre adds this format to each imported book; the EPUB is always kept.,,,,Calibre fügt jedem importierten Buch dieses Format hinzu; die EPUB wird immer behalten.,exception: calibre's own unit is the book
Presets,missing,,Presets,,,,Voreinstellungen,
Priority,missing,,Priority,Gotify Ntfy Prowl Pushover,,,Priorität,
PriorityValue,missing,,Priority: {priority},,,,Priorität: {priority},
Proceed,missing,,Proceed,,,,Fortfahren,
ProgressBarProgress,missing,,Progress Bar at {progress}%,,,,Fortschrittsbalken bei {progress}%,
Proper,upstream,,Proper,,Korrekt,,Proper,"upstream fix (fix round 1, I5)"
ProviderMoreInfo,missing,,More info,,,,Mehr Infos,
ProxyTypeSocks5,missing,,Socks5 (Support TOR),,,,Socks5 (unterstützt TOR),
PurchaseLocation,missing,,Purchase Location,GoodreadsOwnedBooksNotification,,,Kaufort,
PushBulletChannelTagsHelpText,missing,,List of Channel Tags to send notifications to,PushBullet,,,"Liste der Kanal-Tags, an die Benachrichtigungen gesendet werden",
PushBulletDeviceIdsHelpText,missing,,List of device IDs (leave blank to send to all devices),PushBullet,,,"Liste der Geräte-IDs (leer lassen, um an alle Geräte zu senden)",
PushBulletSenderIdHelpText,missing,,"The device ID to send notifications from, use device_iden in the device's URL on pushbullet.com (leave blank to send from yourself)",PushBullet,,,"Die Geräte-ID, von der Benachrichtigungen gesendet werden; verwenden Sie device_iden aus der Geräte-URL auf pushbullet.com (leer lassen, um von Ihnen selbst zu senden)",
PushoverDevicesHelpText,missing,,List of device names (leave blank to send to all devices),Pushover,,,"Liste der Gerätenamen (leer lassen, um an alle Geräte zu senden)",
PushoverExpireHelpText,missing,,"Maximum time to retry Emergency alerts, maximum 86400 seconds",Pushover,,,"Maximale Dauer für erneute Versuche bei Notfallwarnungen, höchstens 86400 Sekunden",
PushoverRetryHelpText,missing,,"Interval to retry Emergency alerts, minimum 30 seconds",Pushover,,,"Intervall für erneute Versuche bei Notfallwarnungen, mindestens 30 Sekunden",
PushoverSoundHelpText,missing,,"Notification sound, leave blank to use the default",Pushover,,,"Benachrichtigungston, leer lassen für den Standard",
QBittorrentFirstAndLastHelpText,missing,,Download first and last pieces first (qBittorrent 4.1.0+),QBittorrent,,,Erste und letzte Teile zuerst herunterladen (qBittorrent 4.1.0+),
QBittorrentInitialStateHelpText,missing,,Initial state for torrents added to qBittorrent. Note that Forced Torrents do not abide by seed restrictions,QBittorrent,,,"Anfangszustand für zu qBittorrent hinzugefügte Torrents. Beachten Sie, dass erzwungene Torrents keine Seed-Beschränkungen einhalten",
QBittorrentMusicImportedCategoryHelpText,missing,,Category for Mangarr to set after it has imported the download. Mangarr will not remove the torrent if seeding has finished. Leave blank to keep same category.,QBittorrent UTorrent,,,"Kategorie, die {appName} nach dem Import des Downloads setzt. {appName} entfernt den Torrent nicht, wenn das Seeding abgeschlossen ist. Leer lassen, um die Kategorie beizubehalten.",
QBittorrentSequentialOrderHelpText,missing,,Download in sequential order (qBittorrent 4.1.0+),QBittorrent,,,In sequenzieller Reihenfolge herunterladen (qBittorrent 4.1.0+),
QBittorrentUrlBaseHelpText,missing,,"Adds a prefix to the qBittorrent url, e.g. http://[host]:[port]/[urlBase]/api",QBittorrent,,,"Fügt der qBittorrent-URL ein Präfix hinzu, z. B. http://[host]:[port]/[urlBase]/api",
QBittorrentUseSslHelpText,missing,,Use a secure connection. See Options -> Web UI -> 'Use HTTPS instead of HTTP' in qBittorrent.,QBittorrent,,,Eine sichere Verbindung verwenden. Siehe Optionen -> Web UI -> 'Use HTTPS instead of HTTP' in qBittorrent.,
Qualities,missing,,Qualities,,,,Qualitäten,
QualitiesHelpText,missing,,Qualities higher in the list are more preferred. Qualities within the same group are equal. Only checked qualities are wanted,,,,Qualitäten weiter oben in der Liste werden bevorzugt. Qualitäten in derselben Gruppe sind gleichwertig. Nur markierte Qualitäten werden gesucht,
QualityClassArchives,missing,,Archives (manga),,,,Archive (Manga),
QualityClassAudio,missing,,Audiobook,,,,Hörbuch,
QualityClassEbook,missing,,Ebook,,,,E-Book,
QualityCutoffNotMet,missing,,Quality cutoff has not been met,,,,Die Qualitätsschwelle wurde nicht erreicht,
QualityDefinitionMax,missing,,Max,,,,Max,
QualityDefinitionMin,missing,,Min,,,,Min,
QualityLimitsAudiobookDurationHelpText,missing,,Limits are automatically adjusted for the audiobook duration.,,,,Grenzwerte werden automatisch an die Dauer des Hörbuchs angepasst.,
QualityOrderExplainer,missing,,Top is most preferred. Cutoff: stop upgrading once this quality is reached.,,,,"Oben steht die bevorzugte Qualität. Schwelle: Upgrades stoppen, sobald diese Qualität erreicht ist.",
QualityProfileIdHelpText,upstream,,Quality Profile list items should be added with,,Qualitätsprofil mit dem Listemelemente hinzugefügt werden sollen,,"Qualitätsprofil, mit dem Listeneinträge hinzugefügt werden sollen","upstream fix (fix round 1, Ruling)"
QualityProfileNamed,missing,,Quality Profile: {name},,,,Qualitätsprofil: {name},
QueueDownloadFailed,missing,,Download failed,,,,Download fehlgeschlagen,
QueueDownloadWarning,missing,,Download warning: {message},,,,Download-Warnung: {message},
QueueDownloadedImporting,missing,,Downloaded - Importing,,,,Heruntergeladen - Wird importiert,
QueueDownloadedWaitingToImport,missing,,Downloaded - Waiting to Import,,,,Heruntergeladen - Wartet auf Import,
QueueDownloadedWaitingToProcess,missing,,Downloaded - Waiting to Process,,,,Heruntergeladen - Wartet auf Verarbeitung,
QueueImportFailed,missing,,Import failed: {sourceTitle},,,,Import fehlgeschlagen: {sourceTitle},
QueuedTaskEndedColumn,missing,,Ended,,,,Beendet,Tasks → Queued end-time column header (split from Ended)
QueuedTaskQueuedColumn,missing,,Queued,,,,In Warteschlange,Tasks → Queued queued-time column header (split from Queued); de Queued value
RTorrentAddStoppedHelpText,missing,,Enabling will add torrents and magnets to rTorrent in a stopped state. This may break magnet files.,RTorrent,,,"Wenn aktiviert, werden Torrents und Magnets im gestoppten Zustand zu rTorrent hinzugefügt. Das kann Magnet-Dateien beschädigen.",
RTorrentMusicDirectoryHelpText,missing,,"Optional location to put downloads in, leave blank to use the default rTorrent location",RTorrent,,,"Optionaler Ort für Downloads; leer lassen, um den Standardort von rTorrent zu verwenden",
RTorrentUrlBaseHelpText,missing,,"Path to the XMLRPC endpoint, see http(s)://[host]:[port]/[urlPath]. This is usually RPC2 or [path to ruTorrent]/plugins/rpc/rpc.php when using ruTorrent.",RTorrent,,,"Pfad zum XMLRPC-Endpunkt, siehe http(s)://[host]:[port]/[urlPath]. Das ist meist RPC2 oder [Pfad zu ruTorrent]/plugins/rpc/rpc.php bei Verwendung von ruTorrent.",
RTorrentUseSslHelpText,missing,,Use secure connection when connecting to rTorrent,RTorrent,,,Beim Verbinden mit rTorrent eine sichere Verbindung verwenden,
Rating,missing,,Rating,,,,Bewertung,
ReResolveMetadata,missing,,Re-resolve Metadata,,,,Metadaten neu auflösen,
ReResolveMetadataHelpText,missing,,"Clears the stored release dates and page counts for every volume, then looks them up again",,,,Löscht die gespeicherten Erscheinungsdaten und Seitenzahlen aller Bände und ruft sie erneut ab,
ReResolveMetadataTooltip,missing,,"Clears stored dates and pages, then looks them up again",,,,Löscht gespeicherte Daten und Seitenzahlen und ruft sie erneut ab,
ReadOnly,missing,,Read Only,TorrentBlackhole,,,Schreibgeschützt,
ReadarrApiKeyHelpText,missing,,Apikey of the Readarr instance to import from,Readarr,,,"API-Schlüssel der Readarr-Instanz, von der importiert wird",
ReadarrBaseUrlHelpText,missing,,"URL, including port, of the Readarr instance to import from",Readarr,,,"URL, einschließlich Port, der Readarr-Instanz, von der importiert wird",
ReadarrProfileIdsHelpText,missing,,Profiles from the source instance to import from,Readarr,,,"Profile der Quellinstanz, aus denen importiert wird",
ReadarrRootFolderPathsHelpText,missing,,Root Folders from the source instance to import from,Readarr,,,"Stammordner der Quellinstanz, aus denen importiert wird",
ReadarrSupportsAnyDownloadClient,stale,Readarr supports many popular torrent and usenet download clients.,Mangarr supports many popular torrent and usenet download clients.,,{appName} unterstützt viele bekannte Torrent- und Usenetdownloader.,,{appName} unterstützt viele gängige Torrent- und Usenet-Download-Clients.,
ReadarrSupportsAnyIndexerThatUsesTheNewznabStandardAsWellAsOtherIndexersListedBelow,stale,"Readarr supports any indexer that uses the Newznab standard, as well as other indexers listed below.","Mangarr supports any indexer that uses the Newznab standard, as well as other indexers listed below.",,Jeder Indexer der den Newznab-Standard verwendet oder unten aufgelistet ist wird untertützt.,,"{appName} unterstützt jeden Indexer, der den Newznab-Standard verwendet, sowie die unten aufgeführten weiteren Indexer.",
ReadarrSupportsMultipleListsForImportingBooksAndAuthorsIntoTheDatabase,vocab glossary:series glossary:volume stale,Readarr supports multiple lists for importing Books and Authors into the database.,Mangarr supports multiple lists for importing Volumes and Series into the database.,,{appName} unterstützt mehrere Listen für den Import von Alben und Künstlern in die Datenbank.,,"{appName} unterstützt mehrere Listen, um Bände und Serien in die Datenbank zu importieren.",
ReadarrTagIdsHelpText,missing,,Tags from the source instance to import from,Readarr,,,"Tags der Quellinstanz, aus denen importiert wird",
ReadarrTags,stale,Readarr Tags,Mangarr Tags,,{appName} Tags,,{appName}-Tags,
RecentPriority,missing,,Recent Priority,Deluge NzbVortex Nzbget QBittorrent RTorrent Sabnzbd Transmission UTorrent,,,Priorität für neue Releases,
RecipientAddressEs,missing,,Recipient Address(es),Email Mailgun SendGrid,,,Empfängeradresse(n),Email/Mailgun/SendGrid: list of recipients
RecycleBinCleanupDaysHelpTextWarning,upstream,,Files in the recycle bin older than the selected number of days will be cleaned up automatically,,"Datien im Papierkorb die älter sind als der gewählte Wert, werden endgültig gelöscht",,"Dateien im Papierkorb, die älter als die gewählte Anzahl von Tagen sind, werden automatisch bereinigt","upstream fix (fix round 1, Ruling)"
RecycleBinHelpText,vocab glossary:volume stale,Book files will go here when deleted instead of being permanently deleted,Volume files will go here when deleted instead of being permanently deleted,,Gelöschte Filmdateien werden hierher verschoben anstatt sie direkt endgültig zu löschen,,"Gelöschte Banddateien werden hierher verschoben, statt endgültig gelöscht zu werden",
RecycleBinUnableToWriteHealthCheck,stale,Unable to write to configured recycling bin folder: {0}. Ensure this path exists and is writable by the user running Readarr,Unable to write to configured recycling bin folder: {0}. Ensure this path exists and is writable by the user running Mangarr,,"Schreiben in konfigurierten Papierkorbordner nicht möglich: {0}. Stelle sicher, dass dieser Pfad existiert und von dem Benutzer, der {appName} ausführt, beschreibbar ist",,"In den konfigurierten Papierkorbordner kann nicht geschrieben werden: {0}. Stellen Sie sicher, dass dieser Pfad existiert und vom Benutzer, der {appName} ausführt, beschreibbar ist",
RedownloadFailed,upstream,,Redownload Failed,,Download fehlgeschlagen,,Fehlgeschlagene erneut herunterladen,upstream fix: was 'Download failed'; same wording as AutoRedownloadFailed
RefreshAuthor,vocab glossary:series stale,Refresh Author,Refresh Series,,Autor aktualisieren,,Serie aktualisieren,
RefreshBook,vocab glossary:volume stale,Refresh Book,Refresh Volume,,Buch aktualisieren,,Band aktualisieren,
RegularExpressionsCanBeTested,missing,,Regular expressions can be tested {link},,,,Reguläre Ausdrücke können {link} getestet werden,
RejectBlocklistedTorrentHashesWhileGrabbing,missing,,Reject Blocklisted Torrent Hashes While Grabbing,FileList Gazelle IPTorrents Nyaa TorrentRssIndexer Torrentleech Torznab,,,Torrent-Hashes von der Sperrliste beim Holen ablehnen,
RejectionCount,missing,,Rejection Count,,,,Anzahl der Ablehnungen,
ReleaseBranchCheckOfficialBranchMessage,stale,"Branch {0} is not a valid Readarr release branch, you will not receive updates","Branch {0} is not a valid Mangarr release branch, you will not receive updates",,Zweig {0} ist kein gültiger {appName}-Release-Zweig. Sie erhalten keine Updates,,"Branch {0} ist kein gültiger Release-Branch von {appName}, Sie erhalten keine Updates",
ReleaseDate,upstream,,Release Date,,VÖ Termine,,Erscheinungsdatum,upstream fix: was plural 'VÖ Termine' (release appointments)
ReleaseDateWithDate,missing,,ReleaseDate: {date},,,,Erscheinungsdatum: {date},en ReleaseDate: {date} translated by meaning
ReleaseLines,missing,,Release Lines,,,,Veröffentlichungslinien,"OpenTome release lines; Linie, not Reihe (= a book series)"
ReleasedRelativeDate,missing,,Released {date},,,,Erschienen {date},
RemotePathMappingCheckBadDockerPath,upstream,,You are using docker; download client {0} places downloads in {1} but this is not a valid {2} path.  Review your remote path mappings and download client settings.,,"Docker erkannt; Downloader {0} speichert Downloads in {1}, aber dies ist kein valider {2} Pfad. Überprüfe die Remote-Pfadzuordnungen und die Downloader Einstellungen.",,"Sie verwenden Docker; Download-Client {0} legt Downloads in {1} ab, aber dies ist kein gültiger {2}-Pfad. Überprüfen Sie Ihre Remote-Pfadzuordnungen und die Einstellungen des Download-Clients.","upstream fix (fix round 1, I2)"
RemotePathMappingCheckDockerFolderMissing,upstream,,You are using docker; download client {0} places downloads in {1} but this directory does not appear to exist inside the container.  Review your remote path mappings and container volume settings.,,"Docker erkannt; Downloader {0} speichert Downloads in {1}, aber dieser Ordner scheint nicht im Container zu existieren. Überprüfe die Remote-Pfadzuordnungen und die Container Volume Einstellungen.",,"Sie verwenden Docker; Download-Client {0} legt Downloads in {1} ab, aber dieses Verzeichnis scheint im Container nicht zu existieren. Überprüfen Sie Ihre Remote-Pfadzuordnungen und die Volume-Einstellungen des Containers.","upstream fix (fix round 1, I2)"
RemotePathMappingCheckDownloadPermissions,glossary:volume stale,Readarr can see but not access downloaded book {0}.  Likely permissions error.,Mangarr can see but not access downloaded volume {0}.  Likely permissions error.,,"{appName} kann den Download sehen, aber nicht verarbeiten {0}. Möglicherweise ein Rechteproblem.",,"{appName} kann den heruntergeladenen Band {0} sehen, aber nicht darauf zugreifen. Wahrscheinlich ein Berechtigungsfehler.",
RemotePathMappingCheckFilesBadDockerPath,upstream,,You are using docker; download client {0} reported files in {1} but this is not a valid {2} path.  Review your remote path mappings and download client settings.,,"Docker erkannt; Downloader {0} meldet Dateien in {1}, aber dies ist kein valider {2} Pfad. Überprüfe deine Remote-Pfadzuordnungen und die Downloader Einstellungen.",,"Sie verwenden Docker; Download-Client {0} meldet Dateien in {1}, aber dies ist kein gültiger {2}-Pfad. Überprüfen Sie Ihre Remote-Pfadzuordnungen und die Einstellungen des Download-Clients.","upstream fix (fix round 1, I1)"
RemotePathMappingCheckFilesGenericPermissions,stale,Download client {0} reported files in {1} but Readarr cannot see this directory.  You may need to adjust the folder's permissions.,Download client {0} reported files in {1} but Mangarr cannot see this directory.  You may need to adjust the folder's permissions.,,"Downloader {0} meldet Dateien in {1}, aber {appName} kann dieses Verzeichnis nicht sehen.Möglicherweise müssen die Verzeichnisreche angepasst werden.",,"Download-Client {0} meldet Dateien in {1}, aber {appName} kann dieses Verzeichnis nicht sehen. Möglicherweise müssen Sie die Berechtigungen des Ordners anpassen.",
RemotePathMappingCheckFilesLocalWrongOSPath,upstream,,Local download client {0} reported files in {1} but this is not a valid {2} path.  Review your download client settings.,,"Downloader {0} meldet Dateien in {1}, aber dies ist kein valider {2} Pfad. Überprüfe die Downloader Einstellungen.",,"Der lokale Download-Client {0} meldet Dateien in {1}, aber dies ist kein gültiger {2}-Pfad. Überprüfen Sie die Einstellungen Ihres Download-Clients.","upstream fix (fix round 1, I2)"
RemotePathMappingCheckFilesWrongOSPath,upstream,,Remote download client {0} reported files in {1} but this is not a valid {2} path.  Review your remote path mappings and download client settings.,,"Downloader {0} meldet Dateien in {1}, aber dies ist kein valider {2} Pfad. Überprüfe deine Remote-Pfadzuordnungen und die Downloader Einstellungen.",,"Der entfernte Download-Client {0} meldet Dateien in {1}, aber dies ist kein gültiger {2}-Pfad. Überprüfen Sie Ihre Remote-Pfadzuordnungen und die Einstellungen des Download-Clients.","upstream fix (fix round 1, I1)"
RemotePathMappingCheckFolderPermissions,tokens stale,Readarr can see but not access download directory {1}.  Likely permissions error.,Mangarr can see but not access download directory {1}.  Likely permissions error.,,"{appName} kann das Downloadverzeichnis sehen, aber nicht verarbeiten {0}. Möglicherwiese ein Rechteproblem.",,"{appName} kann das Download-Verzeichnis {1} sehen, aber nicht darauf zugreifen. Wahrscheinlich ein Berechtigungsfehler.",
RemotePathMappingCheckGenericPermissions,readarr stale,Download client {0} places downloads in {1} but Readarr cannot see this directory.  You may need to adjust the folder's permissions.,Download client {0} places downloads in {1} but Mangarr cannot see this directory.  You may need to adjust the folder's permissions.,,"Downloader {0} speichert Downloads in {1}, aber Readarr kann dieses Verzeichnis nicht sehen. Möglicherweise müssen die Verzeichnisrechte angepasst werden.",,"Download-Client {0} legt Downloads in {1} ab, aber {appName} kann dieses Verzeichnis nicht sehen. Möglicherweise müssen Sie die Berechtigungen des Ordners anpassen.",
RemotePathMappingCheckImportFailed,vocab glossary:volume stale,Readarr failed to import a book.  Check your logs for details.,Mangarr failed to import a volume.  Check your logs for details.,,{appName} konnte den Film nicht importieren. Prüfe die Logs für mehr Informtationen.,,{appName} konnte einen Band nicht importieren. Details finden Sie in den Protokollen.,
RemotePathMappingCheckLocalFolderMissing,upstream,,Remote download client {0} places downloads in {1} but this directory does not appear to exist.  Likely missing or incorrect remote path mapping.,,"Downloader {0} speichert Downloads in {1}, aber dieses Verzeichnis scheint nicht zu existieren. Möglicherweise eine fehlende oder falsche Remote-Pfadzuordnung.",,"Der entfernte Download-Client {0} legt Downloads in {1} ab, aber dieses Verzeichnis scheint nicht zu existieren. Vermutlich fehlt eine Remote-Pfadzuordnung oder sie ist falsch.","upstream fix (fix round 1, I4)"
RemotePathMappingCheckLocalWrongOSPath,upstream,,Local download client {0} places downloads in {1} but this is not a valid {2} path.  Review your download client settings.,,"Downloader {0} speichert Downloads in {1}, aber dies ist kein valider {2} Pfad. Überprüfe die Downloader Einstellungen.",,"Der lokale Download-Client {0} legt Downloads in {1} ab, aber dies ist kein gültiger {2}-Pfad. Überprüfen Sie die Einstellungen Ihres Download-Clients.","upstream fix (fix round 1, I2)"
RemotePathMappingCheckRemoteDownloadClient,upstream,,Remote download client {0} reported files in {1} but this directory does not appear to exist.  Likely missing remote path mapping.,,"Downloader {0} meldet Dateien in {1}, aber dieses Verzeichnis scheint nicht zu existieren. Möglicherweise fehle die Remote-Pfadzuordnung.",,"Der entfernte Download-Client {0} meldet Dateien in {1}, aber dieses Verzeichnis scheint nicht zu existieren. Vermutlich fehlt eine Remote-Pfadzuordnung.","upstream fix (fix round 1, I4)"
RemotePathMappingCheckWrongOSPath,upstream,,Remote download client {0} places downloads in {1} but this is not a valid {2} path.  Review your remote path mappings and download client settings.,,"Downloader {0} speichert Downloads in {1}, aber dies ist kein valider {2} Pfad. Überprüfe die Remote-Pfadzuordnungen und die Downloader Einstellungen.",,"Der entfernte Download-Client {0} legt Downloads in {1} ab, aber dies ist kein gültiger {2}-Pfad. Überprüfen Sie Ihre Remote-Pfadzuordnungen und die Einstellungen des Download-Clients.","upstream fix (fix round 1, I2)"
RemotePathMappingsInfo,upstream,,"Remote Path Mappings are very rarely required, if {app} and your download client are on the same system it is better to match your paths. For more information see the [wiki]({wikiLink}).",,"Remote Path Mappings sind nur in seltenen Fällen erforderlich. Wenn {app} und dein Download-Client auf demselben System laufen, ist es besser, die Pfade anzupassen. Weitere Informationen findest du im [Wiki]({wikiLink}).",,"Remote-Pfadzuordnungen sind nur sehr selten erforderlich. Wenn {app} und Ihr Download-Client auf demselben System laufen, ist es besser, die Pfade anzugleichen. Weitere Informationen finden Sie im [Wiki]({wikiLink}).","upstream fix (fix round 1, I1)"
RemoveCompletedDownloads,upstream,,Remove Completed Downloads,,Entferne abgeschlossene Downloads,,Abgeschlossene Downloads entfernen,"upstream fix (fix round 1, I2)"
RemoveCompletedDownloadsHelpText,upstream,,Remove imported downloads from download client history,,Entferne importierte Downloads aus der Download-Client-Historie,,Importierte Downloads aus dem Verlauf des Download-Clients entfernen,"upstream fix (fix round 1, I2)"
RemoveFailedDownloadsHelpText,upstream,,Remove failed downloads from download client history,,Fehlgeschlagene Downloads aus dem Downloader Verlauf entfernen,,Fehlgeschlagene Downloads aus dem Verlauf des Download-Clients entfernen,"upstream fix (fix round 1, I4)"
RemoveFromBookshelves,missing,,Remove from Bookshelves,GoodreadsBookshelfNotification,,,Aus Bücherregalen entfernen,
RemoveFromDownloadClient,upstream,,Remove from Download Client,,Aus dem Download Client entfernen,,Aus dem Download-Client entfernen,"upstream fix (fix round 1, I4)"
RemoveHelpTextWarning,upstream,,Removing will remove the download and the file(s) from the download client.,,Dies wird den Download und alle bereits heruntergeladenen Dateien aus dem Downloader entfernen.,,Beim Entfernen werden der Download und die Datei(en) aus dem Download-Client entfernt.,"upstream fix (fix round 1, I4)"
RemovePin,missing,,Remove Pin,,,,Fixierung aufheben,
RemoveQueueItemConfirmation,upstream,,Are you sure you want to remove '{sourceTitle}' from the queue?,,"Bist du sicher, dass du '{sourceTitle}' aus der Warteschlange entfernen möchtest?",,"Sind Sie sicher, dass Sie '{sourceTitle}' aus der Warteschlange entfernen möchten?","upstream fix (fix round 1, I1)"
RemoveSelectedItemBlocklistMessageText,upstream,,Are you sure you want to remove the selected items from the blocklist?,,"Bist du sicher, dass du die ausgewählten Einträge aus der Sperrliste entfernen willst?",,"Sind Sie sicher, dass Sie die ausgewählten Einträge aus der Sperrliste entfernen möchten?","upstream fix (fix round 1, I1)"
RemoveSelectedItemQueueMessageText,upstream,,Are you sure you want to remove 1 item from the queue?,,"Bist du sicher, dass du ein Eintrag aus der Warteschlange entfernen willst?",,"Sind Sie sicher, dass Sie 1 Eintrag aus der Warteschlange entfernen möchten?","upstream fix (fix round 1, I1)"
RemoveSelectedItemsQueueMessageText,upstream,,Are you sure you want to remove {0} items from the queue?,,"Bist du sicher, dass du {0} Einträge aus der Warteschlange entfernen willst?",,"Sind Sie sicher, dass Sie {0} Einträge aus der Warteschlange entfernen möchten?","upstream fix (fix round 1, I1)"
RenameBooks,vocab glossary:volume stale,Rename Books,Rename Volumes,,Bücher umbenennen,,Bände umbenennen,
RenameBooksHelpText,stale,Readarr will use the existing file name if renaming is disabled,Mangarr will use the existing file name if renaming is disabled,,"Wenn das Umbenennen deaktiviert ist, wird der vorhandene Dateiname benutzt",,"{appName} verwendet den vorhandenen Dateinamen, wenn das Umbenennen deaktiviert ist",
Repack,missing,,Repack,,,,Repack,
Replace,missing,,Replace,,,,Ersetzen,
ReplaceExistingFiles,missing,,Replace Existing Files,,,,Vorhandene Dateien ersetzen,
ReplaceIllegalCharactersHelpText,stale,"Replace illegal characters. If unchecked, Readarr will remove them instead","Replace illegal characters. If unchecked, Mangarr will remove them instead",,"Wenn nicht aktiviert, werden Sonderzeichen ganz entfernt",,"Ungültige Zeichen ersetzen. Wenn deaktiviert, entfernt {appName} sie stattdessen",
RequestTokenSecret,missing,,Request Token Secret,GoodreadsSettingsBase,,,Request-Token-Geheimnis,
RequireEncryption,missing,,Require Encryption,Email,,,Verschlüsselung erzwingen,
RescanAfterRefreshHelpText,vocab glossary:series stale,Rescan the author folder after refreshing the author,Rescan the series folder after refreshing the series,,"Nach dem aktualisieren des Films, den Filmordner neu scannen",,Den Serienordner nach dem Aktualisieren der Serie neu scannen,
RescanAfterRefreshHelpTextWarning,stale,Readarr will not automatically detect changes to files when not set to 'Always,Mangarr will not automatically detect changes to files when not set to 'Always,,"Wenn nicht ""Immer (Always)"" ausgewählt wird, werden Dateiänderungen nicht automatisch erkannt",,"{appName} erkennt Dateiänderungen nicht automatisch, wenn nicht 'Immer' eingestellt ist",
RescanAuthorFolderAfterRefresh,vocab glossary:series stale,Rescan author folder after Refresh,Rescan series folder after Refresh,,Nach dem Aktualisieren den Autorordner neu scannen,,Serienordner nach dem Aktualisieren neu scannen,
RestartReadarr,stale,Restart Readarr,Restart Mangarr,,{appName} Neustarten,,{appName} neu starten,
RestartReloadNote,stale,Note: Readarr will automatically restart and reload the UI during the restore process.,Note: Mangarr will automatically restart and reload the UI during the restore process.,,Hinweis: Während der wiederherstellung wird {appName} automatisch neugestartet und die Oberfläche neugelade.,,Hinweis: {appName} wird während der Wiederherstellung automatisch neu gestartet und lädt die Oberfläche neu.,
RestartRequiredMessage,missing,,"{appName} requires a restart to apply changes, do you want to restart now?",,,,"{appName} muss neu gestartet werden, um die Änderungen zu übernehmen. Möchten Sie jetzt neu starten?",
RestartRequiredWindowsServiceMessage,missing,,Depending which user is running the {appName} service you may need to restart {appName} as admin once before the service will start automatically.,,,,"Je nachdem, welcher Benutzer den {appName}-Dienst ausführt, müssen Sie {appName} möglicherweise einmal als Administrator neu starten, bevor der Dienst automatisch startet.",
Retag,missing,,Retag,,,,Tags neu schreiben,
RetagPreviewTip,missing,,"Tip: To preview the tags that will be written... select ""Cancel"" then click any series name and use the{icon}",,,,"Tipp: Für eine Vorschau der Tags, die geschrieben werden, wählen Sie 'Abbrechen', klicken dann auf einen beliebigen Seriennamen und verwenden das Symbol{icon}","{icon} is the retag icon element; no space before it, as in en"
RetagSelectedSeries,missing,,Retag Selected Series,,,,Tags der ausgewählten Serien neu schreiben,
RetagSelectedSeriesMessage,missing,,Are you sure you want to re-tag all files in the {count} selected author?,,,,"Sind Sie sicher, dass Sie die Tags aller Dateien in den ausgewählten Serien ({count}) neu schreiben möchten?",en says selected author: translated by meaning (series)
Retry,missing,,Retry,Pushover,,,Wiederholungsintervall,Pushover: the retry interval for emergency alerts
RightSeriesWrongDatesOrPageCounts,missing,,"Right Series, Wrong Dates or Page Counts?",,,,"Richtige Serie, aber falsche Daten oder Seitenzahlen?",
RootFolder,upstream,,Root Folder,,Root-Ordner,,Stammordner,"upstream fix (fix round 1, I3)"
RootFolderMissing,missing,,Missing,,,Fehlend,Fehlend,a root folder status
RootFolderNotWritableCheckMessage,missing,,Unable to write to root folder {0}; check its owner and permissions,,,,In den Stammordner {0} kann nicht geschrieben werden; prüfen Sie Eigentümer und Berechtigungen,
RootFolderPathHelpText,upstream,,Root Folder list items will be added to,,Die Elemente im Stammverzeichnis werden hinzugefügt zu,,"Stammordner, zu dem die Listeneinträge hinzugefügt werden",upstream fix: was 'the items in the root folder will be added to'
RootFolderSelectFreeSpace,missing,,{freeSpace} Free,,,,{freeSpace} frei,
RootFolders,upstream,,Root Folders,Readarr,Root-Ordner,,Stammordner,"upstream fix (fix round 1, I3)"
RssSyncIntervalHelpText,upstream,,Interval in minutes. Set to zero to disable (this will stop all automatic release grabbing),,"Intervall in Minuten. Setze auf null, um es zu deaktivieren (dies stoppt alle automatischen Release-Abfragen)",,Intervall in Minuten. 0 deaktiviert es (dadurch wird das automatische Holen von Releases vollständig gestoppt),"upstream fix (grab = holen; was Release-Abfragen, release queries)"
Runtime,missing,,Runtime,,,,Laufzeit,
SabnzbdUrlBaseHelpText,missing,,"Adds a prefix to the Sabnzbd url, e.g. http://[host]:[port]/[urlBase]/api",Sabnzbd,,,"Fügt der Sabnzbd-URL ein Präfix hinzu, z. B. http://[host]:[port]/[urlBase]/api",
SabnzbdUseSslHelpText,missing,,Use secure connection when connecting to Sabnzbd,Sabnzbd,,,Beim Verbinden mit Sabnzbd eine sichere Verbindung verwenden,
SaveMagnetFiles,missing,,Save Magnet Files,TorrentBlackhole,,,Magnet-Dateien speichern,
SaveSettings,missing,,Save Settings,,,,Einstellungen speichern,
Score,missing,,Score,,,,Punktzahl,
SearchAllCutoffUnmetMessageText,missing,,Are you sure you want to search for all {totalRecords} Cutoff Unmet books?,,,,"Sind Sie sicher, dass Sie nach allen {totalRecords} Bänden unter 'Schwelle nicht erreicht' suchen möchten?",en says books: volumes; the Cutoff Unmet list is named by its page title
SearchAllMissingMessageText,missing,,Are you sure you want to search for all {totalRecords} missing books?,,,,"Sind Sie sicher, dass Sie nach allen {totalRecords} fehlenden Bänden suchen möchten?",en says books: translated as volumes
SearchAudiobook,missing,,Search Audiobook,,,,Hörbuch suchen,
SearchAudiobookTooltip,missing,,Search for the audiobook of this volume,,,,Nach dem Hörbuch dieses Bandes suchen,
SearchBook,vocab glossary:volume stale,Search Book,Search Volume,,Buch suchen,,Band suchen,
SearchBoxPlaceHolder,stale,"e.g. War and Peace, goodreads:656, isbn:067003469X, asin:B00JCDK5ME","e.g. Berserk, One Piece, Chainsaw Man",,"z.B Krieg und Frieden, goodreads:656, isbn:067003469X, asin:B00JCDK5ME",,"z. B. Berserk, One Piece, Chainsaw Man",
SearchEbook,missing,,Search Ebook,,,,E-Book suchen,
SearchEbookTooltip,missing,,Search for the ebook of this volume,,,,Nach dem E-Book dieses Bandes suchen,
SearchFiltered,upstream,,Search Filtered,,Suche gefilterte,,Gefilterte suchen,"upstream fix (fix round 1, I2)"
SearchForAllCutoffUnmetBooks,vocab glossary:volume glossary:cutoff-unmet stale,Search for all Cutoff Unmet books,Search for all Cutoff Unmet volumes,,Suche nach allen abgeschnittenen unerfüllten Büchern,,Nach allen Bänden unter 'Schwelle nicht erreicht' suchen,
SearchForAllMissingBooks,vocab glossary:volume stale,Search for all missing books,Search for all missing volumes,,Suche nach allen fehlenden Alben,,Nach allen fehlenden Bänden suchen,
SearchForMissing,vocab,Search for Missing,Search for Missing,,Suche nach fehlenden Episoden,,Nach fehlenden Bänden suchen,
SearchForMonitoredBooks,vocab glossary:volume stale,Search for monitored books,Search for monitored volumes,,Suche nach beobachteten Alben,,Nach überwachten Bänden suchen,
SearchForQuery,missing,,Search for {query},,,,Nach {query} suchen,
SearchMonitored,vocab,Search Monitored,Search Monitored,,Suche überwachte Episoden,,Überwachte suchen,
SearchVolumeTooltip,missing,,Search for this volume,,,,Nach diesem Band suchen,
SecretToken,missing,,Secret token,Aria2,,,Geheimes Token,
SeedCriteriaDiscographySeedTimeHelpText,missing,,"The time a torrent should be seeded before stopping, empty is download client's default",SeedCriteria,,,"Wie lange ein Torrent geseedet werden soll, bevor er gestoppt wird; leer = Standard des Download-Clients",
Seeders,missing,,Seeders,,,,Seeder,
SeedersCount,missing,,{count} seeders,,,,{count} Seeder,
Select,missing,,Select,,,,Auswählen,
SelectBook,vocab glossary:volume stale,Select Book,Select Volume,,Buch auswählen,,Band auswählen,
SelectColumn,missing,,Select,,,,Auswählen,
SelectEdition,glossary:edition,Select Edition,Select Edition,,Wähle Edition,,Ausgabe auswählen,
SelectEditionDisablesAutomatic,missing,,disable automatic edition selection,,,,die automatische Ausgabenwahl deaktiviert,fills {disableAutomatic} in SelectEditionOverrideWarning: '... wird damit künftig für diesen Band die automatische Ausgabenwahl deaktiviert.'
SelectEditionOverrideWarning,missing,,Overriding an edition here will {disableAutomatic} for that book in future.,,,,"Wenn Sie hier eine Ausgabe erzwingen, wird damit künftig für diesen Band {disableAutomatic}.",en says that book: translated as volume
SelectReleaseGroup,upstream,,Select Release Group,,Wähle Release-Gruppe,,Release-Gruppe auswählen,"upstream fix (fix round 1, I2)"
SelectSeries,missing,,Select Series,,,,Serie auswählen,
SelectedCountAuthorsSelectedInterp,vocab glossary:series stale,{0} Author(s) Selected,{0} Series Selected,,{0} Künstler ausgewählt,,{0} Serie(n) ausgewählt,
SelectedCountBooksSelectedInterp,vocab glossary:volume stale,{0} Book(s) Selected,{0} Volume(s) Selected,,{0} Film(e) ausgewählt,,Ausgewählte Bände: {0},"Band/Bände has no (n) form, so the count goes after a colon"
SendAnonymousUsageData,upstream,,Send Anonymous Usage Data,,Sende anonyme Nutzungsdaten,,Anonyme Nutzungsdaten senden,"upstream fix (fix round 1, I2)"
SendGridApiKeyHelpText,missing,,The API Key generated by SendGrid,SendGrid,,,Der von SendGrid erzeugte API-Schlüssel,
SendSilently,missing,,Send Silently,Telegram,,,Lautlos senden,
SenderDomain,missing,,Sender Domain,Mailgun,,,Absenderdomain,
SenderID,missing,,Sender ID,PushBullet,,,Absender-ID,
SenderNumber,missing,,Sender Number,Signal,,,Absendernummer,
SeparatorDash,missing,,Dash (-),,,,Bindestrich (-),
SeparatorPeriod,missing,,Period (.),,,,Punkt (.),
SeparatorSpace,missing,,Space ( ),,,,Leerzeichen ( ),
SeparatorUnderscore,missing,,Underscore (_),,,,Unterstrich (_),
SequentialOrder,missing,,Sequential Order,QBittorrent,,,Sequenzielle Reihenfolge,
Series,upstream,,Series,,Serien,,Serie,"upstream fix: was plural Serien; the key is the singular column header (FileDetails, Library Import, volume and series index columns). The sidebar has SeriesNavLabel"
SeriesID,missing,,Series ID,GoodreadsSeriesImportList,,,Serien-ID,
SeriesLineTooltip,missing,,The OpenTome line this series belongs to,,,,"Die OpenTome-Linie, zu der diese Serie gehört",
SeriesName,missing,,Series Name,,,,Name der Serie,
SeriesNavLabel,missing,,Series,,,Serien,Serien,sidebar nav link to /series only; the key Series is singular Serie
SeriesTitle,missing,,"Series, Title",,,,"Serie, Titel",
SeriesTotal,stale,Series ({0}),Arcs ({0}),,Serie ({0}),,Arcs ({0}),
Server,missing,,Server,Email,,,Server,Email: the SMTP server
ServerUrl,missing,,Server Url,Ntfy,,,Server-URL,
SetReadarrTags,readarr stale,Set Readarr Tags,Set Mangarr Tags,,Setze Readarr Tags,,{appName}-Tags festlegen,
SetReleaseGroup,missing,,Set Release Group,,,,Release-Gruppe festlegen,
SettingsRemotePathMappingLocalPathHelpText,stale,Path that Readarr should use to access the remote path locally,Path that Mangarr should use to access the remote path locally,,"Pfad, den {appName} verwenden sollte, um lokal auf den Entfernten-Pfad zuzugreifen",,"Pfad, über den {appName} lokal auf den entfernten Pfad zugreifen soll",
ShouldMonitorExisting,vocab glossary:volume stale,Monitor existing books,Monitor existing volumes,,Existierende Bücher überwachen,,Vorhandene Bände überwachen,
ShouldMonitorExistingHelpText,readarr vocab glossary:volume stale,Automatically monitor books on this list which are already in Readarr,Automatically monitor volumes on this list which are already in Mangarr,,Bücher in dieser Liste welche bereits in Readarr sind überwachen,,"Bände auf dieser Liste, die bereits in {appName} sind, automatisch überwachen",
ShouldMonitorHelpText,vocab glossary:series glossary:volume stale,Monitor new authors and books added from this list,Monitor new series and volumes added from this list,,Neue Autoren und Bücher aus dieser Liste überwachen,,Neue Serien und Bände aus dieser Liste überwachen,
ShouldSearchHelpText,upstream,,Search indexers for newly added items.  Use with caution for large lists.,,Dursuche Indexer nach neu hinzugefügten Einträgen. Vorsichtig benutzen bei großen Listen.,,Indexer nach neu hinzugefügten Einträgen durchsuchen. Bei großen Listen mit Vorsicht verwenden.,"upstream fix (fix round 1, I2)"
ShowBannersHelpText,upstream,,Show banners instead of names,,Zeige Banner anstatt Namen,,Banner statt Namen anzeigen,"upstream fix (fix round 1, I2)"
ShowBookCount,vocab glossary:volume stale,Show Book Count,Show Volume Count,,Zeige Anzahl an Büchern,,Bandanzahl anzeigen,
ShowBookTitleHelpText,vocab glossary:volume stale,Show book title under poster,Show volume title under poster,,Filmtitel unter dem Plakat anzeigen,,Bandtitel unter dem Poster anzeigen,
ShowLastBook,vocab glossary:volume stale,Show Last Book,Show Last Volume,,Zeige letztes Buch,,Letzten Band anzeigen,
ShowMonitored,upstream,,Show Monitored,,Überwachter Status anzeigen,,Überwachungsstatus anzeigen,"upstream fix (fix round 1, Minor)"
ShowName,upstream,,Show Name,,Zeige Name,,Namen anzeigen,"upstream fix (fix round 1, I2)"
ShowTitleHelpText,vocab glossary:series stale,Show author name under poster,Show series name under poster,,Zeige Künstlername unter Poster,,Seriennamen unter dem Poster anzeigen,
ShowUnknownAuthorItems,vocab glossary:series stale,Show Unknown Author Items,Show Unknown Series Items,,Unzugeordente Filmeinträge anzeigen,,Einträge unbekannter Serien anzeigen,
Shutdown,missing,,Shutdown,,,,Herunterfahren,
SignalAuthPasswordHelpText,missing,,Password used to authenticate requests toward signal-api,Signal,,,Passwort zur Authentifizierung von Anfragen an signal-api,
SignalAuthUsernameHelpText,missing,,Username used to authenticate requests toward signal-api,Signal,,,Benutzername zur Authentifizierung von Anfragen an signal-api,
SignalHostHelpText,missing,,localhost,Signal,,,localhost,an example value: kept as is
SignalPortHelpText,missing,,8080,Signal,,,8080,an example value: kept as is
SignalReceiverIdHelpText,missing,,GroupID / PhoneNumber of the receiver,Signal,,,Gruppen-ID / Telefonnummer des Empfängers,
SignalSenderNumberHelpText,missing,,Phone number of the sender register in signal-api,Signal,,,Telefonnummer des in signal-api registrierten Absenders,
SignalUseSslHelpText,missing,,Use a secure connection.,Signal,,,Eine sichere Verbindung verwenden.,
SimplepushEventHelpText,missing,,Customize the behavior of push notifications,Simplepush,,,Das Verhalten von Push-Benachrichtigungen anpassen,
SingleVolume,missing,,Single Volume,,,,Einzelband,
SizeMaxHelpText,missing,,Release must be less than or equal to this size,Size,,,Das Release muss kleiner oder gleich dieser Größe sein,
SizeMinHelpText,missing,,Release must be greater than this size,Size,,,Das Release muss größer als diese Größe sein,
SizeOnDisk,missing,,Size on Disk,,,,Größe auf der Festplatte,
SkipBooksWithMissingReleaseDate,vocab glossary:volume stale,Skip books with missing release date,Skip volumes with missing release date,,Überspringe Bücher ohne Erscheinungsdatum,,Bände ohne Erscheinungsdatum überspringen,
SkipBooksWithNoISBNOrASIN,vocab glossary:volume stale,Skip books with no ISBN or ASIN,Skip volumes with no ISBN or ASIN,,Überspringe Bücher ohne ISBN oder ASIN,,Bände ohne ISBN oder ASIN überspringen,
SkipFreeSpaceCheckWhenImportingHelpText,readarr vocab glossary:series stale,Use when Readarr is unable to detect free space from your author root folder,Use when Mangarr is unable to detect free space from your series root folder,,"Aktiviere diese Option, wenn es Readarr nicht möglich ist, den freien Speicherplatz des Stammverzeichnisses für Autoren zu erkennen",,"Verwenden, wenn {appName} den freien Speicherplatz im Stammordner Ihrer Serien nicht erkennen kann",
SkipPartBooksAndSets,vocab glossary:volume stale,Skip part books and sets,Skip part volumes and sets,,Überspringe Teilbücher und Sets,,Teilbände und Sets überspringen,
SkipRedownloadHelpText,readarr stale,Prevents Readarr from trying download alternative releases for the removed items,Prevents Mangarr from trying download alternative releases for the removed items,,"Verhindert, dass Readarr versucht, alternative Releases für die entfernten Elemente herunterzuladen",,"Verhindert, dass {appName} versucht, alternative Releases für die entfernten Einträge herunterzuladen",
SkipSecondarySeriesBooks,vocab glossary:volume stale,Skip secondary series books,Skip secondary series volumes,,Überspringe Bücher von Sekundarserien,,Bände von Nebenserien überspringen,
SlackChannelHelpText,missing,,Overrides the default channel for the incoming webhook (#other-channel),Slack,,,Überschreibt den Standardkanal des eingehenden Webhooks (#anderer-kanal),
SlackIconHelpText,missing,,Change the icon that is used for messages from this integration (Emoji or URL),Slack,,,"Das Symbol ändern, das für Nachrichten dieser Integration verwendet wird (Emoji oder URL)",
SlackUsernameHelpText,missing,,Choose the username that this integration will post as,Slack,,,"Den Benutzernamen wählen, unter dem diese Integration postet",
SlackWebHookUrlHelpText,missing,,Slack channel webhook url,Slack,,,Webhook-URL des Slack-Kanals,
SorryThatAuthorCannotBeFound,vocab glossary:series stale,"Sorry, that author cannot be found.","Sorry, that series cannot be found.",,"Schade, dieser Film kann nicht gefunden werden.",,Diese Serie wurde leider nicht gefunden.,
SorryThatBookCannotBeFound,vocab glossary:volume stale,"Sorry, that book cannot be found.","Sorry, that volume cannot be found.",,"Schade, dieser Film kann nicht gefunden werden.",,Dieser Band wurde leider nicht gefunden.,
Sort,missing,,Sort,,,,Sortieren,
Sound,missing,,Sound,Pushover,,,Ton,
SourceCode,missing,,Source,,,Quelle,Quelle,
SpecificBook,vocab glossary:volume stale,Specific Book,Specific Volume,,Bestimmtes Buch,,Bestimmter Band,
StalledNoRecentVolumes,missing,,The English release stopped behind the original and nothing has come out in two years; new volumes are still watched for,,,,"Die englische Veröffentlichung ist hinter dem Original stehen geblieben, und seit zwei Jahren ist nichts erschienen; nach neuen Bänden wird weiterhin gesucht",
StalledOnly,missing,,Stalled Only,,,,Nur stagnierende,
StandardBookFormat,vocab glossary:volume stale,Standard Book Format,Standard Volume Format,,Standard Filmformat,,Standardformat für Bände,
StarRatingVotes,missing,,{rating} ({votes} Votes),,,,{rating} ({votes} Stimmen),
StartOAuth,missing,,Start OAuth,,,,OAuth starten,
StartSearchForMissingVolumes,missing,,Start Search for Missing Volumes,,,,Suche nach fehlenden Bänden starten,
StartSearchForNewVolume,missing,,Start Search for New Volume,,,,Suche nach neuem Band starten,
StatusEndedContinuing,upstream,,Continuing,,Fortfahren,,Laufend,"upstream fix: a series status, was 'Fortfahren' (a verb)"
StatusStalled,missing,,Stalled,,,,Stagniert,OpenTome line status: the English release stopped behind the original
StrmFolder,missing,,Strm Folder,Pneumatic,,,Strm-Ordner,
SubsonicUpdateLibraryHelpText,missing,,Update Library on Download & Rename?,Subsonic,,,Bibliothek bei Download und Umbenennung aktualisieren?,
SubsonicUrlBaseHelpText,missing,,"Adds a prefix to the Subsonic url, e.g. http://[host]:[port]/[urlBase]/rest",Subsonic,,,"Fügt der Subsonic-URL ein Präfix hinzu, z. B. http://[host]:[port]/[urlBase]/rest",
SubsonicUseSslHelpText,missing,,Connect to Subsonic over HTTPS instead of HTTP,Subsonic,,,Mit Subsonic über HTTPS statt HTTP verbinden,
SuggestCorrection,missing,,Suggest a Correction,,,,Korrektur vorschlagen,
SuggestItOnOpenTome,missing,,suggest it on OpenTome,,,,schlagen Sie sie auf OpenTome vor,follows LightNovelNotInCatalogue '… —': sie = die Light Novel (f.)
Sunday,missing,,Sunday,,,,Sonntag,
SupportsSearchvalueWillBeUsedWhenAutomaticSearchesArePerformedViaTheUIOrByReadarr,stale,Will be used when automatic searches are performed via the UI or by Readarr,Will be used when automatic searches are performed via the UI or by Mangarr,,Wird für automatische Suchen genutzt die vom Benutzer oder von {appName} gestartet werden,,"Wird verwendet, wenn automatische Suchen über die Oberfläche oder durch {appName} durchgeführt werden",
SupportsSearchvalueWillBeUsedWhenInteractiveSearchIsUsed,upstream,,Will be used when interactive search is used,,Wird für die manuelle Suche benutzt,,"Wird verwendet, wenn die interaktive Suche genutzt wird","upstream fix (fix round 1, I5)"
SynologyIndexerUpdateLibraryHelpText,missing,,Call synoindex on localhost to update a library file,SynologyIndexer,,,"synoindex auf localhost aufrufen, um eine Bibliotheksdatei zu aktualisieren",
TBA,missing,,TBA,,,,Noch offen,
Table,missing,,Table,,,,Tabelle,
TableColumnsHelpText,missing,,Choose which columns are visible and which order they appear in,,,,"Wählen Sie, welche Spalten sichtbar sind und in welcher Reihenfolge sie erscheinen",
TableOptions,missing,,Table Options,,,,Tabellenoptionen,
TableOptionsButton,missing,,Table Options Button,,,,Schaltfläche Tabellenoptionen,
TagDetails,missing,,Tag Details - {label},,,,Tag-Details - {label},
TagUsageConnection,missing,,{count} connection,,,,{count} Verbindung,
TagUsageConnections,missing,,{count} connections,,,,{count} Verbindungen,
TagUsageDelayProfile,missing,,{count} delay profile,,,,{count} Verzögerungsprofil,
TagUsageDelayProfiles,missing,,{count} delay profiles,,,,{count} Verzögerungsprofile,
TagUsageDownloadClient,missing,,{count} download client,,,,{count} Download-Client,
TagUsageDownloadClients,missing,,{count} download clients,,,,{count} Download-Clients,
TagUsageImportList,missing,,{count} import list,,,,{count} Importliste,
TagUsageImportLists,missing,,{count} import lists,,,,{count} Importlisten,
TagUsageIndexer,missing,,{count} indexer,,,,{count} Indexer,
TagUsageIndexers,missing,,{count} indexers,,,,{count} Indexer,
TagUsageRestriction,missing,,{count} restriction,,,,{count} Beschränkung,
TagUsageRestrictions,missing,,{count} restrictions,,,,{count} Beschränkungen,
TagUsageSeries,missing,,{count} authors,,,,{count} Serien,en says authors: translated as series
TagsHelpText,vocab glossary:series stale,Applies to authors with at least one matching tag. Leave blank to apply to all authors,Applies to series with at least one matching tag. Leave blank to apply to all series,,"Gilt für Autoren mit mindestens einem passenden Tag. Leer lassen, um auf alle Autoren anzuwenden",,"Gilt für Serien mit mindestens einem passenden Tag. Leer lassen, um es auf alle Serien anzuwenden",
TagsSettingsSummary,vocab glossary:series stale,"Manage author, profile, restriction, and notification tags","Manage series, profile, restriction, and notification tags",,"Verwalten von Autoren-, Profil-, Beschränkungs- und Benachrichtigungs-Tags",,"Tags für Serien, Profile, Beschränkungen und Benachrichtigungen verwalten",
TaskNameApplicationUpdate,missing,,Application Update,,,,Anwendungsupdate,
TaskNameApplicationUpdateCheck,missing,,Application Update Check,,,,Update-Prüfung,
TaskNameAuthorSearch,missing,,Series Search,,,,Seriensuche,
TaskNameBackup,missing,,Backup,,,Sicherung,Sicherung,
TaskNameBookSearch,missing,,Volume Search,,,,Bandsuche,
TaskNameBulkMoveAuthor,missing,,Bulk Move Series,,,,Serien massenhaft verschieben,
TaskNameBulkRefreshAuthor,missing,,Bulk Refresh Series,,,,Serien massenhaft aktualisieren,
TaskNameBulkRefreshBook,missing,,Bulk Refresh Volume,,,,Bände massenhaft aktualisieren,
TaskNameCheckForFinishedDownload,missing,,Check For Finished Download,,,,Auf fertige Downloads prüfen,
TaskNameCheckHealth,missing,,Check Health,,,,Zustand prüfen,
TaskNameCleanUpRecycleBin,missing,,Clean Up Recycle Bin,,,,Papierkorb bereinigen,
TaskNameClearBlocklist,missing,,Clear Blocklist,,,,Sperrliste leeren,
TaskNameClearLog,missing,,Clear Log,,,,Protokoll leeren,
TaskNameConvertBookPdfToCbz,missing,,Convert Volume PDF to CBZ,,,,Band-PDF in CBZ umwandeln,
TaskNameConvertLightNovelFormat,missing,,Convert Light Novel Format,,,,Format der Light Novels umwandeln,
TaskNameConvertPdfToCbz,missing,,Convert PDF to CBZ,,,,PDF in CBZ umwandeln,
TaskNameCutoffUnmetBookSearch,missing,,Cutoff Unmet Volume Search,,,,Bandsuche (Schwelle nicht erreicht),the Cutoff Unmet list is named by its page title
TaskNameDeleteLogFiles,missing,,Delete Log Files,,,,Protokolldateien löschen,
TaskNameDeleteUpdateLogFiles,missing,,Delete Update Log Files,,,,Update-Protokolle löschen,
TaskNameDownloadedBooksScan,missing,,Downloaded Volumes Scan,,,,Scan heruntergeladener Bände,
TaskNameFlipPageOrder,missing,,Flip Page Order,,,,Seitenreihenfolge umdrehen,
TaskNameHousekeeping,missing,,Housekeeping,,,,Wartung,
TaskNameImportExistingLightNovels,missing,,Import Existing Light Novels,,,,Vorhandene Light Novels importieren,
TaskNameImportListSync,missing,,Import List Sync,,,,Importlisten-Sync,
TaskNameManualImport,missing,,Manual Import,,,Manueller Import,Manueller Import,
TaskNameMessagingCleanup,missing,,Messaging Cleanup,,,,Nachrichtenbereinigung,
TaskNameMetadataUpdate,missing,,Metadata Update,,,,Metadaten-Update,
TaskNameMissingBookSearch,missing,,Missing Volume Search,,,,Suche fehlender Bände,
TaskNameMoveAuthor,missing,,Move Series,,,,Serie verschieben,
TaskNameProcessMonitoredDownloads,missing,,Process Monitored Downloads,,,,Überwachte Downloads verarbeiten,
TaskNameReResolveEdition,missing,,Change Edition,,,,Ausgabe ändern,
TaskNameReResolveMetadata,missing,,Re-resolve Metadata,,,,Metadaten neu auflösen,
TaskNameRefreshAuthor,missing,,Refresh Series,,,,Serie aktualisieren,
TaskNameRefreshBook,missing,,Refresh Volume,,,,Band aktualisieren,
TaskNameRefreshMonitoredDownloads,missing,,Refresh Monitored Downloads,,,,Überwachte Downloads aktualisieren,
TaskNameRenameAuthor,missing,,Rename Series,,,,Serie umbenennen,
TaskNameRenameFiles,missing,,Rename Files,,,Dateien umbenennen,Dateien umbenennen,
TaskNameRescanFolders,missing,,Rescan Folders,,,,Ordner neu scannen,
TaskNameResetApiKey,missing,,Reset Api Key,,,,API-Schlüssel zurücksetzen,
TaskNameResetQualityDefinitions,missing,,Reset Quality Definitions,,,Qualitätsdefinitionen zurücksetzen,Qualitätsdefinitionen zurücksetzen,
TaskNameRestart,missing,,Restart,,,Neu starten,Neu starten,
TaskNameRetagAuthor,missing,,Retag Series,,,,Serien-Tags neu schreiben,
TaskNameRetagFiles,missing,,Retag Files,,,,Datei-Tags neu schreiben,
TaskNameRssSync,missing,,RSS Sync,,,RSS-Sync,RSS-Sync,
TaskNameShutdown,missing,,Shutdown,,,,Herunterfahren,
TaskNameSyncLightNovelTitles,missing,,Sync Light Novel Titles,,,,Titel der Light Novels synchronisieren,
TaskNameTest,missing,,Test,,,Prüfen,Prüfen,
TaskNameUnknown,missing,,Unknown,,,Unbekannt,Unbekannt,
TaskNameWriteComicInfo,missing,,Embed Metadata,,,,Metadaten einbetten,
TaskUserAgentTooltip,missing,,User-Agent provided by the app that called the API,,,UserAgent von der App welcher die API aufgerufen hat,"User-Agent der App, die die API aufgerufen hat",
TelegramChatIdHelpText,missing,,You must start a conversation with the bot or add it to your group to receive messages,Telegram,,,"Sie müssen eine Unterhaltung mit dem Bot beginnen oder ihn zu Ihrer Gruppe hinzufügen, um Nachrichten zu erhalten",
TelegramSendSilentlyHelpText,missing,,Sends the message silently. Users will receive a notification with no sound,Telegram,,,Sendet die Nachricht lautlos. Benutzer erhalten eine Benachrichtigung ohne Ton,
TelegramTopicIdHelpText,missing,,Specify a Topic ID to send notifications to that topic. Leave blank to use the general topic (Supergroups only),Telegram,,,"Geben Sie eine Themen-ID an, um Benachrichtigungen an dieses Thema zu senden. Leer lassen für das allgemeine Thema (nur Supergruppen)",
TestAllClients,upstream,,Test All Clients,,Prüfe alle Clients,,Alle Clients prüfen,"upstream fix (fix round 1, I2)"
TestAllIndexers,upstream,,Test All Indexers,,Prüfe alle Indexer,,Alle Indexer prüfen,"upstream fix (fix round 1, I2)"
TestAllLists,upstream,,Test All Lists,,Prüfe alle Listen,,Alle Listen prüfen,"upstream fix (fix round 1, I2)"
TheAuthorFolderAndAllOfItsContentWillBeDeleted,tokens vocab glossary:series stale,The author folder {0} and all of its content will be deleted.,The series folder {0} and all of its content will be deleted.,,Der Filmordner und dessen Inhalt wird gelöscht.,,Der Serienordner {0} und sein gesamter Inhalt werden gelöscht.,
TheBooksFilesWillBeDeleted,vocab glossary:volume stale,The book's files will be deleted.,The volume's files will be deleted.,,Die Dateien des Albums werden gelöscht.,,Die Dateien des Bandes werden gelöscht.,
ThemeAuto,missing,,Auto,,,,Auto,
ThemeDark,missing,,Dark,,,,Dunkel,
ThemeHelpText,upstream,,"Change Application UI Theme, 'Auto' Theme will use your OS Theme to set Light or Dark mode. Inspired by Theme.Park",,"Ändern Sie das Benutzeroberflächen-Design der Anwendung. Das „Auto“-Design verwendet Ihr Betriebssystemdesign, um den Hell- oder Dunkelmodus festzulegen. Inspiriert vom Theme.Park",,"Ändern Sie das Benutzeroberflächen-Design der Anwendung. Das 'Auto'-Design verwendet Ihr Betriebssystemdesign, um den Hell- oder Dunkelmodus festzulegen. Inspiriert vom Theme.Park","upstream fix (fix round 1, ruling 2: single quotes throughout; quote marks only)"
ThemeLight,missing,,Light,,,,Hell,
ThisCannotBeCancelledWithoutRestarting,missing,,This cannot be cancelled once started without restarting {appName}.,,,,"Einmal gestartet, kann dies nicht ohne Neustart von {appName} abgebrochen werden.",
ThisWillApplyToAllIndexersPleaseFollowTheRulesSetForthByThem,upstream,,"This will apply to all indexers, please follow the rules set forth by them",,Dies wird alle Indexer betreffen. Bitte folge deren Regeln,,Dies gilt für alle Indexer. Bitte halten Sie sich an deren Regeln,"upstream fix (fix round 1, I2)"
TimeUnitDays,missing,,days,,,,Tage,
TimeUnitHours,missing,,hours,,,,Stunden,
TimeUnitMinutes,missing,,minutes,,,,Minuten,
TimeUnitMonths,missing,,months,,,,Monate,
TimeUnitSeconds,missing,,seconds,,,,Sekunden,
TimeUnitWeeks,missing,,weeks,,,,Wochen,
TitlesAndCountMore,missing,,"{titles}, {count} more",,,,{titles} und {count} weitere,
TopicID,missing,,Topic ID,Telegram,,,Themen-ID,
Topics,missing,,Topics,Ntfy,,,Themen,
Torrent,missing,,Torrent,,,,Torrent,
TorrentBlackholeMagnetFileExtensionHelpText,missing,,"Extension to use for magnet links, defaults to '.magnet'",TorrentBlackhole,,,"Dateiendung für Magnet-Links, standardmäßig '.magnet'",
TorrentBlackholeReadOnlyHelpText,missing,,Instead of moving files this will instruct Mangarr to Copy or Hardlink (depending on settings/system configuration),TorrentBlackhole,,,"Statt Dateien zu verschieben, weist dies {appName} an, sie zu kopieren oder Hardlinks anzulegen (je nach Einstellungen/Systemkonfiguration)",
TorrentBlackholeSaveMagnetFilesHelpText,missing,,Save the magnet link if no .torrent file is available (only useful if the download client supports magnets saved to a file),TorrentBlackhole,,,"Den Magnet-Link speichern, wenn keine .torrent-Datei verfügbar ist (nur sinnvoll, wenn der Download-Client in Dateien gespeicherte Magnets unterstützt)",
TorrentBlackholeTorrentFolderHelpText,missing,,Folder in which Mangarr will store the .torrent file,TorrentBlackhole,,,"Ordner, in dem {appName} die .torrent-Datei speichert",
TorrentBlackholeWatchFolderHelpText,missing,,Folder from which Mangarr should import completed downloads,TorrentBlackhole UsenetBlackhole,,,"Ordner, aus dem {appName} abgeschlossene Downloads importieren soll",
TorrentDelayHelpText,upstream,,Delay in minutes to wait before grabbing a torrent,,"Verzögerung in Minuten, bevor ein Torrent herunterladen wird",,"Verzögerung in Minuten, bevor ein Torrent geholt wird","upstream fix (grab = holen, was herunterladen)"
TorrentDelayTime,missing,,Torrent Delay: {torrentDelay},,,,Torrent-Verzögerung: {torrentDelay},
TorrentFolder,missing,,Torrent Folder,TorrentBlackhole,,,Torrent-Ordner,
TorrentRssIndexerAllowZeroSizeHelpText,missing,,"Enabling this will allow you to use feeds that don't specify release size, but be careful, size related checks will not be performed.",TorrentRssIndexer,,,"Wenn aktiviert, können Sie Feeds verwenden, die keine Release-Größe angeben; Vorsicht: Größenprüfungen werden dann nicht durchgeführt.",
TorrentRssIndexerCookieHelpText,missing,,"If you site requires a login cookie to access the rss, you'll have to retrieve it via a browser.",TorrentRssIndexer,,,"Wenn Ihre Seite für den RSS-Zugriff ein Login-Cookie erfordert, müssen Sie es über einen Browser abrufen.",
TorrentsDisabled,missing,,Torrents disabled,,,,Torrents deaktiviert,
TotalBookCountBooksTotalBookFileCountBooksWithFilesInterp,glossary:volume stale,{0} books total. {1} books with files.,{0} volumes total. {1} volumes with files.,,{0} Titel insgesamt. {1} Titel mit Dateien.,,{0} Bände insgesamt. {1} Bände mit Dateien.,
TotalRecords,missing,,Total records: {totalRecords},,,,Einträge gesamt: {totalRecords},
TransmissionMusicCategoryHelpText,missing,,"Adding a category specific to Mangarr avoids conflicts with unrelated non-Mangarr downloads. Using a category is optional, but strongly recommended.. Creates a [category] subdirectory in the output directory.",Transmission,,,"Eine eigene Kategorie für {appName} vermeidet Konflikte mit Downloads, die nichts mit {appName} zu tun haben. Eine Kategorie ist optional, wird aber dringend empfohlen. Erstellt ein Unterverzeichnis [category] im Ausgabeverzeichnis.",
TransmissionTvDirectoryHelpText,missing,,"Optional location to put downloads in, leave blank to use the default Transmission location",Transmission,,,"Optionaler Ort für Downloads; leer lassen, um den Standardort von Transmission zu verwenden",
TransmissionUrlBaseHelpText,missing,,"Adds a prefix to the transmission rpc url, eg http://[host]:[port]/[urlBase]/rpc, defaults to '/transmission/'",Transmission,,,"Fügt der RPC-URL von Transmission ein Präfix hinzu, z. B. http://[host]:[port]/[urlBase]/rpc; standardmäßig '/transmission/'",
TransmissionUseSslHelpText,missing,,Use secure connection when connecting to Transmission,Transmission,,,Beim Verbinden mit Transmission eine sichere Verbindung verwenden,
TryAnotherTitleHint,missing,,"Try the romaji or English title, or a simpler spelling.",,,,Versuchen Sie den Romaji- oder englischen Titel oder eine einfachere Schreibweise.,
TwitterConsumerKeyHelpText,missing,,Consumer key from a Twitter application,Twitter,,,Consumer-Schlüssel einer Twitter-Anwendung,
TwitterConsumerSecretHelpText,missing,,Consumer secret from a Twitter application,Twitter,,,Consumer-Geheimnis einer Twitter-Anwendung,
TwitterDirectMessageHelpText,missing,,Send a direct message instead of a public message,Twitter,,,Eine Direktnachricht statt einer öffentlichen Nachricht senden,
TwitterMentionHelpText,missing,,Mention this user in sent tweets,Twitter,,,Diesen Benutzer in gesendeten Tweets erwähnen,
Type,missing,,Type,,,,Typ,
UILanguageHelpText,stale,Language that Readarr will use for UI,Language that Mangarr will use for UI,,Sprache für die gesamte Oberfläche,,"Sprache, die {appName} für die Oberfläche verwendet",
UMask,missing,,UMask,,,,UMask,
UMask750Description,missing,,"750 - Owner write, Group read",,,,"750 - Besitzer schreibt, Gruppe liest",
UMask755Description,missing,,"755 - Owner write, Everyone else read",,,,"755 - Besitzer schreibt, alle anderen lesen",
UMask770Description,missing,,770 - Owner & Group write,,,,770 - Besitzer & Gruppe schreiben,
UMask775Description,missing,,"775 - Owner & Group write, Other read",,,,"775 - Besitzer & Gruppe schreiben, andere lesen",
UMask777Description,missing,,777 - Everyone write,,,,777 - Alle schreiben,
UTorrentIntialStateHelpText,missing,,Initial state for torrents added to uTorrent,UTorrent,,,Anfangszustand für zu uTorrent hinzugefügte Torrents,
UTorrentUrlBaseHelpText,missing,,"Adds a prefix to the uTorrent url, e.g. http://[host]:[port]/[urlBase]/api",UTorrent,,,"Fügt der uTorrent-URL ein Präfix hinzu, z. B. http://[host]:[port]/[urlBase]/api",
UTorrentUseSslHelpText,missing,,Use secure connection when connecting to uTorrent,UTorrent,,,Beim Verbinden mit uTorrent eine sichere Verbindung verwenden,
UnableToAddANewConditionPleaseTryAgain,missing,,"Unable to add a new condition, please try again.",,,,"Die neue Bedingung konnte nicht hinzugefügt werden, bitte erneut versuchen.",
UnableToAddANewCustomFormatPleaseTryAgain,missing,,"Unable to add a new custom format, please try again.",,,,"Das neue benutzerdefinierte Format konnte nicht hinzugefügt werden, bitte erneut versuchen.",
UnableToAddANewDownloadClientPleaseTryAgain,upstream,,"Unable to add a new download client, please try again.",,"Der neue Downloader konnte nicht hinzugefügt werden, bitte erneut probieren.",,"Der neue Download-Client konnte nicht hinzugefügt werden, bitte erneut versuchen.","upstream fix (fix round 1, I4)"
UnableToAddANewImportListExclusionPleaseTryAgain,upstream,,"Unable to add a new import list exclusion, please try again.",,"Der neue Listenausschluss konnte nicht hinzugefügt werden, bitte erneut probieren.",,"Der neue Importlisten-Ausschluss konnte nicht hinzugefügt werden, bitte erneut versuchen.","upstream fix (fix round 1, Minor)"
UnableToAddANewMetadataProfilePleaseTryAgain,upstream,,"Unable to add a new metadata profile, please try again.",,"Das neue Qualitätsprofil konnte nicht hinzugefügt werden, bitte erneut probieren.",,"Das neue Metadatenprofil konnte nicht hinzugefügt werden, bitte erneut versuchen.",upstream fix: said Qualitätsprofil
UnableToAddANewRootFolderPleaseTryAgain,upstream,,"Unable to add a new root folder, please try again.",,"Das neue eigene Format konnte nicht hinzugefügt werden, bitte erneut probieren.",,"Der neue Stammordner konnte nicht hinzugefügt werden, bitte erneut versuchen.",upstream fix: said 'the new custom format'
UnableToLoadCollections,missing,,Unable to load collections,,,,Sammlungen konnten nicht geladen werden,
UnableToLoadDevelopmentSettings,missing,,Unable to load Development settings,,,,Entwicklungseinstellungen konnten nicht geladen werden,
UnableToLoadDownloadClientOptions,upstream,,Unable to load download client options,,Downloader Einstellungen konnten nicht geladen werden,,Optionen des Download-Clients konnten nicht geladen werden,"upstream fix (fix round 1, I4)"
UnableToLoadDownloadClients,upstream,,Unable to load download clients,,Downloader konnten nicht geladen werden,,Download-Clients konnten nicht geladen werden,"upstream fix (fix round 1, I4)"
UnableToLoadEditions,missing,,Unable to load editions,,,,Ausgaben konnten nicht geladen werden,
UnableToLoadImportListExclusions,upstream,,Unable to load Import List Exclusions,,Listenausschlüsse konnten nicht geladen werden,,Importlisten-Ausschlüsse konnten nicht geladen werden,"upstream fix (fix round 1, Minor)"
UnableToLoadManualImportItems,missing,,Unable to load manual import items,,,,Einträge des manuellen Imports konnten nicht geladen werden,
UnableToLoadMetadataProfiles,upstream,,Unable to load Metadata Profiles,,Verzögerungsprofile konnten nicht geladen werden,,Metadatenprofile konnten nicht geladen werden,upstream fix: said Verzögerungsprofile (delay profiles)
UnableToLoadMetadataSourceSettings,missing,,Unable to load Metadata Source settings,,,,Einstellungen der Metadatenquelle konnten nicht geladen werden,
UnableToLoadNamingSettings,upstream,,Unable to load Naming settings,,Umbenennungeinstellungen konnten nicht geladen werden,,Benennungseinstellungen konnten nicht geladen werden,"upstream fix (fix round 1, Ruling)"
UnableToLoadQualities,upstream,,Unable to load qualities,,Qualitätsprofile konnten nicht geladen werden,,Qualitäten konnten nicht geladen werden,upstream fix: said Qualitätsprofile (quality profiles)
UnableToLoadReleaseProfiles,upstream,,Unable to load ReleaseProfiles,,Verzögerungsprofile konnten nicht geladen werden,,Release-Profile konnten nicht geladen werden,upstream fix: said Verzögerungsprofile (delay profiles)
UnableToLoadRootFolders,upstream,,Unable to load root folders,,Stammordner können nicht geladen werden,,Stammordner konnten nicht geladen werden,"upstream fix (fix round 1, I3)"
Unbind,missing,,Unbind,,,,Zuordnung aufheben,
UnknownDeviceId,missing,,Unknown ({id}),,,,Unbekannt ({id}),
UnknownLeechers,missing,,Unknown leechers,,,,Leecher unbekannt,
UnknownSeeders,missing,,Unknown seeders,,,,Seeder unbekannt,
Unlimited,missing,,Unlimited,,,,Unbegrenzt,
UnmappedFilesAllMatched,missing,,"Success! My work is done, all files on disk are matched to known volumes.",,,,Fertig! Alle Dateien auf der Festplatte sind bekannten Bänden zugeordnet.,
UnmappedFilesOnly,missing,,Unmapped Files Only,,,,Nur nicht zugewiesene Dateien,
UnmappedFolders,missing,,Unmapped Folders,,,,Nicht zugewiesene Ordner,
UnmonitoredClickToMonitor,missing,,"Unmonitored, click to monitor",,,,"Nicht überwacht, klicken, um zu überwachen",
UnmonitoredHelpText,vocab glossary:volume stale,Include unmonitored books in the iCal feed,Include unmonitored volumes in the iCal feed,,Nicht beobachtete Filme im iCal-Feed einschließen,,Nicht überwachte Bände in den iCal-Feed aufnehmen,
UnmonitoredOnly,missing,,Unmonitored Only,,,,Nur nicht überwachte,"series filter; worded like MonitoredOnly, its partner in the same menu"
Unreleased,missing,,Unreleased,,,,Nicht erschienen,
UnsavedChanges,missing,,Unsaved Changes,,,,Ungespeicherte Änderungen,
UpdateAll,stale,Update all,Update All,,Alle aktualisieren,,Alle aktualisieren,
UpdateCoversHelpText,readarr vocab glossary:volume stale,Set book covers in Calibre to match those in Readarr,Set volume covers in Calibre to match those in Mangarr,,"Buchcovers in Calibre so einstellen, dass sie mit denen aus Readarr übereinstimmen",,Bandcover in Calibre an die von {appName} angleichen,
UpdateFiltered,missing,,Update Filtered,,,,Gefilterte aktualisieren,
UpdateMechanismHelpText,readarr stale,Use Readarr's built-in updater or a script,Use Mangarr's built-in updater or a script,,Readarr's Built-In Updater oder ein Script verwenden,,Den eingebauten Updater von {appName} oder ein Skript verwenden,
UpdateSelected,stale,Update selected,Update Selected,,Auswahl aktualisieren,,Auswahl aktualisieren,
UpdaterLogFiles,missing,,Updater Log Files,,,,Updater-Protokolldateien,
UpgradeUntil,missing,,Upgrade Until,,,,Upgrade bis,
UpgradeUntilCustomFormatScore,missing,,Upgrade Until Custom Format Score,,,,Upgrade bis zur Punktzahl benutzerdefinierter Formate,
Uppercase,missing,,Uppercase,,,,Großschreibung,not Großbuchstaben: the glossary forbids 'buch' outside Hörbuch
Url,missing,,Url,LazyLibrarianImport,,,URL,
UrlBaseHelpText,upstream,,"Adds a prefix to the Calibre url, e.g. http://[host]:[port]/[urlBase]",,"Fügt ein Prefix zur Calibre Url hinzu, z.B http://[host]:[port]/[urlBasis]",,"Fügt der Calibre-URL ein Präfix hinzu, z. B. http://[host]:[port]/[urlBase]","upstream fix (fix round 1, Ruling)"
UrlPath,missing,,Url Path,RTorrent,,,URL-Pfad,
UseCalibreContentServer,upstream,,Use Calibre Content Server,,Calibre-Content-Server,,Calibre-Content-Server verwenden,upstream fix: the verb 'use' was missing
UseEUEndpoint,missing,,Use EU Endpoint?,Mailgun,,,EU-Endpunkt verwenden?,
UseFreeleechToken,missing,,Use Freeleech Token,Gazelle,,,Freeleech-Token verwenden,
UseHardlinksInsteadOfCopy,upstream,,Use Hardlinks instead of Copy,,Verwende Hardlinks statt Kopieren,,Hardlinks statt Kopieren verwenden,"upstream fix (fix round 1, I2)"
UseProxy,upstream,,Use Proxy,,Verwende Proxy,,Proxy verwenden,"upstream fix (fix round 1, I2)"
UseSSL,upstream,,Use SSL,Aria2 Deluge DownloadStation Flood Hadouken Kavita Nzbget PlexServer QBittorrent RTorrent Sabnzbd Signal Subsonic Transmission UTorrent,Benutze SSL,,SSL verwenden,"upstream fix (fix round 1, I2)"
UseSslHelpText,upstream,,Use SSL to connect to Calibre content server,,Benutze SSL um mit dem Calibre Inhaltsserver zu verbinden,,SSL für die Verbindung zum Calibre-Content-Server verwenden,"upstream fix (fix round 1, I2)"
UsenetBlackholeNzbFolderHelpText,missing,,Folder in which Mangarr will store the .nzb file,UsenetBlackhole,,,"Ordner, in dem {appName} die .nzb-Datei speichert",
UsenetDelayHelpText,upstream,,Delay in minutes to wait before grabbing a release from Usenet,,"Verzögerung in Minuten, bevor Sie eine Veröffentlichung aus dem Usenet erhalten",,"Verzögerung in Minuten, bevor ein Release aus dem Usenet geholt wird","upstream fix (grab = holen, was erhalten)"
UsenetDelayTime,missing,,Usenet Delay: {usenetDelay},,,,Usenet-Verzögerung: {usenetDelay},
UsenetDisabled,missing,,Usenet disabled,,,,Usenet deaktiviert,
UserId,missing,,User Id,GoodreadsSettingsBase,,,Benutzer-ID,
UserKey,missing,,User Key,Pushover,,,Benutzerschlüssel,
UsernameHelpText,upstream,,Calibre content server username,,Calibre Inhaltsserver Benutzername,,Benutzername für den Calibre-Content-Server,"upstream fix (fix round 1, Ruling)"
VersionNumber,missing,,Version: {version},,,,Version: {version},
View,missing,,View,,,,Ansicht,
VisitTheWikiForMoreDetails,missing,,Visit the wiki for more details: {wikiLink},,,,Weitere Details finden Sie im Wiki: {wikiLink},
VolumeByAuthor,missing,,By: {authorName},,,,Von: {authorName},
VolumeCount,missing,,Volume Count,,,,Bandanzahl,
VolumeCountTooltip,missing,,"{files} of {released} volumes have a file (monitored and released, or already downloaded)",,,,{files} von {released} Bänden haben eine Datei (überwacht und erschienen oder bereits heruntergeladen),
VolumeFileDeleted,missing,,Volume File Deleted,,,,Banddatei gelöscht,
VolumeFileRenamed,missing,,Volume File Renamed,,,,Banddatei umbenannt,
VolumeFileTagsUpdated,missing,,Volume File Tags Updated,,,,Tags der Banddatei aktualisiert,
VolumeFilesCount,missing,,{count} volume files,,,,{count} Banddateien,
VolumeFilesCountOne,missing,,1 volume file,,,,1 Banddatei,
VolumeImportIncomplete,missing,,Volume Import Incomplete,,,,Bandimport unvollständig,
VolumeImported,missing,,Volume Imported,,,,Band importiert,
VolumeProgress,missing,,Volume Progress,,,,Bandfortschritt,
VolumeReleaseDate,missing,,Volume Release Date,,,,Erscheinungsdatum des Bandes,
VolumeRowTitle,missing,,Vol. {volume},,,,Band {volume},
VolumeRowTitleWithSubtitle,missing,,Vol. {volume}: {subtitle},,,,Band {volume}: {subtitle},
VolumeStatus,missing,,Volume Status,,,,Bandstatus,
WantMoreControlAddACustomFormat,missing,,Want more control over which downloads are preferred? Add a{customFormat},,,,"Möchten Sie genauer steuern, welche Downloads bevorzugt werden? Fügen Sie ein{customFormat}hinzu","{customFormat} is a link whose text is ' Benutzerdefiniertes Format ' (de CustomFormat, spaces included)"
WatchFolder,missing,,Watch Folder,TorrentBlackhole UsenetBlackhole,,,Überwachter Ordner,
WatchLibraryForChangesHelpText,upstream,,Rescan automatically when files change in a root folder,,"Automatisch neu scannen, wenn sich Dateien im Stammverzeichnis ändern",,"Automatisch neu scannen, wenn sich Dateien in einem Stammordner ändern","upstream fix (fix round 1, I3)"
WatchRootFoldersForFileChanges,upstream,,Watch Root Folders for file changes,,Beobachte Stammverzeichnis auf Dateiänderungen,,Stammordner auf Dateiänderungen überwachen,"upstream fix (fix round 1, I2)"
WebhookMethodHelpText,missing,,Which HTTP method to use submit to the Webservice,Webhook,,,Welche HTTP-Methode für die Übermittlung an den Webdienst verwendet wird,
WebhookURL,missing,,Webhook URL,Discord Slack,,,Webhook-URL,
WebsiteURL,missing,,Website URL,Nyaa Torrentleech,,,Website-URL,
Week,missing,,Week,,,,Woche,
WeekColumnHeader,upstream,,Week Column Header,,Spaltenüberschrift „Woche“.,,Spaltenüberschrift 'Woche'.,"upstream fix (fix round 1, ruling 2: single quotes throughout; quote marks only)"
WhySearchesCouldBeFailing,upstream,,Click here to find out why searches could be failing,,"Klicke hier, um herauszufinden, warum die Suchen fehlschlagen könnten",,"Klicken Sie hier, um herauszufinden, warum Suchen fehlschlagen könnten","upstream fix (fix round 1, I2)"
Wiki,missing,,Wiki,,,,Wiki,
WikiBasedOnReadarr,missing,,Wiki (based on Readarr),,,,Wiki (basiert auf Readarr),
WouldYouLikeToRestoreBackup,upstream,,Would you like to restore the backup '{name}'?,,Willst du das Backup '{name}' wiederherstellen?,,Möchten Sie die Sicherung '{name}' wiederherstellen?,"upstream fix (fix round 1, I1)"
WriteAudioTagsScrubHelp,stale,"Remove existing tags from files, leaving only those added by Readarr.","Remove existing tags from files, leaving only those added by Mangarr.",,"Vorhandene Tags von Datei entfernen, sodass nur die von {appName} hinzugefügten bleiben.",,"Vorhandene Tags aus Dateien entfernen, sodass nur die von {appName} hinzugefügten bleiben.",
WriteMetadataTags,upstream,,Write Metadata Tags,,Schreibe Metadaten Tags,,Metadaten-Tags schreiben,"upstream fix (fix round 1, I2)"
WriteTagsSync,stale,All files; keep in sync with Goodreads,All files; keep in sync with the catalogue,,Alle Dateien; mit Goodreads synchronisiert bleiben,,Alle Dateien; mit dem Katalog synchron halten,
Writer,missing,,Writer,,,,Autor,
XMLRPCPath,missing,,XML RPC Path,Aria2,,,XML-RPC-Pfad,
YesWithVersion,missing,,Yes ({runtimeVersion}),,,,Ja ({runtimeVersion}),
ServerRejectionAdoptedOriginal,missing,,Adopted original — manage it outside Mangarr,,,,Übernommenes Original — verwalten Sie es außerhalb von Mangarr,
ServerRejectionAudiobookCoveredByVolume,missing,,Audiobook covered by Vol. {volume},,,,Hörbuch ist durch Band {volume} abgedeckt,
ServerRejectionAudiobookNotAvailableYet,missing,,Audiobook not available yet for this series,,,,Hörbuch für diese Serie noch nicht verfügbar,
ServerRejectionAudiobookRelease,missing,,Audiobook release,,,,Hörbuch-Release,
ServerRejectionBlocklisted,missing,,Release is blocklisted,,,,Das Release steht auf der Sperrliste,
ServerRejectionCdhGrabEqualOrHigher,missing,,CDH is disabled and grab event in history is of equal or higher quality: {quality},,,,Die Behandlung abgeschlossener Downloads ist deaktiviert und ein geholtes Release im Verlauf hat gleiche oder höhere Qualität: {quality},
ServerRejectionCdhGrabMeetsCutoff,missing,,CDH is disabled and grab event in history already meets cutoff: {quality},,,,Die Behandlung abgeschlossener Downloads ist deaktiviert und ein geholtes Release im Verlauf erreicht bereits die Schwelle: {quality},
ServerRejectionChapterRelease,missing,,Chapter release with no volume archives,,,,Kapitel-Release ohne Bandarchive,
ServerRejectionContainsIgnoredTerms,missing,,Contains these ignored terms: {terms},,,,Enthält diese ignorierten Begriffe: {terms},
ServerRejectionCopyInPending,missing,,Copy-in pending for this series,,,,Import vorhandener Dateien für diese Serie ausstehend,
ServerRejectionCustomFormatScoreBelowMinimum,missing,,Custom Formats {formats} have score {score} below Series profile minimum {minimum},,,,"Die eigenen Formate {formats} haben den Wert {score}, unter dem Mindestwert {minimum} des Serienprofils",
ServerRejectionDifferentFranchiseLine,missing,,Release names a different line of the franchise: '{line}',,,,Das Release nennt eine andere Linie des Franchise: '{line}',
ServerRejectionDiscographyNotAllReleased,missing,,Discography release rejected. All volumes haven't released yet.,,,,Komplettpaket abgelehnt. Noch sind nicht alle Bände erschienen.,
ServerRejectionEarlyRelease,missing,,"Release published date, {date}, is outside of {days} day early grab limit allowed by user",,,,"Das Veröffentlichungsdatum des Releases, {date}, liegt außerhalb des vom Benutzer erlaubten Limits für frühe Downloads von {days} Tag(en)",
ServerRejectionEditionLanguageMismatch,missing,,"Release is {found}, the series is the {language} edition",,,,"Das Release ist auf {found}, die Serie folgt der Ausgabe auf {language}",
ServerRejectionEditionLanguageMissing,missing,,No {language} language marker on this release (the series is the {language} edition),,,,Keine Sprachkennzeichnung für {language} in diesem Release (die Serie ist die Ausgabe auf {language}),
ServerRejectionExistingFileEqualOrHigher,missing,,Existing files on disk is of equal or higher preference: {quality},,,,Die vorhandenen Dateien auf der Festplatte haben gleiche oder höhere Präferenz: {quality},
ServerRejectionExistingFilesMeetCutoff,missing,,Existing files meets cutoff: {quality},,,,Die vorhandenen Dateien erreichen bereits die Schwelle: {quality},
ServerRejectionFullSeriesPack,missing,,Full series pack,,,,Komplettpaket der Serie,
ServerRejectionIndexerBlocked,missing,,"Indexer {indexer} is blocked till {until} due to failures, cannot grab release.",,,,"Der Indexer {indexer} ist wegen Fehlern bis {until} gesperrt, das Release kann nicht geholt werden.",
ServerRejectionLanguageChinese,missing,,Chinese,,,,Chinesisch,
ServerRejectionLanguageEnglish,missing,,English,,,,Englisch,
ServerRejectionLanguageFrench,missing,,French,,,,Französisch,
ServerRejectionLanguageGerman,missing,,German,,,,Deutsch,
ServerRejectionLanguageItalian,missing,,Italian,,,,Italienisch,
ServerRejectionLanguageJapanese,missing,,Japanese,,,,Japanisch,
ServerRejectionLanguageKorean,missing,,Korean,,,,Koreanisch,
ServerRejectionLanguagePortuguese,missing,,Portuguese,,,,Portugiesisch,
ServerRejectionLanguageSpanish,missing,,Spanish,,,,Spanisch,
ServerRejectionMinimumAge,missing,,"Only {age} minutes old, minimum age is {minimum} minutes",,,,"Erst {age} Minuten alt, Mindestalter ist {minimum} Minuten",
ServerRejectionMissingRequiredTerms,missing,,Does not contain one of the required terms: {terms},,,,Enthält keinen der erforderlichen Begriffe: {terms},
ServerRejectionNoArchiveEdition,missing,,No archive edition on this volume,,,,Keine Archiv-Ausgabe für diesen Band,
ServerRejectionNoAudioEdition,missing,,No audio edition on this volume,,,,Keine Audio-Ausgabe für diesen Band,
ServerRejectionNoEbookEdition,missing,,No ebook edition on this volume,,,,Keine E-Book-Ausgabe für diesen Band,
ServerRejectionNoFileReleaseGroup,missing,,Unable to determine release group for the existing file,,,,Die Release-Gruppe der vorhandenen Datei konnte nicht ermittelt werden,
ServerRejectionNoReleaseGroup,missing,,Unable to determine release group for this release,,,,Die Release-Gruppe dieses Releases konnte nicht ermittelt werden,
ServerRejectionNotEnoughSeeders,missing,,Not enough seeders: {seeders}. Minimum seeders: {minimum},,,,Nicht genug Seeder: {seeders}. Mindestanzahl Seeder: {minimum},
ServerRejectionOlderThanRetention,missing,,Older than configured retention,,,,Älter als die eingestellte Aufbewahrung,
ServerRejectionProperDisabled,missing,,Proper downloading is disabled,,,,Das Herunterladen von Propers ist deaktiviert,
ServerRejectionProperForOldFile,missing,,Proper for old file,,,,Proper für eine alte Datei,
ServerRejectionQualityNotWanted,missing,,{quality} is not wanted in profile,,,,{quality} ist im Profil nicht erwünscht,
ServerRejectionQueuedEqualOrHigher,missing,,Release in queue is of equal or higher preference: {quality},,,,Das Release in der Warteschlange hat gleiche oder höhere Präferenz: {quality},
ServerRejectionQueuedMeetsCutoff,missing,,Release in queue already meets cutoff: {quality},,,,Das Release in der Warteschlange erreicht bereits die Schwelle: {quality},
ServerRejectionQueuedNoUpgrades,missing,,Another release is queued and the Quality profile does not allow upgrades,,,,Ein anderes Release ist in der Warteschlange und das Qualitätsprofil erlaubt keine Upgrades,
ServerRejectionRawCd,missing,,Raw CD release,,,,Roh-CD-Release,
ServerRejectionRecentGrabEqualOrHigher,missing,,Recent grab event in history is of equal or higher quality: {quality},,,,Ein kürzlich geholtes Release im Verlauf hat gleiche oder höhere Qualität: {quality},
ServerRejectionRecentGrabMeetsCutoff,missing,,Recent grab event in history already meets cutoff: {quality},,,,Ein kürzlich geholtes Release im Verlauf erreicht bereits die Schwelle: {quality},
ServerRejectionRepackDisabled,missing,,Repack downloading is disabled,,,,Das Herunterladen von Repacks ist deaktiviert,
ServerRejectionRepackOtherGroup,missing,,Release is a repack for a different release group. Release Group: {group}. File release group: {fileGroup},,,,Das Release ist ein Repack einer anderen Release-Gruppe. Release-Gruppe: {group}. Release-Gruppe der Datei: {fileGroup},
ServerRejectionSameReleaseName,missing,,Has same release name as a grabbed and imported release,,,,Gleicher Release-Name wie ein bereits geholtes und importiertes Release,
ServerRejectionSameTorrentHash,missing,,Has same torrent hash as a grabbed and imported release,,,,Gleicher Torrent-Hash wie ein bereits geholtes und importiertes Release,
ServerRejectionSample,missing,,Sample,,,,Sample,
ServerRejectionSearchedAudiobookGotEbook,missing,,"Search asked for an audiobook, release is an ebook",,,,"Die Suche galt einem Hörbuch, das Release ist ein E-Book",
ServerRejectionSearchedEbookGotAudiobook,missing,,"Search asked for an ebook, release is an audiobook",,,,"Die Suche galt einem E-Book, das Release ist ein Hörbuch",
ServerRejectionSeriesNotMonitored,missing,,Series is not monitored,,,,Die Serie wird nicht überwacht,
ServerRejectionSeriesTagsMismatch,missing,,Series tags do not match any of the indexer tags,,,,Die Tags der Serie passen zu keinem der Indexer-Tags,
ServerRejectionTooBig,missing,,"{size} is too big, maximum size is {maximum} (Settings->Indexers->Maximum Size)",,,,"{size} ist zu groß, die maximale Größe ist {maximum} (Einstellungen->Indexer->Maximale Größe)",
ServerRejectionTorrentNotEnabled,missing,,Torrent is not enabled for this series,,,,Torrent ist für diese Serie nicht aktiviert,
ServerRejectionUnableToParseRelease,missing,,Unable to parse release,,,,Das Release konnte nicht analysiert werden,
ServerRejectionUnableToParseVolumes,missing,,Unable to parse volumes from release name,,,,Die Bände konnten nicht aus dem Release-Namen ermittelt werden,
ServerRejectionUnexpectedError,missing,,Unexpected error processing release,,,,Unerwarteter Fehler beim Verarbeiten des Releases,
ServerRejectionUnknownSeries,missing,,Unknown Series,,,,Unbekannte Serie,
ServerRejectionUpgradesNotAllowed,missing,,Existing files and the Quality profile does not allow upgrades,,,,Dateien sind vorhanden und das Qualitätsprofil erlaubt keine Upgrades,
ServerRejectionUsenetNotEnabled,missing,,Usenet is not enabled for this series,,,,Usenet ist für diese Serie nicht aktiviert,
ServerRejectionVolumeNotMonitored,missing,,Volume is not monitored,,,,Der Band wird nicht überwacht,
ServerRejectionVolumeNotRequested,missing,,Volume wasn't requested,,,,Der Band wurde nicht angefordert,
ServerRejectionWaitingForBetterQuality,missing,,Waiting for better quality release,,,,Warten auf ein Release in besserer Qualität,
ServerRejectionWrongSeries,missing,,Wrong series,,,,Falsche Serie,
ServerImportAlreadyImported,missing,,Book has already been imported,,,,Dieser Band wurde bereits importiert,
ServerImportAlreadyImportedAt,missing,,Book already imported at {date},,,,Band bereits am {date} importiert,
ServerImportArchiveFileForAudioEdition,missing,,archive file matched to the audio edition,,,,Archivdatei der Audio-Ausgabe zugeordnet,
ServerImportArchiveFileForEbookEdition,missing,,archive file matched to the ebook edition,,,,Archivdatei der E-Book-Ausgabe zugeordnet,
ServerImportArchiveFileInLightNovelEntry,missing,,Archive file in a light-novel entry,,,,Archivdatei in einem Eintrag für Light Novels,
ServerImportAudioFileForArchiveEdition,missing,,audio file matched to the archive edition,,,,Audiodatei der Archiv-Ausgabe zugeordnet,
ServerImportAudioFileForEbookEdition,missing,,audio file matched to the ebook edition,,,,Audiodatei der E-Book-Ausgabe zugeordnet,
ServerImportAudioFileInMangaEntry,missing,,audio file in a manga entry,,,,Audiodatei in einem Manga-Eintrag,
ServerImportCouldNotParseVolume,missing,,Couldn't parse volume from: {file},,,,Band konnte nicht erkannt werden aus: {file},
ServerImportDotUnderscoreFile,missing,,"Invalid music file, filename starts with '._'",,,,"Ungültige Mediendatei, der Dateiname beginnt mit '._'",
ServerImportEbookFileForArchiveEdition,missing,,ebook file matched to the archive edition,,,,E-Book-Datei der Archiv-Ausgabe zugeordnet,
ServerImportEbookFileForAudioEdition,missing,,ebook file matched to the audio edition,,,,E-Book-Datei der Audio-Ausgabe zugeordnet,
ServerImportEbookFileInMangaEntry,missing,,ebook file in a manga entry,,,,E-Book-Datei in einem Manga-Eintrag,
ServerImportEbookPdfNotWanted,missing,,Ebook PDF is not wanted in the light-novel profile,,,,E-Book-PDF ist im Profil für Light Novels nicht erwünscht,
ServerImportFailed,missing,,Failed to import book.,,,,Import des Bandes fehlgeschlagen.,
ServerImportFailedCalibre,missing,,"Failed to import book, error communicating with Calibre.  Check log for details.",,,,"Import des Bandes fehlgeschlagen, Fehler bei der Kommunikation mit Calibre. Details finden Sie im Protokoll.",
ServerImportFailedDestinationExists,missing,,"Failed to import book, destination already exists.",,,,"Import des Bandes fehlgeschlagen, das Ziel ist bereits vorhanden.",
ServerImportFailedPermissions,missing,,"Failed to import book, permissions error",,,,"Import des Bandes fehlgeschlagen, Berechtigungsfehler",
ServerImportFailedRecycleBin,missing,,"Failed to import book, unable to move existing file to the Recycle Bin.",,,,"Import des Bandes fehlgeschlagen, die vorhandene Datei konnte nicht in den Papierkorb verschoben werden.",
ServerImportFailedRootFolderMissing,missing,,"Failed to import book, root folder missing.",,,,"Import des Bandes fehlgeschlagen, Stammordner fehlt.",
ServerImportFailedToAddSeries,missing,,Failed to add missing series,,,,Fehlende Serie konnte nicht hinzugefügt werden,
ServerImportFailedToAddVolume,missing,,Failed to add missing volume,,,,Fehlender Band konnte nicht hinzugefügt werden,
ServerImportFileLocked,missing,,"Locked file, try again later",,,,"Datei gesperrt, versuchen Sie es später erneut",
ServerImportFolderNotInRootFolder,missing,,Destination folder {path} is not in a Root Folder,,,,Der Zielordner {path} liegt in keinem Stammordner,
ServerImportMatchNotCloseEnough,missing,,Volume match is not close enough: {match} vs {threshold} {reasons},,,,Die Übereinstimmung des Bandes ist nicht genau genug: {match} gegenüber {threshold} {reasons},
ServerImportNoSimilarVolume,missing,,Couldn't find similar volume for {folders},,,,Kein ähnlicher Band gefunden für {folders},
ServerImportNotAnUpgrade,missing,,Not an upgrade for existing book file(s),,,,Kein Upgrade für die vorhandenen Banddateien,
ServerImportNotEnoughFreeSpace,missing,,Not enough free space,,,,Nicht genügend freier Speicherplatz,
ServerImportSameFileSize,missing,,Has the same filesize as existing file,,,,Hat dieselbe Dateigröße wie die vorhandene Datei,
ServerImportSeriesFolderNotInRootFolder,missing,,Destination series folder {path} is not in a Root Folder,,,,Der Ziel-Serienordner {path} liegt in keinem Stammordner,
ServerImportStillUnpacking,missing,,File is still being unpacked,,,,Die Datei wird noch entpackt,
ServerImportUnableToParseFile,missing,,Unable to parse file,,,,Datei konnte nicht analysiert werden,
ServerImportUnexpectedError,missing,,Unexpected error processing file,,,,Unerwarteter Fehler bei der Verarbeitung der Datei,
ServerImportUnknownSeriesForFile,missing,,Unknown Series for file: {file},,,,Unbekannte Serie für die Datei: {file},
ServerQueueChapterRip,missing,,"Chapter-numbered rip: {chapters} of {files} comic files are per-chapter, no volume files",,,,"Kapitel-Rip: {chapters} von {files} Comic-Dateien sind Kapitel, keine Banddateien",
ServerQueueInvalidLocalPath,missing,,[{path}] is not a valid local path. You may need a Remote Path Mapping.,,,,[{path}] ist kein gültiger lokaler Pfad. Möglicherweise benötigen Sie eine Remote-Pfadzuordnung.,
ServerQueueNoEligibleFiles,missing,,No files found are eligible for import in {path},,,,In {path} wurden keine importierbaren Dateien gefunden,
ServerQueueNoIntermediatePath,missing,,"Download doesn't contain intermediate path, Skipping.",,,,"Der Download enthält keinen Zwischenpfad, wird übersprungen.",
ServerQueueNotGrabbedByMangarr,missing,,"Download wasn't grabbed by Mangarr, skipping",,,,"Download wurde nicht von Mangarr geholt, wird übersprungen",
ServerQueueNotGrabbedNoCategory,missing,,"Download wasn't grabbed by Mangarr and not in a category, Skipping.",,,,"Download wurde nicht von Mangarr geholt und ist in keiner Kategorie, wird übersprungen.",
ServerQueueOnlyArchiveFiles,missing,,"Download contains only archive files, which no monitored edition of the grabbed volume(s) can hold",,,,"Der Download enthält nur Archivdateien, die keine überwachte Ausgabe der geholten Bände aufnehmen kann",
ServerQueueOnlyAudiobookFiles,missing,,"Download contains only audiobook files, which no monitored edition of the grabbed volume(s) can hold",,,,"Der Download enthält nur Hörbuchdateien, die keine überwachte Ausgabe der geholten Bände aufnehmen kann",
ServerQueueOnlyEbookFiles,missing,,"Download contains only ebook files, which no monitored edition of the grabbed volume(s) can hold",,,,"Der Download enthält nur E-Book-Dateien, die keine überwachte Ausgabe der geholten Bände aufnehmen kann",
ServerProgressAdoptingExistingFiles,missing,,Adopting existing files for {series},,,,Vorhandene Dateien für {series} werden übernommen,
ServerProgressAllAudioFilesRetagged,missing,,All audio files re-tagged for {series},,,,Tags aller Audiodateien für {series} neu geschrieben,
ServerProgressAllEbookFilesRetagged,missing,,All ebook files re-tagged for {series},,,,Tags aller E-Book-Dateien für {series} neu geschrieben,
ServerProgressAllVolumeFilesRenamed,missing,,All volume files renamed for {series},,,,Alle Banddateien für {series} umbenannt,
ServerProgressAutoUpdateNotEnabled,missing,,"Auto-update not enabled, not installing available update.",,,,"Automatisches Update ist nicht aktiviert, das verfügbare Update wird nicht installiert.",
ServerProgressBackingUpConfig,missing,,Backing up config.xml,,,,config.xml wird gesichert,
ServerProgressBackingUpDatabase,missing,,Backing up database,,,,Datenbank wird gesichert,
ServerProgressBackupZipCreated,missing,,Backup zip created,,,,ZIP-Datei der Sicherung erstellt,
ServerProgressCheckingForUpdates,missing,,Checking for updates,,,,Suche nach Updates,
ServerProgressCompleted,missing,,Completed,,,,Abgeschlossen,
ServerProgressCompletedTestCommand,missing,,Completed Test command,,,,Testbefehl abgeschlossen,
ServerProgressCreatingBackupZip,missing,,Creating backup zip,,,,ZIP-Datei der Sicherung wird erstellt,
ServerProgressDeliveryFormatIsEpub,missing,,Delivery format is EPUB — nothing to convert,,,,Das Auslieferungsformat ist EPUB — nichts umzuwandeln,
ServerProgressDeveloperEnvironment,missing,,"Running in developer environment, not updating.",,,,"Läuft in einer Entwicklungsumgebung, es wird nicht aktualisiert.",
ServerProgressDownloadingUpdate,missing,,Downloading update {version},,,,Update {version} wird heruntergeladen,
ServerProgressEbooksGoToEntryFolder,missing,,Ebooks go to the entry folder — conversion needs a calibre library,,,,E-Books werden im Eintragsordner abgelegt — die Umwandlung benötigt eine Calibre-Bibliothek,
ServerProgressExtractingUpdate,missing,,Extracting Update package,,,,Update-Paket wird entpackt,
ServerProgressFailedToImport,missing,,Failed to import,,,,Import fehlgeschlagen,
ServerProgressFileDatesChanged,missing,,Changed file date for {changed} files of {total} in {series},,,,Dateidatum für {changed} von {total} Dateien in {series} geändert,
ServerProgressFinishedMovingSeries,missing,,Finished moving {count} series to '{rootFolder}',,,,Verschieben von {count} Serien nach '{rootFolder}' abgeschlossen,
ServerProgressGcdMetadataUpdateComplete,missing,,GCD metadata update check complete,,,,Prüfung auf GCD-Metadaten-Updates abgeschlossen,
ServerProgressGroupingTracks,missing,,Grouping {count} tracks,,,,{count} Dateien werden gruppiert,
ServerProgressIdentifyingVolume,missing,,Identifying volume {current}/{total},,,,Band {current}/{total} wird identifiziert,
ServerProgressImportListSyncCompleted,missing,,"Import List Sync Completed. Items found: {items}, Series added: {series}, Volumes added: {volumes}",,,,"Importlisten-Synchronisation abgeschlossen. Gefundene Einträge: {items}, hinzugefügte Serien: {series}, hinzugefügte Bände: {volumes}",
ServerProgressImportingFiles,missing,,Importing {count} files,,,,{count} Dateien werden importiert,
ServerProgressImportingVolume,missing,,Importing volume {current}/{total} {volume},,,,Import von Band {current}/{total} {volume},
ServerProgressLightNovelsConverted,missing,,"Converted {converted} book(s) to {format}, {alreadyHad} already had it, {failed} failed",,,,"{converted} Buch/Bücher in {format} umgewandelt, {alreadyHad} bereits in diesem Format, {failed} fehlgeschlagen",
ServerProgressLightNovelsConvertedSkipped,missing,,"Converted {converted} book(s) to {format}, {alreadyHad} already had it, {skipped} skipped (PDF only), {failed} failed",,,,"{converted} Buch/Bücher in {format} umgewandelt, {alreadyHad} bereits in diesem Format, {skipped} übersprungen (nur PDF), {failed} fehlgeschlagen",
ServerProgressMajorUpdateManual,missing,,"Unable to install major update, please update update manually from System: Updates",,,,"Das Hauptupdate kann nicht installiert werden, bitte aktualisieren Sie manuell unter System: Aktualisierung",
ServerProgressManuallyImportedFiles,missing,,Manually imported {count} files,,,,{count} Dateien manuell importiert,
ServerProgressMissingSearch,missing,,Performing missing search for {editions} volume editions across {searches} series searches,,,,Suche fehlender Bände: {editions} Band-Ausgaben in {searches} Seriensuchen,
ServerProgressMissingSearchCompleted,missing,,Completed search for {editions} volume editions. {count} reports downloaded.,,,,Suche für {editions} Band-Ausgaben abgeschlossen. {count} Releases heruntergeladen.,
ServerProgressMovingSeries,missing,,Moving {series} from '{source}' to '{destination}',,,,{series} wird von '{source}' nach '{destination}' verschoben,
ServerProgressMovingSeriesCounted,missing,,Moving {series} from '{source}' to '{destination}' ({current}/{total}),,,,{series} wird von '{source}' nach '{destination}' verschoben ({current}/{total}),
ServerProgressMovingSeriesToRootFolder,missing,,Moving {count} series to '{rootFolder}',,,,{count} Serien werden nach '{rootFolder}' verschoben,
ServerProgressNoFileDatesChanged,missing,,No file dates changed for {series},,,,Für {series} wurde kein Dateidatum geändert,
ServerProgressNoListItems,missing,,No list items to process,,,,Keine Listeneinträge zu verarbeiten,
ServerProgressNoResultsFound,missing,,No results found,,,Keine Ergebnisse gefunden,Keine Ergebnisse gefunden,
ServerProgressNoUpdateAvailable,missing,,No update available,,,,Kein Update verfügbar,
ServerProgressNotACbzArchive,missing,,{file} is not a CBZ archive; page order not flipped,,,,{file} ist kein CBZ-Archiv; die Seitenreihenfolge wurde nicht umgedreht,
ServerProgressNotALightNovelEntry,missing,,Series {id} is not a light-novel entry; nothing to import,,,,Serie {id} ist kein Eintrag für Light Novels; nichts zu importieren,
ServerProgressPageOrderFlipped,missing,,Page order flipped for {file},,,,Seitenreihenfolge für {file} umgedreht,
ServerProgressPdfConversionMangaOnly,missing,,PDF to CBZ conversion is for manga only,,,,Die Umwandlung von PDF in CBZ gilt nur für Manga,
ServerProgressPdfConversionUnavailable,missing,,PDF conversion unavailable: poppler (pdfimages) is not installed,,,,PDF-Umwandlung nicht verfügbar: poppler (pdfimages) ist nicht installiert,
ServerProgressPdfVolumesConverted,missing,,"Converted {converted} PDF volume(s) to CBZ, {failed} failed",,,,"{converted} PDF-Band/Bände in CBZ umgewandelt, {failed} fehlgeschlagen",
ServerProgressProcessingFile,missing,,Processing file {current} of {total},,,,Datei {current} von {total} wird verarbeitet,
ServerProgressProcessingListItem,missing,,Processing list item {current}/{total},,,,Listeneintrag {current}/{total} wird verarbeitet,
ServerProgressProcessingListItems,missing,,Processing {count} list items,,,,{count} Listeneinträge werden verarbeitet,
ServerProgressProcessingRelease,missing,,Processing release {current}/{total},,,,Release {current}/{total} wird verarbeitet,
ServerProgressProcessingReleases,missing,,Processing {count} releases,,,,{count} Releases werden verarbeitet,
ServerProgressReResolveResult,missing,,"{changed} changed, {blocked} blocked, {failed} failed",,,,"{changed} geändert, {blocked} blockiert, {failed} fehlgeschlagen",
ServerProgressReadingFile,missing,,Reading file {current}/{total},,,,Datei {current}/{total} wird gelesen,
ServerProgressRenamingAllFiles,missing,,Renaming all files in series: {series},,,,Alle Dateien der Serie werden umbenannt: {series},
ServerProgressRenamingFiles,missing,,Renaming {count} files for {series},,,,{count} Dateien für {series} werden umbenannt,
ServerProgressReportSent,missing,,Report sent to {downloadClient} from indexer {indexer}. {title},,,,Release von Indexer {indexer} an {downloadClient} gesendet. {title},
ServerProgressReportsFound,missing,,Total of {count} reports were found for {criteria} from {indexers} indexers,,,,Insgesamt {count} Ergebnisse für {criteria} von {indexers} Indexern gefunden,
ServerProgressRestartingShortly,missing,,Mangarr will restart shortly.,,,,{appName} wird in Kürze neu gestartet.,
ServerProgressRestartingToApplyUpdates,missing,,Restarting Mangarr to apply updates,,,,"{appName} wird neu gestartet, um Updates anzuwenden",
ServerProgressRetaggingAllAudioFiles,missing,,Re-tagging all audio files for series: {series},,,,Tags aller Audiodateien der Serie werden neu geschrieben: {series},
ServerProgressRetaggingAllEbookFiles,missing,,Re-tagging all ebook files for series: {series},,,,Tags aller E-Book-Dateien der Serie werden neu geschrieben: {series},
ServerProgressRetaggingAudioFiles,missing,,Re-tagging {count} audio files for {series},,,,Tags von {count} Audiodateien für {series} werden neu geschrieben,
ServerProgressRetaggingEbookFiles,missing,,Re-tagging {count} ebook files for {series},,,,Tags von {count} E-Book-Dateien für {series} werden neu geschrieben,
ServerProgressRssSyncCompleted,missing,,"RSS Sync Completed. Reports found: {found}, Reports grabbed: {grabbed}",,,,"RSS-Synchronisation abgeschlossen. Gefunden: {found}, geholt: {grabbed}",
ServerProgressRssSyncCompletedPending,missing,,"RSS Sync Completed. Reports found: {found}, Reports grabbed: {grabbed}, Reports pending: {pending}",,,,"RSS-Synchronisation abgeschlossen. Gefunden: {found}, geholt: {grabbed}, ausstehend: {pending}",
ServerProgressScanning,missing,,Scanning {path},,,,{path} wird gescannt,
ServerProgressSearchingIndexers,missing,,Searching indexers for {criteria}. {count} active indexers,,,,Indexer werden nach {criteria} durchsucht. {count} aktive Indexer,
ServerProgressSelectedAudioFilesRetagged,missing,,Selected audio files re-tagged for {series},,,,Tags der ausgewählten Audiodateien für {series} neu geschrieben,
ServerProgressSelectedEbookFilesRetagged,missing,,Selected ebook files re-tagged for {series},,,,Tags der ausgewählten E-Book-Dateien für {series} neu geschrieben,
ServerProgressSelectedVolumeFilesRenamed,missing,,Selected volume files renamed for {series},,,,Ausgewählte Banddateien für {series} umbenannt,
ServerProgressSeriesAlreadyInLocation,missing,,{series} is already in the specified location '{destination}'.,,,,{series} befindet sich bereits am angegebenen Ort '{destination}'.,
ServerProgressSeriesMoved,missing,,{series} moved successfully to {destination},,,,{series} wurde erfolgreich nach {destination} verschoben,
ServerProgressSeriesSearchCompleted,missing,,Series search completed. {count} reports downloaded.,,,,Seriensuche abgeschlossen. {count} Releases heruntergeladen.,
ServerProgressSkipped,missing,,Skipped,,,,Übersprungen,
ServerProgressStartingBackup,missing,,Starting Backup,,,,Sicherung wird gestartet,
ServerProgressStartingImportListRefresh,missing,,Starting Import List Refresh for List {list},,,,Aktualisierung der Importliste {list} wird gestartet,
ServerProgressStartingImportListSync,missing,,Starting Import List Sync,,,,Importlisten-Synchronisation wird gestartet,
ServerProgressStartingRssSync,missing,,Starting RSS Sync,,,,RSS-Synchronisation wird gestartet,
ServerProgressStartingTestCommand,missing,,Starting Test command. duration {duration},,,,Testbefehl wird gestartet. Dauer {duration},
ServerProgressStartingUpdateScript,missing,,Starting update script: {path},,,,Update-Skript wird gestartet: {path},
ServerProgressSyncingAudiobookshelfTitles,missing,,Syncing Audiobookshelf titles for {series},,,,Audiobookshelf-Titel für {series} werden synchronisiert,
ServerProgressSyncingCalibreTitles,missing,,Syncing calibre titles for {series},,,,Calibre-Titel für {series} werden synchronisiert,
ServerProgressUpdateAvailableUseMechanism,missing,,"Update available, please use {mechanism} to install",,,,"Update verfügbar, bitte verwenden Sie {mechanism} zur Installation",
ServerProgressUpdaterDisabledInDocker,missing,,Built-In updater disabled inside a docker container. Please update the container image.,,,,Der eingebaute Updater ist in einem Docker-Container deaktiviert. Bitte aktualisieren Sie das Container-Image.,
ServerProgressUpdaterDisabledUseMechanism,missing,,"Built-In updater disabled, please use {mechanism} to install",,,,"Der eingebaute Updater ist deaktiviert, bitte verwenden Sie {mechanism} zur Installation",
ServerProgressUpdatingInfo,missing,,Updating Info for {title},,,,Informationen für {title} werden aktualisiert,
ServerProgressVerifyingUpdate,missing,,Verifying update package,,,,Update-Paket wird überprüft,
ServerProgressVolumeNotFound,missing,,Volume not found,,,,Band nicht gefunden,
ServerProgressVolumeSearchCompleted,missing,,Volume search completed. {count} reports downloaded.,,,,Bandsuche abgeschlossen. {count} Releases heruntergeladen.,
ServerProgressLightNovelArchiveSeriesSearch,missing,,One Archive series search for {count} volumes of {series},,,,Eine Seriensuche (Archive) für {count} Bände von {series},
ServerProgressLightNovelAudioSeriesSearch,missing,,One Audio series search for {count} volumes of {series},,,,Eine Seriensuche (Hörbücher) für {count} Bände von {series},
ServerProgressLightNovelEbookSeriesSearch,missing,,One Ebook series search for {count} volumes of {series},,,,Eine Seriensuche (E-Books) für {count} Bände von {series},
ServerProgressManuallyImportingFilesAuto,missing,,Manually importing {count} files using mode Auto,,,,{count} Dateien werden manuell im Modus „Automatisch“ importiert,
ServerProgressManuallyImportingFilesCopy,missing,,Manually importing {count} files using mode Copy,,,,{count} Dateien werden manuell im Modus „Kopieren“ importiert,
ServerProgressManuallyImportingFilesMove,missing,,Manually importing {count} files using mode Move,,,,{count} Dateien werden manuell im Modus „Verschieben“ importiert,
ServerProgressUpdateAvailableUseExternal,missing,,"Update available, please use External to install",,,,"Update verfügbar, bitte verwenden Sie „Extern“ zur Installation",
ServerProgressUpdaterDisabledUseExternal,missing,,"Built-In updater disabled, please use External to install",,,,"Der eingebaute Updater ist deaktiviert, bitte verwenden Sie „Extern“ zur Installation",
ServerValidationAllQualities,missing,,Must contain all qualities,,,,Muss alle Qualitäten enthalten,
ServerValidationAllowed,missing,,Must contain at least one allowed quality,,,,Muss mindestens eine erlaubte Qualität enthalten,
ServerValidationAllowedCharactersLettersDash,missing,,Allowed characters a-z and -,,,,Erlaubte Zeichen: a-z und -,
ServerValidationAllowedCharactersLowercaseDigitsDash,missing,,"Allowed characters a-z, 0-9 and -",,,,"Erlaubte Zeichen: a-z, 0-9 und -",
ServerValidationApiKeyRequired,missing,,API Key is required,,,,Der API-Schlüssel ist erforderlich,
ServerValidationApiKeyRequiredWithoutLogin,missing,,API Key is required when username/password are not configured,,,,"Der API-Schlüssel ist erforderlich, wenn Nutzername/Passwort nicht konfiguriert sind",
ServerValidationAudioHomeUnknown,missing,,Must be Entry Folder or Audiobookshelf Library,,,,Muss Eintragsordner oder Audiobookshelf-Bibliothek sein,
ServerValidationAuthenticateApp,missing,,Authenticate app.,,,,Authentifizieren Sie die App.,
ServerValidationAuthorAncestor,missing,,Path '{path}' is an ancestor of an existing series,,,,Der Pfad '{path}' ist ein übergeordneter Ordner einer vorhandenen Serie,
ServerValidationAuthorExists,missing,,This series has already been added,,,,Diese Serie wurde bereits hinzugefügt,
ServerValidationAuthorFolderAsRootFolder,missing,,Root folder path '{rootFolderPath}' contains series folder '{authorFolder}',,,,Der Stammordnerpfad '{rootFolderPath}' enthält den Serienordner '{authorFolder}',
ServerValidationAuthorPath,missing,,Path '{path}' is already configured for another series,,,,Der Pfad '{path}' ist bereits für eine andere Serie konfiguriert,
ServerValidationBranchRequired,missing,,"Branch name is required, 'master' is the default",,,,"Der Branch-Name ist erforderlich, Standard ist 'master'",
ServerValidationCalibreLibraryAlreadyRootFolder,missing,,Calibre library is already configured as a root folder,,,,Die Calibre-Bibliothek ist bereits als Stammordner konfiguriert,
ServerValidationCannotBeRoot,missing,,Cannot be set to '/',,,,Darf nicht '/' sein,
ServerValidationCannotStartWithSlash,missing,,Cannot start with /,,,,Darf nicht mit / beginnen,
ServerValidationCategoryAndDirectory,missing,,Cannot use Category and Directory,,,,Kategorie und Verzeichnis können nicht zusammen verwendet werden,
ServerValidationCategoryRecommended,missing,,A category is recommended,,,,Eine Kategorie wird empfohlen,
ServerValidationCategorySlashes,missing,,"Can not contain '\', '//', or start/end with '/'",,,,Darf weder '\' noch '//' enthalten und nicht mit '/' beginnen oder enden,
ServerValidationChooseAudiobookshelfLibrary,missing,,Choose the Audiobookshelf Library,,,,Wählen Sie die Audiobookshelf-Bibliothek,
ServerValidationConfigurationKeyOrStatelessUrls,missing,,Use either Configuration Key or Stateless URLs,,,,Verwenden Sie entweder „Apprise-Konfigurationsschlüssel“ oder „Zustandslose Apprise-URLs“,
ServerValidationCoveredByVolumeInvalid,missing,,Covered-by volume must be another volume of this series and not one covered by this volume,,,,"„Enthalten in Band“ muss ein anderer Band dieser Serie sein, nicht einer, der in diesem Band enthalten ist",
ServerValidationDelayProfileTagInUse,missing,,One or more tags is used in another profile,,,,Ein oder mehrere Tags werden in einem anderen Profil verwendet,
ServerValidationDirectMessagingRecommended,missing,,"Using Direct Messaging is recommended, or use a private account.",,,,"Die Verwendung von Direktnachrichten wird empfohlen, alternativ verwenden Sie ein privates Konto.",
ServerValidationDownloadClientExists,missing,,Download Client does not exist,,,,Der Download-Client existiert nicht,
ServerValidationEbookHomeUnknown,missing,,Must be Entry Folder or Calibre Library,,,,Muss Eintragsordner oder Calibre-Bibliothek sein,
ServerValidationEmptyCollection,missing,,Collection Must Be Empty,,,,Die Sammlung muss leer sein,
ServerValidationFileExists,missing,,File '{file}' does not exist,,,,Die Datei '{file}' existiert nicht,
ServerValidationFolderChmod,missing,,Must contain a valid Unix permissions octal,,,,Muss gültige Unix-Berechtigungen in Oktalschreibweise enthalten,
ServerValidationFolderWritable,missing,,Folder '{path}' is not writable by user '{user}',,,,Der Ordner '{path}' ist für den Benutzer '{user}' nicht beschreibbar,
ServerValidationGreaterThanZero,missing,,Should be greater than zero,,,,Sollte größer als null sein,
ServerValidationGroupItem,missing,,Groups must contain multiple qualities,,,,Gruppen müssen mehrere Qualitäten enthalten,
ServerValidationGuid,missing,,String is not a valid Guid,,,,Die Zeichenfolge ist keine gültige GUID,
ServerValidationHostWithoutProtocol,missing,,must be valid Host without http://,,,,muss ein gültiger Host ohne http:// sein,
ServerValidationHttpProtocol,missing,,must start with http:// or https://,,,,muss mit http:// oder https:// beginnen,
ServerValidationIllegalCharacters,missing,,Contains illegal characters: {InvalidCharacters},,,,Enthält unzulässige Zeichen: {InvalidCharacters},
ServerValidationImportListExclusionExists,missing,,This exclusion has already been added.,,,,Dieser Ausschluss wurde bereits hinzugefügt.,
ServerValidationInvalidFileNames,missing,,Produces invalid file names,,,,Erzeugt ungültige Dateinamen,
ServerValidationInvalidOutputFormats,missing,,Invalid output formats,,,,Ungültige Ausgabeformate,
ServerValidationInvalidSslCertificate,missing,,Invalid SSL certificate file or password,,,,Ungültige SSL-Zertifikatsdatei oder ungültiges Passwort,
ServerValidationInvalidTopic,missing,,Invalid topic,,,,Ungültiges Thema,
ServerValidationItemGroupId,missing,,Groups must have an ID,,,,Gruppen müssen eine ID haben,
ServerValidationItemGroupName,missing,,Groups must have a name,,,,Gruppen müssen einen Namen haben,
ServerValidationLightNovelFormatUnknown,missing,,"Must be one of epub, azw3, kepub",,,,"Muss epub, azw3 oder kepub sein",
ServerValidationMappedNetworkDrive,missing,,Mapped Network Drive and Windows Service,,,,Zugeordnetes Netzlaufwerk und Windows-Dienst,
ServerValidationMetadataProfileExists,missing,,Metadata profile does not exist,,,,Das Metadatenprofil existiert nicht,
ServerValidationMustBeUnique,missing,,Must be unique.,,,,Muss eindeutig sein.,
ServerValidationMustContainAuthorNameToken,missing,,Must contain Author name,,,,Muss das Token Author Name enthalten,
ServerValidationMustContainMangarr,missing,,Must contain Mangarr,,,,Muss {appName} enthalten,
ServerValidationMustMatchPassword,missing,,Must match Password,,,,Muss mit dem Passwort übereinstimmen,
ServerValidationNeededForAudiobookshelf,missing,,Needed while audiobooks go to Audiobookshelf,,,,"Erforderlich, solange Hörbücher an Audiobookshelf gehen",
ServerValidationNeededForCalibre,missing,,Needed while ebooks go to Calibre,,,,"Erforderlich, solange E-Books an Calibre gehen",
ServerValidationNoLanguageEditionInCatalogue,missing,,No {language} edition of this series in the catalogue,,,,Keine Ausgabe dieser Serie auf {language} im Katalog,
ServerValidationNoNovelLineInChainLanguage,missing,,No novel line in any chain language,,,,Keine Romanausgabe in einer der Sprachen der bevorzugten Ausgabe,
ServerValidationNoneReservedProfileName,missing,,'None' is a reserved profile name,,,,'None' ist ein reservierter Profilname,
ServerValidationNotInCatalogueAsLightNovel,missing,,Not in the catalogue as a light novel yet,,,,Noch nicht als Light Novel im Katalog,
ServerValidationNotInsideSystemFolder,missing,,Must not be a descendant of '{systemFolder}',,,,Darf nicht innerhalb von '{systemFolder}' liegen,
ServerValidationPasswordEmpty,missing,,Password must not be empty.,,,,Das Passwort darf nicht leer sein.,
ServerValidationPasswordRequiredWithoutApiKey,missing,,Password is required when API key is not configured,,,,"Das Passwort ist erforderlich, wenn kein API-Schlüssel konfiguriert ist",
ServerValidationPath,missing,,Invalid Path: '{path}',,,,Ungültiger Pfad: '{path}',
ServerValidationPathExists,missing,,Path '{path}' does not exist,,,,Der Pfad '{path}' existiert nicht,
ServerValidationPathPairIncomplete,missing,,"Set both paths, or leave both blank",,,,Legen Sie beide Pfade fest oder lassen Sie beide leer,
ServerValidationPreferredEditionInvalid,missing,,"Preferred Edition must be language codes separated by commas, such as fr,en",,,,"Bevorzugte Ausgabe muss aus durch Kommas getrennten Sprachcodes bestehen, z. B. fr,en",
ServerValidationProfileCustomFormatsMismatch,missing,,All Custom Formats and no extra ones need to be present inside your Profile! Try refreshing your browser.,,,,"Alle eigenen Formate und keine zusätzlichen müssen in Ihrem Profil vorhanden sein! Versuchen Sie, Ihren Browser neu zu laden.",
ServerValidationQualityName,missing,,Individual qualities should not be named,,,,Einzelne Qualitäten sollten keinen Namen haben,
ServerValidationQualityProfileExists,missing,,Quality Profile does not exist,,,,Das Qualitätsprofil existiert nicht,
ServerValidationRecycleBin,missing,,Path '{path}' is {relationship} configured recycle bin folder,,,,Der Pfad '{path}' ist {relationship} konfigurierten Papierkorb-Ordner,
ServerValidationRegexPatternEmpty,missing,,Regex Pattern must not be empty,,,,Das Regex-Muster darf nicht leer sein,
ServerValidationRelationshipChildOf,missing,,child of,,,,ein Unterordner vom,
ServerValidationRelationshipSetTo,missing,,set to,,,,identisch mit dem,
ServerValidationRootFolder,missing,,Path '{path}' is already configured as a root folder,,,,Der Pfad '{path}' ist bereits als Stammordner konfiguriert,
ServerValidationRootFolderAncestor,missing,,Path '{path}' is an ancestor of an existing root folder,,,,Der Pfad '{path}' ist ein übergeordneter Ordner eines vorhandenen Stammordners,
ServerValidationRootUrl,missing,,must be valid URL that starts with http(s)://,,,,"muss eine gültige URL sein, die mit http(s):// beginnt",
ServerValidationRssSyncInterval,missing,,Must be between 10 and 120 or 0 to disable,,,,"Muss zwischen 10 und 120 liegen, oder 0 zum Deaktivieren",
ServerValidationScriptArgumentsUnsupported,missing,,Arguments are no longer supported for custom scripts,,,,Argumente werden für eigene Skripte nicht mehr unterstützt,
ServerValidationSeriesAlreadyAddedAs,missing,,This series has already been added as '{title}',,,,Diese Serie wurde bereits als '{title}' hinzugefügt,
ServerValidationSeriesIdNotFound,missing,,A series with this ID was not found,,,,Es wurde keine Serie mit dieser ID gefunden,
ServerValidationSeriesNameTooShort,missing,,Series name must be at least 2 characters,,,,Der Serienname muss mindestens 2 Zeichen lang sein,
ServerValidationShouldBeUnique,missing,,Should be unique,,,,Sollte eindeutig sein,
ServerValidationStartupFolder,missing,,Path '{path}' cannot be {relationship} the start up folder,,,,Der Pfad '{path}' ist {relationship} Start-Verzeichnis und darf daher nicht verwendet werden,
ServerValidationStatelessUrlsNoTags,missing,,Stateless URLs do not support tags,,,,„Zustandslose Apprise-URLs“ unterstützen keine Tags,
ServerValidationSystemFolder,missing,,Path '{path}' is {relationship} system folder {systemFolder},,,,Der Pfad '{path}' ist {relationship} Systemordner {systemFolder},
ServerValidationTopicIdGreaterThanOne,missing,,Topic ID must be greater than 1 or empty,,,,Die Themen-ID muss größer als 1 oder leer sein,
ServerValidationUiLanguageInvalid,missing,,The UI Language value cannot be less than 1,,,,Der Wert „Oberflächensprache“ darf nicht kleiner als 1 sein,
ServerValidationUnableToParse,missing,,Unable to parse,,,,Analyse nicht möglich,
ServerValidationUnderMinimumLeadsToHitAndRun,missing,,Under {minimum} leads to H&R,,,,Unter {minimum} droht ein H&R,
ServerValidationUniqueId,missing,,Groups must have a unique ID,,,,Gruppen müssen eine eindeutige ID haben,
ServerValidationUniqueQualityId,missing,,Qualities can only be used once,,,,Qualitäten können nur einmal verwendet werden,
ServerValidationUnknownLanguages,missing,,Unknown languages,,,,Unbekannte Sprachen,
ServerValidationUrl,missing,,Invalid Url: '{url}',,,,Ungültige URL: '{url}',
ServerValidationUrlBaseExample,missing,,Must be a valid URL path (ie: '{example}'),,,,Muss ein gültiger URL-Pfad sein (z. B. '{example}'),
ServerValidationUseDeviceNames,missing,,Use Device Names instead,,,,Verwenden Sie stattdessen Gerätenamen,
ServerValidationUseDirectDownloadUrl,missing,,Use Direct Download Url (;download),,,,Verwenden Sie die Direkt-Download-URL (;download),
ServerValidationUsernameEmpty,missing,,Username must not be empty.,,,,Der Nutzername darf nicht leer sein.,
ServerValidationUsernameRequiredWithoutApiKey,missing,,Username is required when API key is not configured,,,,"Der Nutzername ist erforderlich, wenn kein API-Schlüssel konfiguriert ist",
ServerValidationValidCutoff,missing,,Cutoff must be an allowed quality or group,,,,Die Schwelle muss eine erlaubte Qualität oder Gruppe sein,
ServerValidationValidStandardTrackFormat,missing,,"Must contain Book Title AND PartNumber, OR Volume, OR Original Title",,,,Muss Book Title UND PartNumber ODER Volume ODER Original Title enthalten,
ServerValidationVolumeIdNotFound,missing,,A volume with this ID was not found,,,,Es wurde kein Band mit dieser ID gefunden,
ServerValidationWildcardOrIpAddress,missing,,Must contain wildcard (*) or a valid IP Address,,,,Muss einen Platzhalter (*) oder eine gültige IP-Adresse enthalten,
UILanguage,label,,UI Language,,Oberflächen Sprache ( UI Language ),,Oberflächensprache,Task 5 review: broken UI label
MetadataProfile,label,,Metadata Profile,,Metadaten Profil,,Metadatenprofil,Task 5 review: broken UI label
ServerTestAbortedByError,missing,,Test was aborted due to an error: {error},,,,Der Test wurde wegen eines Fehlers abgebrochen: {error},
ServerTestApiKeyIncorrect,missing,,API Key Incorrect,,,,Der API-Schlüssel ist falsch,
ServerTestApiKeyRequired,missing,,API Key Required,,,,Ein API-Schlüssel ist erforderlich,
ServerTestAria2VersionTooLow,missing,,Aria2 version should be at least 1.34.0. Version reported is {version},,,,Die Aria2-Version muss mindestens 1.34.0 sein. Gemeldete Version: {version},
ServerTestAuthenticationFailed,missing,,Authentication failed,,,,Authentifizierung fehlgeschlagen,
ServerTestAuthenticationFailure,missing,,Authentication failure,,,,Authentifizierungsfehler,
ServerTestCategoryMissing,missing,,Category does not exist,,,,Die Kategorie existiert nicht,
ServerTestCategoryNotSupported,missing,,Category is not supported,,,,Kategorien werden nicht unterstützt,
ServerTestCategoryRecommended,missing,,Category is recommended,,,,Eine Kategorie wird empfohlen,
ServerTestDisableDateSorting,missing,,Disable Date Sorting,,,,Deaktivieren Sie „Date Sorting“,
ServerTestDisableMovieSorting,missing,,Disable Movie Sorting,,,,Deaktivieren Sie „Movie Sorting“,
ServerTestDisableTvSorting,missing,,Disable TV Sorting,,,,Deaktivieren Sie „TV Sorting“,
ServerTestDownloadStationApiVersionUnsupported,missing,,"Download Station API version not supported, should be at least 2. It supports from {minVersion} to {maxVersion}",,,,"Die API-Version von Download Station wird nicht unterstützt, mindestens Version 2 ist erforderlich. Unterstützt werden die Versionen {minVersion} bis {maxVersion}",
ServerTestEnableJobFolders,missing,,Enable Job folders,,,,Aktivieren Sie „Job folders“,
ServerTestFolderMissing,missing,,Folder does not exist,,,,Der Ordner existiert nicht,
ServerTestGroupMissing,missing,,Group does not exist,,,,Die Gruppe existiert nicht,
ServerTestHadoukenApiUnsupported,missing,,"Old Hadouken client with unsupported API, need 5.1 or higher",,,,"Veralteter Hadouken-Client mit nicht unterstützter API, Version 5.1 oder höher ist erforderlich",
ServerTestLabelConfigurationFailed,missing,,Configuration of label failed,,,,Die Konfiguration des Labels ist fehlgeschlagen,
ServerTestLabelPluginNotActivated,missing,,Label plugin not activated,,,,Das Label-Plugin ist nicht aktiviert,
ServerTestNoDefaultDestination,missing,,No default destination,,,,Kein Standardziel,
ServerTestNzbListFailed,missing,,Failed to get the list of NZBs: {error},,,,Die Liste der NZBs konnte nicht abgerufen werden: {error},
ServerTestNzbVortexNeedsUpdate,missing,,NZBVortex needs to be updated,,,,NZBVortex muss aktualisiert werden,
ServerTestNzbgetKeepHistoryTooHigh,missing,,NzbGet setting KeepHistory should be less than 25000,,,,Die NZBGet-Einstellung KeepHistory muss kleiner als 25000 sein,
ServerTestNzbgetKeepHistoryTooLow,missing,,NzbGet setting KeepHistory should be greater than 0,,,,Die NZBGet-Einstellung KeepHistory muss größer als 0 sein,
ServerTestNzbgetVersionTooLow,missing,,"Nzbget version too low, need 12.0 or higher",,,,"Die NZBGet-Version ist zu alt, Version 12.0 oder höher ist erforderlich",
ServerTestQbittorrentRemovesAtShareRatioLimit,missing,,qBittorrent is configured to remove torrents when they reach their Share Ratio Limit,,,,"qBittorrent ist so konfiguriert, dass Torrents entfernt werden, sobald sie ihr Share-Ratio-Limit erreichen",
ServerTestQueueingNotEnabled,missing,,Queueing not enabled,,,,Die Warteschlange ist nicht aktiviert,
ServerTestRTorrentVersionTooLow,missing,,rTorrent version should be at least 0.9.0. Version reported is {version},,,,Die rTorrent-Version muss mindestens 0.9.0 sein. Gemeldete Version: {version},
ServerTestSabnzbdDevelopVersion,missing,,"Sabnzbd develop version, assuming version 3.0.0 or higher.",,,,"Develop-Version von SABnzbd, es wird Version 3.0.0 oder höher angenommen.",
ServerTestSabnzbdDisableCheckBeforeDownload,missing,,Disable 'Check before download' option in Sabnzbd,,,,Deaktivieren Sie die Option „Check before download“ in SABnzbd,
ServerTestSabnzbdVersionRequired,missing,,"Version 0.7.0+ is required, but found: {version}",,,,"Version 0.7.0+ ist erforderlich, gefunden wurde: {version}",
ServerTestSharedFolderMissing,missing,,Shared folder does not exist,,,,Der freigegebene Ordner existiert nicht,
ServerTestTorrentListFailed,missing,,Failed to get the list of torrents: {error},,,,Die Liste der Torrents konnte nicht abgerufen werden: {error},
ServerTestTransmissionVersionUnsupported,missing,,"Transmission version not supported, should be 2.40 or higher.",,,,"Die Transmission-Version wird nicht unterstützt, Version 2.40 oder höher ist erforderlich.",
ServerTestUnableToConnect,missing,,Unable to connect,,,,Verbindung nicht möglich,
ServerTestUnableToConnectThroughSsl,missing,,Unable to connect through SSL,,,,Verbindung über SSL nicht möglich,
ServerTestUnableToConnectToAria2,missing,,Unable to connect to Aria2,,,,Verbindung zu Aria2 nicht möglich,
ServerTestUnableToConnectToDeluge,missing,,Unable to connect to Deluge,,,,Verbindung zu Deluge nicht möglich,
ServerTestUnableToConnectToHadouken,missing,,Unable to connect to Hadouken,,,,Verbindung zu Hadouken nicht möglich,
ServerTestUnableToConnectToNzbVortex,missing,,Unable to connect to NZBVortex,,,,Verbindung zu NZBVortex nicht möglich,
ServerTestUnableToConnectToNzbget,missing,,Unable to connect to NZBGet,,,,Verbindung zu NZBGet nicht möglich,
ServerTestUnableToConnectToQbittorrent,missing,,Unable to connect to qBittorrent,,,,Verbindung zu qBittorrent nicht möglich,
ServerTestUnableToConnectToRTorrent,missing,,Unable to connect to rTorrent,,,,Verbindung zu rTorrent nicht möglich,
ServerTestUnableToConnectToSabnzbd,missing,,Unable to connect to SABnzbd,,,,Verbindung zu SABnzbd nicht möglich,
ServerTestUnableToConnectToTorrentDownloadStation,missing,,Unable to connect to Torrent Download Station,,,,Verbindung zu Torrent Download Station nicht möglich,
ServerTestUnableToConnectToTransmission,missing,,Unable to connect to Transmission,,,,Verbindung zu Transmission nicht möglich,
ServerTestUnableToConnectToUsenetDownloadStation,missing,,Unable to connect to Usenet Download Station,,,,Verbindung zu Usenet Download Station nicht möglich,
ServerTestUnableToConnectToUtorrent,missing,,Unable to connect to uTorrent,,,,Verbindung zu uTorrent nicht möglich,
ServerTestUnableToWriteToFolder,missing,,Unable to write to folder,,,,In den Ordner kann nicht geschrieben werden,
ServerTestUnknownException,missing,,Unknown exception: {error},,,,Unbekannte Ausnahme: {error},
ServerTestUnknownVersion,missing,,Unknown Version: {version},,,,Unbekannte Version: {version},
ServerTestUnsupportedClientVersion,missing,,Unsupported client version,,,,Nicht unterstützte Client-Version,
ServerTestUtorrentApiUnsupported,missing,,"Old uTorrent client with unsupported API, need 3.0 or higher",,,,"Veralteter uTorrent-Client mit nicht unterstützter API, Version 3.0 oder höher ist erforderlich",
ServerTestVerifySslSettings,missing,,Verify SSL settings,,,,Überprüfen Sie die SSL-Einstellungen,
ServerTestVuzeProtocolUnsupported,missing,,"Protocol version not supported, use Vuze 5.0.0.0 or higher with Vuze Web Remote plugin.",,,,Die Protokollversion wird nicht unterstützt. Verwenden Sie Vuze 5.0.0.0 oder höher mit dem Plugin Vuze Web Remote.,
ServerTestFloodAuthenticationFailed,missing,,Failed to authenticate with Flood.,,,,Die Authentifizierung bei Flood ist fehlgeschlagen.,
ServerTestFloodUnableToConnect,missing,,"Unable to connect to Flood, please check your settings",,,,"Verbindung zu Flood nicht möglich, bitte überprüfen Sie Ihre Einstellungen",
ServerTestApiKeyInvalid,missing,,API Key is invalid,,,,Der API-Schlüssel ist ungültig,
ServerTestAppriseConnectionFailed,missing,,Unable to connect to Apprise API. Server connection failed: ({status}) {error},,,,Verbindung zur Apprise-API nicht möglich. Serververbindung fehlgeschlagen: ({status}) {error},
ServerTestAuthorizationRequired,missing,,Authorization is required,,,,Eine Autorisierung ist erforderlich,
ServerTestCalibreBadPortGui,missing,,"Bad port. This is the container's remote Calibre GUI, not the Calibre content server.  Try mapping port 8081.",,,,"Falscher Port. Dies ist die entfernte Calibre-GUI des Containers, nicht der Calibre-Inhaltsserver. Versuchen Sie, Port 8081 weiterzuleiten.",
ServerTestCalibreLibraryInvalid,missing,,Not a valid library in calibre,,,,Keine gültige Bibliothek in calibre,
ServerTestCalibreNotContentServer,missing,,Not a valid Calibre content server.  See https://manual.calibre-ebook.com/server.html,,,,Kein gültiger Calibre-Inhaltsserver. Siehe https://manual.calibre-ebook.com/server.html,
ServerTestCalibreWebNotContentServer,missing,,"This is a Calibre-Web server, not the required Calibre content server.  See https://manual.calibre-ebook.com/server.html",,,,"Dies ist ein Calibre-Web-Server, nicht der erforderliche Calibre-Inhaltsserver. Siehe https://manual.calibre-ebook.com/server.html",
ServerTestCalibreWriteAccessRequired,missing,,Mangarr needs write access. Configure a user or trusted IP in calibre. See https://manual.calibre-ebook.com/server.html,,,,Mangarr benötigt Schreibzugriff. Konfigurieren Sie in calibre einen Benutzer oder eine vertrauenswürdige IP. Siehe https://manual.calibre-ebook.com/server.html,
ServerTestCloudFlareCaptchaExpired,missing,,"CloudFlare CAPTCHA token expired, please Refresh.",,,,"Das CloudFlare-CAPTCHA-Token ist abgelaufen, bitte klicken Sie auf Aktualisieren.",
ServerTestCloudFlareCaptchaRequired,missing,,Site protected by CloudFlare CAPTCHA. Valid CAPTCHA token required.,,,,Die Website ist durch ein CloudFlare-CAPTCHA geschützt. Ein gültiges CAPTCHA-Token ist erforderlich.,
ServerTestCouldNotConnect,missing,,Could not connect,,,,Es konnte keine Verbindung hergestellt werden,
ServerTestFileMissing,missing,,File does not exist,,,,Die Datei existiert nicht,
ServerTestGoodreadsAuthenticationError,missing,,Goodreads authentication error: {error},,,,Goodreads-Authentifizierungsfehler: {error},
ServerTestGoodreadsListDataFailed,missing,,Could not get list data,,,,Die Listendaten konnten nicht abgerufen werden,
ServerTestGoodreadsListNotFound,missing,,List {list} not found,,,,Liste {list} nicht gefunden,
ServerTestGoodreadsSeriesDataFailed,missing,,Could not get series data,,,,Die Seriendaten konnten nicht abgerufen werden,
ServerTestGoodreadsSeriesNotFound,missing,,Series {series} not found,,,,Serie {series} nicht gefunden,
ServerTestGoodreadsUnreachableCheckLog,missing,,"Unable to connect to Goodreads, check the log for more details",,,,"Verbindung zu Goodreads nicht möglich, Details finden Sie im Protokoll",
ServerTestHttpAuthCredentialsInvalid,missing,,HTTP Auth credentials are invalid: {error},,,,Die HTTP-Authentifizierungsdaten sind ungültig: {error},
ServerTestImportListFeedUnsupported,missing,,Import list feed is not supported: {error},,,,Der Feed der Importliste wird nicht unterstützt: {error},
ServerTestImportListNoResults,missing,,"No results were returned from your import list, please check your settings.",,,,"Ihre Importliste hat keine Ergebnisse geliefert, bitte überprüfen Sie Ihre Einstellungen.",
ServerTestImportListUnreachable,missing,,Unable to connect to import list. {error},,,,Verbindung zur Importliste nicht möglich. {error},
ServerTestImportListUnreachableCheckLog,missing,,"Unable to connect to import list, check the log for more details",,,,"Verbindung zur Importliste nicht möglich, Details finden Sie im Protokoll",
ServerTestIncorrectApiKey,missing,,Incorrect ApiKey,,,,Falscher API-Schlüssel,
ServerTestIncorrectUsernameOrPassword,missing,,Incorrect username or password,,,,Falscher Nutzername oder falsches Passwort,
ServerTestIndexerConnectionFailure,missing,,Unable to connect to indexer connection failure. Check your connection to the indexer's server and DNS. {error},,,,"Verbindung zum Indexer nicht möglich, Verbindungsfehler. Überprüfen Sie Ihre Verbindung zum Server des Indexers und das DNS. {error}",
ServerTestIndexerDnsOrIpv6,missing,,"Unable to connect to indexer, please check your DNS settings and ensure IPv6 is working or disabled. {error}",,,,"Verbindung zum Indexer nicht möglich, bitte überprüfen Sie Ihre DNS-Einstellungen und stellen Sie sicher, dass IPv6 funktioniert oder deaktiviert ist. {error}",
ServerTestIndexerFeedUnsupported,missing,,Indexer feed is not supported: {error},,,,Der Feed des Indexers wird nicht unterstützt: {error},
ServerTestIndexerInvalidCredentials,missing,,"Unable to connect to indexer, invalid credentials. {error}",,,,"Verbindung zum Indexer nicht möglich, ungültige Anmeldedaten. {error}",
ServerTestIndexerNoResultsInCategories,missing,,"Query successful, but no results in the configured categories were returned from your indexer. This may be an issue with the indexer or your indexer category settings.",,,,"Abfrage erfolgreich, aber Ihr Indexer hat in den konfigurierten Kategorien keine Ergebnisse geliefert. Das kann am Indexer oder an Ihren Kategorieeinstellungen des Indexers liegen.",
ServerTestIndexerNoRssQuery,missing,,No rss feed query available. This may be an issue with the indexer or your indexer category settings.,,,,Keine RSS-Feed-Abfrage verfügbar. Das kann am Indexer oder an Ihren Kategorieeinstellungen des Indexers liegen.,
ServerTestIndexerQueryUnsupported,missing,,Indexer does not support the current query. Check if the categories and or searching for seasons/episodes are supported. Check the log for more details.,,,,"Der Indexer unterstützt die aktuelle Abfrage nicht. Prüfen Sie, ob die Kategorien und/oder die Suche nach Staffeln/Episoden unterstützt werden. Details finden Sie im Protokoll.",
ServerTestIndexerSearchParametersUnsupported,missing,,Indexer does not support required search parameters,,,,Der Indexer unterstützt die erforderlichen Suchparameter nicht,
ServerTestIndexerServerUnavailable,missing,,"Unable to connect to indexer, indexer's server is unavailable. Try again later. {error}",,,,"Verbindung zum Indexer nicht möglich, der Server des Indexers ist nicht erreichbar. Versuchen Sie es später erneut. {error}",
ServerTestIndexerTimeout,missing,,"Unable to connect to indexer, possibly due to a timeout. Try again or check your network settings. {error}",,,,"Verbindung zum Indexer nicht möglich, möglicherweise wegen einer Zeitüberschreitung. Versuchen Sie es erneut oder überprüfen Sie Ihre Netzwerkeinstellungen. {error}",
ServerTestIndexerUnreachable,missing,,Unable to connect to indexer. {error},,,,Verbindung zum Indexer nicht möglich. {error},
ServerTestIndexerUnreachableCheckLog,missing,,"Unable to connect to indexer, check the log for more details",,,,"Verbindung zum Indexer nicht möglich, Details finden Sie im Protokoll",
ServerTestIndexerUnreachableCheckLogAbove,missing,,"Unable to connect to indexer, check the log above the ValidationFailure for more details. {error}",,,,"Verbindung zum Indexer nicht möglich, Details finden Sie im Protokoll oberhalb des ValidationFailure. {error}",
ServerTestInvalidApiKey,missing,,Invalid API Key,,,,Ungültiger API-Schlüssel,
ServerTestInvalidAuthenticationToken,missing,,Invalid authentication token,,,,Ungültiges Authentifizierungstoken,
ServerTestInvalidToken,missing,,Invalid token,,,,Ungültiges Token,
ServerTestInvalidUsernameOrPassword,missing,,Invalid username or password,,,,Ungültiger Nutzername oder ungültiges Passwort,
ServerTestJackettAllEndpointUnsupported,missing,,"Jackett's all endpoint is not supported, please add indexers individually",,,,"Der „all“-Endpunkt von Jackett wird nicht unterstützt, bitte fügen Sie die Indexer einzeln hinzu",
ServerTestJoinApiUnreachable,missing,,Unable to connect to Join API. Please try again later.,,,,Verbindung zur Join-API nicht möglich. Bitte versuchen Sie es später erneut.,
ServerTestJoinAuthenticationFailed,missing,,Authentication failed.,,,,Authentifizierung fehlgeschlagen.,
ServerTestJoinDeviceIdsInvalid,missing,,Device IDs appear invalid.,,,,Die Geräte-IDs scheinen ungültig zu sein.,
ServerTestJoinUnknownError,missing,,Unknown error. Join message failed to send.,,,,Unbekannter Fehler. Die Join-Nachricht konnte nicht gesendet werden.,
ServerTestLoginPasswordInvalid,missing,,Login/Password invalid,,,,Anmeldename/Passwort ungültig,
ServerTestMailgunSendTestMessageFailed,missing,,Unable to send test message through Mailgun.,,,,Die Testnachricht konnte nicht über Mailgun gesendet werden.,
ServerTestNotifiarrApiKeyInvalid,missing,,API key is invalid,,,,Der API-Schlüssel ist ungültig,
ServerTestNotifiarrCloudflareError,missing,,Cloudflare Related HTTP Error - Unable to send notification,,,,Cloudflare-bezogener HTTP-Fehler - die Benachrichtigung konnte nicht gesendet werden,
ServerTestNotifiarrServiceUnavailable,missing,,Unable to send notification. Service Unavailable,,,,Die Benachrichtigung konnte nicht gesendet werden. Dienst nicht verfügbar,
ServerTestNotifiarrUnknownHttpError,missing,,Unknown HTTP Error - Unable to send notification,,,,Unbekannter HTTP-Fehler - die Benachrichtigung konnte nicht gesendet werden,
ServerTestPlexCertificateValidationFailed,missing,,"Unable to connect to Plex Media Server, certificate validation failed.",,,,"Verbindung zu Plex Media Server nicht möglich, die Zertifikatsprüfung ist fehlgeschlagen.",
ServerTestPlexMusicLibraryRequired,missing,,At least one Music library is required,,,,Mindestens eine Musikbibliothek ist erforderlich,
ServerTestProwlApiKeyInvalid,missing,,Apikey is invalid,,,,Der API-Schlüssel ist ungültig,
ServerTestProwlConnectionFailed,missing,,"Failed to connect to prowl, please check your settings.",,,,"Verbindung zu Prowl fehlgeschlagen, bitte überprüfen Sie Ihre Einstellungen.",
ServerTestReadarrImportListUnreachable,missing,,Unable to connect to import list: {error}. Check the log surrounding this error for details.,,,,Verbindung zur Importliste nicht möglich: {error}. Details finden Sie im Protokoll rund um diesen Fehler.,
ServerTestReadarrUrlInvalid,missing,,"Readarr URL is invalid, are you missing a URL base?",,,,"Die Readarr-URL ist ungültig, fehlt eine URL-Basis?",
ServerTestRequestLimitReached,missing,,Request limit reached: {error},,,,Anfragelimit erreicht: {error},
ServerTestScriptExitCode,missing,,Script exited with code: {code},,,,Das Skript wurde mit folgendem Code beendet: {code},
ServerTestSendTestEmailFailed,missing,,Unable to send test email,,,,Die Test-E-Mail konnte nicht gesendet werden,
ServerTestSendTestMessageApiResponse,missing,,Unable to send test message. Response from API: {error},,,,Die Testnachricht konnte nicht gesendet werden. Antwort der API: {error},
ServerTestSendTestMessageFailed,missing,,Unable to send test message: {error},,,,Die Testnachricht konnte nicht gesendet werden: {error},
ServerTestSslRequired,missing,,SSL seems to be required,,,,SSL scheint erforderlich zu sein,
ServerTestSynoindexUnavailable,missing,,Not a Synology or synoindex not available,,,,"Dies ist kein Synology, oder synoindex ist nicht verfügbar",
ServerTestSynologyRequired,missing,,Must be a Synology,,,,Muss ein Synology sein,
ServerTestUnableToConnectToKavita,missing,,Unable to connect to Kavita Server,,,,Verbindung zum Kavita-Server nicht möglich,
ServerTestUnableToConnectToPlex,missing,,Unable to connect to Plex Media Server,,,,Verbindung zu Plex Media Server nicht möglich,
ServerTestUnableToConnectToSubsonic,missing,,Unable to connect to Subsonic Server,,,,Verbindung zum Subsonic-Server nicht möglich,
ServerTestUnableToPostPayload,missing,,Unable to post payload,,,,Die Nutzdaten konnten nicht gesendet werden,
ServerTestUnableToSendTestMessage,missing,,Unable to send test message,,,,Die Testnachricht konnte nicht gesendet werden,
ServerTestPlexStatusCode,missing,,Unable to connect to Plex Media Server. Status Code: {status},,,,Verbindung zu Plex Media Server nicht möglich. Statuscode: {status},
ServerTestWebhookPostFailed,missing,,Unable to post to webhook: {error},,,,Senden an den Webhook nicht möglich: {error},
ServerApiFailedToGetSeriesVolumes,missing,,Failed to get works for {id},,,,Die Bände der Serie {id} konnten nicht abgerufen werden,
ServerApiFailedToGetVolumeData,missing,,Failed to get books for {id},,,,Die Daten des Bands {id} konnten nicht abgerufen werden,
ServerApiGettingReleaseFromIndexerFailed,missing,,Getting release from indexer failed,,,,Das Abrufen des Releases vom Indexer ist fehlgeschlagen,
ServerApiGlobalDelayProfile,missing,,Cannot delete global delay profile,,,,Das globale Verzögerungsprofil kann nicht gelöscht werden,
ServerApiGoodreadsError,missing,,Received an error from Goodreads {error},,,,Fehler von Goodreads erhalten: {error},
ServerApiGoodreadsSearchInvalidResponse,missing,,Search for '{query}' failed. Invalid response received from Goodreads.,,,,Die Suche nach '{query}' ist fehlgeschlagen. Ungültige Antwort von Goodreads erhalten.,
ServerApiGoodreadsSearchUnreachable,missing,,Search for '{query}' failed. Unable to communicate with Goodreads.,,,,Die Suche nach '{query}' ist fehlgeschlagen. Keine Verbindung zu Goodreads möglich.,
ServerApiInvalidBackupExtension,missing,,"Invalid extension, must be one of: {extensions}",,,,"Ungültige Dateiendung, zulässig sind: {extensions}",
ServerApiInvalidId,missing,,{id} is not a valid ID,,,,{id} ist keine gültige ID,
ServerApiMetadataProfileInUse,missing,,Metadata profile [{name}] is in use.,,,,Das Metadatenprofil [{name}] wird verwendet.,
ServerApiNoMatchingSeriesAndVolumes,missing,,Unable to find matching series and volumes,,,,Passende Serie und Bände konnten nicht gefunden werden,
ServerApiNoVolumesResolved,missing,,No volumes resolved for series '{id}',,,,Für die Serie '{id}' wurden keine Bände gefunden,
ServerApiProfileInUse,missing,,Profile [{name}] is in use.,,,,Das Profil [{name}] wird verwendet.,
ServerApiReadarrApiSearchFailed,missing,,"Search for '{query}' failed. Unable to communicate with ReadarrAPI, returning status code: {status}.",,,,"Die Suche nach '{query}' ist fehlgeschlagen. Keine Verbindung zu ReadarrAPI möglich, zurückgegebener Statuscode: {status}.",
ServerApiReleaseNotInCache,missing,,"Couldn't find requested release in cache, try searching again",,,,"Das angeforderte Release wurde nicht im Cache gefunden, bitte erneut suchen",
ServerApiSeriesRootFolderEmpty,missing,,Series' root folder ({path}) is empty.,,,,Der Stammordner der Serie ({path}) ist leer.,
ServerApiSeriesRootFolderMissing,missing,,Series' root folder ({path}) doesn't exist.,,,,Der Stammordner der Serie ({path}) existiert nicht.,
ServerApiUnableToCancelTask,missing,,Unable to cancel task,,,,Die Aufgabe kann nicht abgebrochen werden,
ServerApiUnableToConnectToPlexTv,missing,,Unable to connect to plex.tv,,,,Verbindung zu plex.tv nicht möglich,
ServerApiUnableToDeleteVolumeFile,missing,,Unable to delete volume file,,,,Die Banddatei konnte nicht gelöscht werden,
ServerApiUnableToParseVolumesInRelease,missing,,Unable to parse volumes in the release,,,,Die Bände im Release konnten nicht ermittelt werden,
ServerApiUnexpectedErrorFetchingSeriesData,missing,,Unexpected error fetching author data,,,,Unerwarteter Fehler beim Abrufen der Seriendaten,
ServerApiUnexpectedResponseFetchingVolumeData,missing,,Unexpected response fetching book data,,,,Unerwartete Antwort beim Abrufen der Banddaten,
ServerApiUnexpectedResponseFrom,missing,,Unexpected response from {url},,,,Unerwartete Antwort von {url},
ServerApiVolumeFileNotFound,missing,,Volume file not found,,,,Banddatei nicht gefunden,
ServerApiSeriesMetadataMissingFromVolume,missing,,Expected author metadata for id [{id}] in book data {volume},,,,Seriendaten für die ID [{id}] in den Banddaten {volume} erwartet,
ServerApiUnableToRestoreDatabaseFromBackup,missing,,Unable to restore database file from backup,,,,Die Datenbankdatei konnte nicht aus der Sicherung wiederhergestellt werden,
ServerProgressFailed,missing,,Failed,,,,Fehlgeschlagen,
ServerQueueEncryptedDownloadDetected,missing,,Encrypted download detected,,,,Verschlüsselter Download erkannt,
ServerQueueFailedDownloadDetected,missing,,Failed download detected,,,,Fehlgeschlagener Download erkannt,
ServerQueueManuallyIgnored,missing,,Manually ignored,,,,Manuell ignoriert,
ServerQueueManuallyMarkedAsFailed,missing,,Manually marked as failed,,,,Manuell als fehlgeschlagen markiert,
ServerRejectionLanguageChineseTaiwan,missing,,Chinese (Taiwan),,,,Chinesisch (Taiwan),
ServerRejectionLanguagePortugueseBrazil,missing,,Portuguese (Brazil),,,,Portugiesisch (Brasilien),
ServerTestDiskStationApiInfoNotFound,missing,,Info of {api} not found on {host}:{port},,,,Informationen zu {api} auf {host}:{port} nicht gefunden,
ServerTestDiskStationCertificateValidationFailed,missing,,"Unable to connect to Diskstation, certificate validation failed.",,,,"Verbindung zur Diskstation nicht möglich, die Zertifikatsprüfung ist fehlgeschlagen.",
ServerTestDiskStationErrorAccountDisabled,missing,,Disabled account,,,,Konto deaktiviert,
ServerTestDiskStationErrorAccountOrPasswordIncorrect,missing,,No such account or incorrect password,,,,Konto nicht vorhanden oder Passwort falsch,
ServerTestDiskStationErrorAccountServerUnavailable,missing,,Can’t get user/group information from the account server,,,,Benutzer-/Gruppeninformationen können nicht vom Kontoserver abgerufen werden,
ServerTestDiskStationErrorApiNotFound,missing,,The requested API does not exist,,,,Die angeforderte API existiert nicht,
ServerTestDiskStationErrorDestinationDenied,missing,,Destination denied,,,,Ziel verweigert,
ServerTestDiskStationErrorDestinationNotFound,missing,,Destination does not exist,,,,Das Ziel existiert nicht,
ServerTestDiskStationErrorDeviceBusy,missing,,Device or resource busy,,,,Gerät oder Ressource belegt,
ServerTestDiskStationErrorDiskQuotaExceeded,missing,,Disk quota exceeded,,,,Speicherkontingent überschritten,
ServerTestDiskStationErrorExpiredPasswordCannotChange,missing,,Expired password cannot change,,,,Abgelaufenes Passwort kann nicht geändert werden,
ServerTestDiskStationErrorFileAlreadyExists,missing,,File already exists,,,,Die Datei existiert bereits,
ServerTestDiskStationErrorFileOperationGroup,missing,,Invalid group does this file operation,,,,Ungültige Gruppe für diesen Dateivorgang,
ServerTestDiskStationErrorFileOperationParameter,missing,,Invalid parameter of file operation,,,,Ungültiger Parameter für den Dateivorgang,
ServerTestDiskStationErrorFileOperationUnknown,missing,,Unknown error of file operation,,,,Unbekannter Fehler beim Dateivorgang,
ServerTestDiskStationErrorFileOperationUser,missing,,Invalid user does this file operation,,,,Ungültiger Benutzer für diesen Dateivorgang,
ServerTestDiskStationErrorFileOperationUserAndGroup,missing,,Invalid user and group does this file operation,,,,Ungültiger Benutzer und ungültige Gruppe für diesen Dateivorgang,
ServerTestDiskStationErrorFileStationPermission,missing,,Permission denied. Give your user access to FileStation.,,,,Berechtigung verweigert. Geben Sie Ihrem Benutzer Zugriff auf FileStation.,
ServerTestDiskStationErrorFileSystemUnsupported,missing,,Non-supported file system,,,,Nicht unterstütztes Dateisystem,
ServerTestDiskStationErrorFileUploadFailed,missing,,File upload failed,,,,Hochladen der Datei fehlgeschlagen,
ServerTestDiskStationErrorFilenameTooLong,missing,,Filename too long in the non-encrypted file system,,,,Dateiname zu lang für das unverschlüsselte Dateisystem,
ServerTestDiskStationErrorFilenameTooLongEncrypted,missing,,Filename too long in the encrypted file system,,,,Dateiname zu lang für das verschlüsselte Dateisystem,
ServerTestDiskStationErrorIllegalFatFileName,missing,,Illegal file name on FAT file system,,,,Unzulässiger Dateiname im FAT-Dateisystem,
ServerTestDiskStationErrorIllegalFileName,missing,,Illegal file name,,,,Unzulässiger Dateiname,
ServerTestDiskStationErrorIllegalNameOrPath,missing,,Illegal name or path,,,,Unzulässiger Name oder Pfad,
ServerTestDiskStationErrorInputOutput,missing,,Input/output error,,,,Ein-/Ausgabefehler,
ServerTestDiskStationErrorInvalidParameter,missing,,Invalid parameter,,,,Ungültiger Parameter,
ServerTestDiskStationErrorInvalidTaskAction,missing,,Invalid task action,,,,Ungültige Aufgabenaktion,
ServerTestDiskStationErrorInvalidTaskId,missing,,Invalid task id,,,,Ungültige Aufgaben-ID,
ServerTestDiskStationErrorIpBlocked,missing,,Blocked IP source,,,,Quell-IP-Adresse gesperrt,
ServerTestDiskStationErrorMaxTasksReached,missing,,Max number of tasks reached,,,,Maximale Anzahl an Aufgaben erreicht,
ServerTestDiskStationErrorMethodNotFound,missing,,The requested method does not exist,,,,Die angeforderte Methode existiert nicht,
ServerTestDiskStationErrorNetworkFileSystemFailed,missing,,Failed to connect internet-based file system (ex: CIFS),,,,Verbindung zum Netzwerk-Dateisystem fehlgeschlagen (z. B. CIFS),
ServerTestDiskStationErrorNoSpaceLeft,missing,,No space left on device,,,,Kein Speicherplatz mehr auf dem Gerät,
ServerTestDiskStationErrorNoSuchFileOperationTask,missing,,No such task of the file operation,,,,Keine solche Aufgabe des Dateivorgangs,
ServerTestDiskStationErrorNoSuchFileOrDirectory,missing,,No such file or directory,,,,Datei oder Verzeichnis nicht gefunden,
ServerTestDiskStationErrorOperationNotPermitted,missing,,Operation not permitted,,,,Vorgang nicht zulässig,
ServerTestDiskStationErrorPasswordExpired,missing,,Expired password,,,,Passwort abgelaufen,
ServerTestDiskStationErrorPasswordMustChange,missing,,Password must be changed,,,,Das Passwort muss geändert werden,
ServerTestDiskStationErrorPermissionDenied,missing,,Denied permission,,,,Berechtigung verweigert,
ServerTestDiskStationErrorReadOnlyFileSystem,missing,,Read-only file system,,,,Schreibgeschütztes Dateisystem,
ServerTestDiskStationErrorSessionDuplicateLogin,missing,,Session interrupted by duplicate login,,,,Sitzung durch eine doppelte Anmeldung unterbrochen,
ServerTestDiskStationErrorSessionNoPermission,missing,,The logged in session does not have permission,,,,Die angemeldete Sitzung hat keine Berechtigung,
ServerTestDiskStationErrorSessionTimeout,missing,,Session timeout,,,,Zeitüberschreitung der Sitzung,
ServerTestDiskStationErrorSetDestinationFailed,missing,,Set destination failed,,,,Festlegen des Ziels fehlgeschlagen,
ServerTestDiskStationErrorSidNotFound,missing,,SID not found,,,,SID nicht gefunden,
ServerTestDiskStationErrorSystemBusy,missing,,System is too busy,,,,Das System ist ausgelastet,
ServerTestDiskStationErrorTwoFactorEnforced,missing,,Enforce to authenticate with 2-factor authentication code,,,,Die Zwei-Faktor-Authentifizierung ist vorgeschrieben,
ServerTestDiskStationErrorTwoStepCodeFailed,missing,,Failed to authenticate 2-step authentication code,,,,Der Code für die Bestätigung in zwei Schritten konnte nicht verifiziert werden,
ServerTestDiskStationErrorTwoStepCodeRequired,missing,,2-step authentication code required,,,,Code für die Bestätigung in zwei Schritten erforderlich,
ServerTestDiskStationErrorUnknown,missing,,Unknown error,,,,Unbekannter Fehler,
ServerTestDiskStationErrorUnknownCode,missing,,{code} - Unknown error,,,,{code} - Unbekannter Fehler,
ServerTestDiskStationErrorVersionUnsupported,missing,,The requested version does not support the functionality,,,,Die angeforderte Version unterstützt diese Funktion nicht,
ServerTestDiskStationOperationAddTaskFromData,missing,,add task from data {filename},,,,Aufgabe aus den Daten {filename} hinzufügen,
ServerTestDiskStationOperationAddTaskFromUrl,missing,,add task from url {url},,,,Aufgabe aus der URL {url} hinzufügen,
ServerTestDiskStationOperationGetApiInfo,missing,,get api info,,,,API-Informationen abrufen,
ServerTestDiskStationOperationGetConfig,missing,,get config,,,,Konfiguration abrufen,
ServerTestDiskStationOperationGetInfoOf,missing,,get info of {path},,,,Informationen zu {path} abrufen,
ServerTestDiskStationOperationGetSerialNumber,missing,,get serial number,,,,Seriennummer abrufen,
ServerTestDiskStationOperationGetTasks,missing,,get tasks,,,,Aufgaben abrufen,
ServerTestDiskStationOperationGetTasksDetail,missing,,get tasks with additional detail,,,,Aufgaben mit Details abrufen,
ServerTestDiskStationOperationGetTasksTransfer,missing,,get tasks with additional transfer,,,,Aufgaben mit Übertragungsdaten abrufen,
ServerTestDiskStationOperationLogin,missing,,login,,,,Anmelden,
ServerTestDiskStationOperationRemoveItem,missing,,remove item {downloadId},,,,Element {downloadId} entfernen,
ServerTestDiskStationRequestFailed,missing,,Failed to {operation}. Reason: {reason},,,,Vorgang „{operation}“ fehlgeschlagen. Grund: {reason},
ServerTestDiskStationUnableToConnect,missing,,"Unable to connect to Diskstation, please check your settings",,,,"Verbindung zur Diskstation nicht möglich, bitte überprüfen Sie Ihre Einstellungen",
ServerTestPlexAuthTokenInvalid,missing,,Unauthorized - AuthToken is invalid,,,,Nicht autorisiert – das AuthToken ist ungültig,
ServerTestPlexUnableToConnect,missing,,"Unable to connect to Plex Media Server, {error}",,,,"Verbindung zu Plex Media Server nicht möglich, {error}",
ServerTestPlexVersionUpgradeRequired,missing,,"Found version {version}, upgrade to PMS 1.3.1 to fix library updating and then restart Mangarr",,,,"Version {version} gefunden. Aktualisieren Sie auf PMS 1.3.1, um die Bibliotheksaktualisierung zu beheben, und starten Sie {appName} dann neu",
ServerTestProwlSendTextMessageFailed,missing,,Unable to send text message: {error},,,,Textnachricht konnte nicht gesendet werden: {error},
DeleteMetadataProfile,label,,Delete Metadata Profile,,Metadaten Profil löschen,,Metadatenprofil löschen,server messages follow-ups: broken UI label (Metadaten Profil)
MetadataProfiles,label,,Metadata Profiles,,Metadaten Profile,,Metadatenprofile,server messages follow-ups: broken UI label (Metadaten Profil)
MetadataProfileIdHelpText,label,,Metadata Profile list items should be added with,,Metadaten Profil Listenelemente sollten hinzugefügt werden mit,,"Metadatenprofil, mit dem Listeneinträge hinzugefügt werden sollen",server messages follow-ups: broken UI label (Metadaten Profil)
ServerTestDiskStationOperationAddTaskFromData,review,,add task from data {filename},,Aufgabe aus den Daten {filename} hinzufügen,,Aufgabe aus der Datei {filename} hinzufügen,server messages follow-ups review: wording
ServerTestDiskStationErrorNoSuchFileOperationTask,review,,No such task of the file operation,,Keine solche Aufgabe des Dateivorgangs,,Aufgabe des Dateivorgangs nicht gefunden,server messages follow-ups review: wording
ServerTestDiskStationErrorDestinationDenied,review,,Destination denied,,Ziel verweigert,,Zugriff auf das Ziel verweigert,server messages follow-ups review: wording
ServerRejectionLanguageChineseHongKong,missing,,Chinese (Hong Kong),,,,Chinesisch (Hongkong),
ServerValidationAlreadyLanguageEdition,missing,,Already the {language} edition,,,,Bereits die Ausgabe auf {language},
MetadataSourceNoArtifact,glossary:light-novel,,"No metadata artifact is loaded yet. Mangarr is downloading it and retries every hour; until it arrives, series and volume structure comes from the live sources (AniList, MangaUpdates, MangaDex) only and light novels can't be added. To fetch it now, run System → Tasks → Metadata Update.",,"Kein Metadaten-Artefakt geladen. Die Struktur von Serien und Bänden stammt nur aus den Live-Quellen (AniList, MangaUpdates, MangaDex).",,"Noch kein Metadaten-Artefakt geladen. Mangarr lädt es herunter und versucht es stündlich erneut; bis es da ist, stammt die Struktur von Serien und Bänden nur aus den Live-Quellen (AniList, MangaUpdates, MangaDex), und Light Novels können nicht hinzugefügt werden. Um es jetzt abzurufen, führen Sie System → Aufgaben → Metadaten-Update aus.",
ComicInfoFileMetadata,missing,,Write Metadata to CBZ Files,,,,Metadaten in CBZ-Dateien schreiben,
WriteComicInfo,missing,,Write ComicInfo To,,,,ComicInfo schreiben für,
WriteComicInfoAllImports,missing,,All Imports,,,,Alle Importe,
WriteComicInfoHelpText,missing,,"Which imports get ComicInfo.xml embedded in their CBZ files. New Downloads: only files from a download client. All Imports: also files a disk scan, Library Import or Manual Import brings in, which rewrites archives you already own. System → Tasks → Embed Metadata writes every CBZ on request.",,,,"Welche Importe ComicInfo.xml in ihre CBZ-Dateien eingebettet bekommen. Neue Downloads: nur Dateien aus einem Download-Client. Alle Importe: auch Dateien aus einem Festplatten-Scan, einem Bibliotheksimport oder einem manuellen Import, wobei Archive, die Sie bereits besitzen, neu geschrieben werden. System → Aufgaben → Metadaten einbetten schreibt auf Wunsch jede CBZ.",
WriteComicInfoNewDownloads,missing,,New Downloads,,,,Neue Downloads,
LightNovelStorageAudiobookshelfRenameOff,missing,,Rename Volumes is off; audiobooks need it for the Audiobookshelf folder layout — Rename Volumes (Settings → Media Management),,,,Bände umbenennen ist aus; Hörbücher brauchen es für die Ordnerstruktur von Audiobookshelf — Bände umbenennen (Einstellungen → Medienverwaltung),
ServerProgressBackingUpMetadataPins,missing,,Backing up metadata pins,,,,Fixierte Metadaten werden gesichert,
PdfToCbzSweep,missing,,Convert PDFs to CBZ Daily,,,,PDFs täglich in CBZ umwandeln,
PdfToCbzSweepHelpText,missing,,"Once a day, convert every manga PDF already in the library to CBZ. Originals are moved to pdf-originals in Mangarr's app data folder, never deleted. Off: run it yourself from System → Tasks → Convert PDF to CBZ. Downloaded PDFs are converted on import either way.",,,,"Wandelt einmal täglich jedes Manga-PDF, das bereits in der Bibliothek liegt, in CBZ um. Die Originale werden nach pdf-originals im App-Datenordner von Mangarr verschoben, nie gelöscht. Aus: Starten Sie es selbst unter System → Aufgaben → PDF in CBZ umwandeln. Heruntergeladene PDFs werden in jedem Fall beim Import umgewandelt.",
CheckForNewReleases,missing,,Check for New Releases,,,,Nach neuen Versionen suchen,
CheckForNewReleasesHelpText,missing,,"Ask GitHub about twice a day whether a newer Mangarr release is out, and show a notice on System → Status. Nothing is downloaded or installed.",,,,"Fragt etwa zweimal täglich bei GitHub nach, ob eine neuere Mangarr-Version erschienen ist, und zeigt dann einen Hinweis unter System → Status. Es wird nichts heruntergeladen oder installiert.",
NewReleaseCheckMessage,missing,,Mangarr {release} is available (you run {version}),,,,Mangarr {release} ist verfügbar (Sie verwenden {version}),
SpinOffOf,missing,,Spin-off of {name},,,,Ableger von {name},
ServerImportReleaseBelongsToSiblingLine,missing,,Release covers volumes {start}-{end}; this series' line has {count} — it may belong to {line},,,,Die Veröffentlichung umfasst die Bände {start}-{end}; die Reihe dieser Serie hat {count} — sie gehört möglicherweise zu {line},
ServerApiLineSyncLightNovelsOnly,missing,,Only a light novel's files live in calibre or Audiobookshelf,,,,Nur die Dateien einer Light Novel liegen in calibre oder Audiobookshelf,
ServerApiRefreshRunningForSeries,missing,,A refresh is running for this series; try again when it finishes,,,"Für diese Serie läuft gerade eine Aktualisierung; versuchen Sie es erneut, wenn sie abgeschlossen ist","Für diese Serie läuft eine Aktualisierung; versuchen Sie es erneut, wenn sie abgeschlossen ist",
ServerProgressLineNotSwitched,missing,,Not switched: {reason},,,,Nicht gewechselt: {reason},
ServerProgressLineSwitched,missing,,"Switched to {line}: {moved} file(s) on matching volumes, {kept} kept",,,,"Zu {line} gewechselt: {moved} Datei(en) auf passenden Bänden, {kept} behalten",
ServerValidationLineNameFindsAnotherLine,missing,,"The catalogue finds another line by this line's name, so a refresh would not keep the switch",,,,"Der Katalog findet unter dem Namen dieser Reihe eine andere Reihe, eine Aktualisierung würde den Wechsel also nicht beibehalten",
ServerValidationLineNumberingDiffers,missing,,Volume numbering differs between the two lines and {count} file(s) are attached,,,,Die Bandnummerierung unterscheidet sich zwischen den beiden Reihen und {count} Datei(en) sind zugeordnet,
ServerValidationNotALineOfThisWork,missing,,Not a line of this series' work in its market,,,,Keine Reihe des Werks dieser Serie in ihrem Markt,
ServerValidationSeriesAlreadyBoundToLine,missing,,{name} is already bound to this line,,,,{name} ist bereits an diese Reihe gebunden,
ServerValidationSeriesAlreadyNamed,missing,,"Another series is already named ""{name}""",,,,Eine andere Serie heißt bereits „{name}“,
SwitchLine,missing,,Switch Line,,,,Reihe wechseln,
SwitchLineConfirmDisk,missing,,"Files and folders on disk are not moved or renamed, and nothing is searched now: new volumes are monitored per the series' settings and picked up by the scheduled missing search.",,,,"Dateien und Ordner auf der Festplatte werden weder verschoben noch umbenannt, und jetzt wird nichts gesucht: Neue Bände werden nach den Einstellungen der Serie überwacht und von der geplanten Suche nach fehlenden Bänden erfasst.",
SwitchLineConfirmFiles,missing,,{count} file(s) stay on the volume with the same number.,,,,{count} Datei(en) bleiben auf dem Band mit derselben Nummer.,
SwitchLineConfirmKept,missing,,No counterpart on that line for volume(s) {volumes}; their files stay where they are.,,,,"Keine Entsprechung in dieser Reihe für Band/Bände {volumes}; ihre Dateien bleiben, wo sie sind.",
SwitchLineConfirmRename,missing,,"""{name}"" will be renamed ""{newName}"" and bound to that line; its volumes are refreshed from it.",,,,„{name}“ wird in „{newName}“ umbenannt und an diese Reihe gebunden; ihre Bände werden daraus aktualisiert.,
SwitchLineExternalFailed,missing,,Couldn't queue the calibre and Audiobookshelf update,,,,Die Aktualisierung von calibre und Audiobookshelf konnte nicht eingereiht werden,
SwitchLineExternalMessage,missing,,Retags the {count} file(s) now on the new line's volumes and syncs this series' titles in calibre and Audiobookshelf.,,,,"Schreibt die Tags der {count} Datei(en), die jetzt auf den Bänden der neuen Reihe liegen, neu und gleicht die Titel dieser Serie in calibre und Audiobookshelf ab.",
SwitchLineExternalTitle,missing,,Update calibre and Audiobookshelf metadata too?,,,,Auch die Metadaten in calibre und Audiobookshelf aktualisieren?,
SwitchLineHeading,missing,,Wrong Line of This Work?,,,,Falsche Reihe dieses Werks?,
SwitchLineHelpText,missing,,Other release lines of this work in the same market. Switching binds the series to the line you pick and keeps each file on the volume with the same number.,,,,Andere Veröffentlichungsreihen dieses Werks im selben Markt. Ein Wechsel bindet die Serie an die gewählte Reihe und lässt jede Datei auf dem Band mit derselben Nummer.,
SwitchLineMainLine,missing,,Main line,,,,Hauptreihe,
SwitchLineRefreshing,missing,,Refreshing the series from its new line…,,,,Die Serie wird aus ihrer neuen Reihe aktualisiert…,
TaskNameSwitchLine,missing,,Switch Line,,,,Reihe wechseln,
ServerValidationSeriesNoLongerExists,missing,,The series no longer exists,,,,Die Serie existiert nicht mehr,
SwitchLineConfirmAdded,missing,,{count} volume(s) will be added.,,,,{count} Band/Bände werden hinzugefügt.,
SwitchLineConfirmNoAniList,missing,,No AniList match on this line; metadata will re-resolve by title.,,,,Keine AniList-Zuordnung für diese Reihe; die Metadaten werden über den Titel neu aufgelöst.,
