key,reasons,en_fork,en,owner,old,suggest,draft,note
APIPath,missing,,API Path,Newznab,,,Chemin de l'API,
APIURL,missing,,API URL,FileList MangaDex,,,URL de l'API,
AcceptConfirmationModal,missing,,Accept Confirmation Modal,,,,Accepter la fenêtre de confirmation,
AccessToken,missing,,Access Token,GoodreadsSettingsBase Ntfy PushBullet Twitter,,,Jeton d'accès,
AccessTokenSecret,missing,,Access Token Secret,GoodreadsSettingsBase Twitter,,,Secret du jeton d'accès,
Add,missing,,Add,,,,Ajouter,
AddANewPath,missing,,Add a new path,,,,Ajouter un nouveau chemin,
AddCondition,missing,,Add Condition,,,,Ajouter une condition,
AddConditionImplementation,missing,,Add Condition - {implementationName},,,,Ajouter une condition - {implementationName},
AddConnectionImplementation,missing,,Add Connection - {implementationName},,,,Ajouter une connexion - {implementationName},
AddCountMissing,missing,,Add {count} Missing,,,,Ajouter les {count} séries manquantes,Collections button: the missing members are series (f.)
AddCustomFilter,missing,,Add Custom Filter,,,,Ajouter un filtre personnalisé,
AddCustomFormat,missing,,Add Custom Format,,,,Ajouter un format personnalisé,
AddDelayProfile,missing,,Add Delay Profile,,,,Ajouter un profil de retard,
AddDownloadClient,missing,,Add Download Client,,,,Ajouter un client de téléchargement,
AddDownloadClientImplementation,missing,,Add Download Client - {implementationName},,,,Ajouter un client de téléchargement - {implementationName},
AddFormats,missing,,Formats,,,Formats,Formats,
AddImportListExclusion,missing,,Add Import List Exclusion,,,,Ajouter une exclusion de liste d'importation,
AddImportListExclusionHelpText,readarr vocab glossary:series glossary:volume stale,Prevent book from being added to Readarr by Import Lists or Author Refresh,Prevent volume from being added to Mangarr by Import Lists or Series Refresh,,Empêcher l'ajout d'un livre à Readarr par l'importation de listes ou l'actualisation de l'auteur,,Empêcher l'ajout du tome à {appName} par les listes d'importation ou l'actualisation de la série,
AddIndexer,missing,,Add Indexer,,,,Ajouter un indexeur,
AddIndexerImplementation,missing,,Add Indexer - {implementationName},,,,Ajouter un indexeur - {implementationName},
AddLanguage,missing,,Add Language,,,,Ajouter une langue,
AddMetadataProfile,missing,,Add Metadata Profile,,,,Ajouter un profil de métadonnées,
AddNewAuthor,missing,Add New Author,Add New Series,,,,Ajouter une série,
AddNewBook,missing,Add New Book,Add New Volume,,,,Ajouter un tome,
AddNewLightNovelRootFolderHelpText,missing,,'{folder}' folder will be created; every volume gets its own folder inside it,,,,Le dossier « {folder} » sera créé ; chaque tome y aura son propre dossier,
AddNotification,missing,,Add Notification,,,,Ajouter une notification,
AddPaused,missing,,Add Paused,Deluge Flood Nzbget Transmission,,,Ajouter en pause,
AddQualityProfile,missing,,Add Quality Profile,,,,Ajouter un profil de qualité,
AddReleaseProfile,missing,,Add Release Profile,,,,Ajouter un profil de version,
AddRemotePathMapping,missing,,Add Remote Path Mapping,,,,Ajouter une correspondance de chemin distant,
AddStopped,missing,,Add Stopped,RTorrent,,,Ajouter à l'arrêt,rTorrent: add the torrent in the stopped state
AddTitle,missing,,Add {title},,,,Ajouter {title},
AddToBookshelves,missing,,Add to Bookshelves,GoodreadsBookshelfNotification,,,Ajouter aux étagères,Goodreads shelves
AddToDownloadedQueue,missing,,Add to downloaded queue,,,,Ajouter à la file des téléchargements terminés,
Added,missing,,Added,,,,Ajouté,
AddedAuthorSettings,vocab glossary:series stale,Added Author Settings,Added Series Settings,,Ajout des paramètres de l'auteur,,Paramètres de la série ajoutée,
AddedDate,missing,,Added: {date},,,,Ajouté : {date},
AddedRelativeDate,missing,,Added {date},,,,Ajouté {date},
AddedToDownloadedQueue,missing,,Added to downloaded queue,,,,Ajouté à la file des téléchargements terminés,
AddingFailed,missing,,Adding failed: {message},,,,Échec de l'ajout : {message},
AdditionalParameters,missing,,Additional Parameters,Newznab Nyaa,,,Paramètres supplémentaires,
AdditionalTags,missing,,Additional Tags,Flood,,,Étiquettes supplémentaires,
Adopted,missing,,Adopted,,,,Adopté,a file (m.) owned before Mangarr knew it
AdoptedTagWrite,missing,,Write Tags to Adopted Audiobooks,,,,Écrire les étiquettes dans les livres audio adoptés,
AdoptedTagWriteHelpText,missing,,Also write the additive tags into adopted audiobook files on a manual retag,,,,Écrire aussi les étiquettes additionnelles dans les fichiers de livres audio adoptés lors d'un réétiquetage manuel,
AdoptedTooltip,missing,,"Owned before Mangarr knew it — never renamed, moved, replaced or deleted by Mangarr",,,,"Possédé avant que {appName} ne le connaisse — jamais renommé, déplacé, remplacé ni supprimé par {appName}",
AfterManualRefresh,missing,,After Manual Refresh,,,,Après une actualisation manuelle,
Age,missing,,Age,,,,Âge,
AgeWhenGrabbed,upstream,,Age (when grabbed),,Âge (au moment de la saisie),,Âge (au moment de la récupération),upstream fix
Agenda,missing,,Agenda,,,,Agenda,
AllAuthorBooks,vocab glossary:series glossary:volume stale,All Author Books,All Series Volumes,,Tous les livres de l'auteur,,Tous les tomes de la série,
AllBooks,vocab glossary:volume stale,All Books,All Volumes,,Tous les livres,,Tous les tomes,
AllFiles,missing,,All Files,,,,Tous les fichiers,
AllItemsHiddenByFilter,missing,,All {itemType} are hidden due to the applied filter.,,,,Le filtre appliqué masque l'ensemble des {itemType}.,{itemType} is ItemTypeSeries/ItemTypeVolumes (séries f. / tomes m.): worded without gender agreement
AllowAuthorChangeClickToChangeAuthor,vocab glossary:series stale,Click to change author,Click to change series,,Cliquez pour changer d'artiste,,Cliquez pour changer de série,
AllowFingerprintingHelpText,vocab glossary:volume stale,Use fingerprinting to improve accuracy of book matching,Use fingerprinting to improve accuracy of volume matching,,Utiliser la prise d'empreinte (Fingerprinting) pour améliorer la précision de la correspondance des livres,,Utiliser les empreintes pour améliorer la précision de l'association des tomes,
AllowFingerprintingHelpTextWarning,readarr stale,This requires Readarr to read parts of the file which will slow down scans and may cause high disk or network activity.,This requires Mangarr to read parts of the file which will slow down scans and may cause high disk or network activity.,,"Cela nécessite que Readarr lise certaines parties du fichier, ce qui ralentit les analyses et peut entraîner une forte activité du disque dur ou du réseau.",,"Cela nécessite que {appName} lise certaines parties du fichier, ce qui ralentit les analyses et peut entraîner une forte activité du disque ou du réseau.",
AllowZeroSize,missing,,Allow Zero Size,TorrentRssIndexer,,,Autoriser une taille nulle,
Always,missing,,Always,,,,Toujours,
AnalyticsEnabledHelpText,readarr stale,"Send anonymous usage and error information to Readarr's servers. This includes information on your browser, which Readarr WebUI pages you use, error reporting as well as OS and runtime version. We will use this information to prioritize features and bug fixes.","Send anonymous usage and error information to Mangarr's servers. This includes information on your browser, which Mangarr WebUI pages you use, error reporting as well as OS and runtime version. We will use this information to prioritize features and bug fixes.",,"Envoyer des informations anonymes sur l'utilisation et les erreurs vers les serveurs de Readarr. Cela inclut des informations sur votre navigateur, quelle page de l'interface web Readarr vous utilisez, les rapports d'erreur ainsi que le SE et sa version. Nous utiliserons ces informations pour prioriser les nouvelles fonctionnalités et les corrections de bugs.",,"Envoyer des informations anonymes sur l'utilisation et les erreurs aux serveurs de {appName}. Cela inclut des informations sur votre navigateur, les pages de l'interface web de {appName} que vous utilisez, les rapports d'erreur ainsi que la version du système d'exploitation et de l'environnement d'exécution. Nous utiliserons ces informations pour prioriser les fonctionnalités et les corrections de bugs.",
AnyEditionOkHelpText,readarr glossary:edition stale,Readarr will automatically switch to the edition best matching downloaded files,Mangarr will automatically switch to the edition best matching downloaded files,,Readarr va automatiquement basculer sur la version qui correspond le mieux aux fichiers téléchargés,,{appName} basculera automatiquement sur l'édition qui correspond le mieux aux fichiers téléchargés,
AppLogo,missing,,{appName} Logo,,,,Logo de {appName},
AppToken,missing,,App Token,Gotify,,,Jeton d'application,
Apply,missing,,Apply,,,,Appliquer,
ApplyTagsHelpTextHowToApplyAuthors,glossary:series stale,How to apply tags to the selected authors,How to apply tags to the selected series,,Comment appliquer des étiquettes aux indexeurs sélectionnés,,Comment appliquer des étiquettes aux séries sélectionnées,
AppriseAuthPasswordHelpText,missing,,HTTP Basic Auth Password,Apprise,,,Mot de passe de l'authentification HTTP Basic,
AppriseAuthUsernameHelpText,missing,,HTTP Basic Auth Username,Apprise,,,Nom d'utilisateur de l'authentification HTTP Basic,
AppriseConfigurationKey,missing,,Apprise Configuration Key,Apprise,,,Clé de configuration Apprise,
AppriseConfigurationKeyHelpText,missing,,Configuration Key for the Persistent Storage Solution. Leave empty if Stateless URLs is used.,Apprise,,,Clé de configuration de la solution de stockage persistant. Laisser vide si des URL sans état sont utilisées.,
AppriseNotificationType,missing,,Apprise Notification Type,Apprise,,,Type de notification Apprise,
AppriseServerURL,missing,,Apprise Server URL,Apprise,,,URL du serveur Apprise,
AppriseServerUrlHelpText,missing,,"Apprise server URL, including http(s):// and port if needed",Apprise,,,"URL du serveur Apprise, avec http(s):// et le port si nécessaire",
AppriseStatelessURLs,missing,,Apprise Stateless URLs,Apprise,,,URL sans état Apprise,
AppriseStatelessUrlsHelpText,missing,,One or more URLs separated by commas identifying where the notification should be sent to. Leave empty if Persistent Storage is used.,Apprise,,,"Une ou plusieurs URL, séparées par des virgules, indiquant où envoyer la notification. Laisser vide si le stockage persistant est utilisé.",
AppriseTags,missing,,Apprise Tags,Apprise,,,Étiquettes Apprise,
AppriseTagsHelpText,missing,,Optionally notify only those tagged accordingly.,Apprise,,,Facultatif : ne notifier que les destinataires portant les étiquettes correspondantes.,
AreYouSure,missing,,Are you sure?,,,,Êtes-vous sûr ?,
Arguments,missing,,Arguments,CustomScript,,,Arguments,
AttachBooks,missing,,Attach Books,Email,,,Joindre les tomes,Email provider: attaches the imported volume files (help text EmailAttachFilesHelpText)
AudioAvailable,missing,,Audiobook Available,,,,Livre audio disponible,
AudioAvailableHelpText,missing,,Off while no audiobook of this series exists; turns on with the first audio import,,,,Désactivé tant qu'aucun livre audio de cette série n'existe ; s'active à la première importation audio,
AudioNotYetHelpText,missing,,No audiobook of this series yet; searched once a week until the first one arrives,,,,Pas encore de livre audio pour cette série ; recherché une fois par semaine jusqu'à l'arrivée du premier,
AudioQualityProfile,missing,,Audiobook Quality Profile,,,,Profil de qualité des livres audio,
AudioQualityProfileNamed,missing,,Audiobook Quality Profile: {name},,,,Profil de qualité des livres audio : {name},
AudioUnlistedHelpText,missing,,Audible does not list this audiobook yet; it becomes wanted the day it appears,,,,Audible ne répertorie pas encore ce livre audio ; il sera recherché dès le jour où il apparaîtra,
AudioUnreleasedHelpText,missing,,Audible lists this audiobook for {date}; it is searched once it is out,,,,Audible annonce ce livre audio pour {date} ; il sera recherché dès sa sortie,
Audiobook,missing,,Audiobook,,,,Livre audio,
AudiobookEdition,missing,,Audiobook Edition,,,,Édition en livre audio,
AudiobookshelfApiKey,missing,,Audiobookshelf API Key,,,,Clé API Audiobookshelf,
AudiobookshelfLibrary,missing,,Audiobookshelf Library,,,,Bibliothèque Audiobookshelf,
AudiobookshelfPathMappingHelpText,missing,,Only needed when Audiobookshelf and Mangarr see the library at different paths.,,,,Nécessaire uniquement si Audiobookshelf et {appName} voient la bibliothèque sous des chemins différents.,
AudiobookshelfUrl,missing,,Audiobookshelf URL,,,,URL d'Audiobookshelf,
AudiobookshelfUrlHelpText,missing,,e.g. http://audiobookshelf:13378,,,,ex. http://audiobookshelf:13378,
AuthURL,missing,,Auth URL,MangaDex,,,URL d'authentification,
AuthenticateWithGoodreads,missing,,Authenticate with Goodreads,GoodreadsSettingsBase,,,S'authentifier avec Goodreads,
Author,vocab glossary:series stale,Author,Series,,Auteur,Série,Série,
AuthorClickToChangeBook,vocab glossary:volume stale,Click to change book,Click to change volume,,Cliquer pour changer le livre,,Cliquez pour changer de tome,
AuthorEditor,vocab glossary:series stale,Author Editor,Series Editor,,Éditeur de l'auteur,,Édition des séries,
AuthorFolderFormat,vocab glossary:series stale,Author Folder Format,Series Folder Format,,Format du dossier de l'auteur,,Format du dossier de la série,
AuthorFolderFormatHelpText,missing,,Used when adding a new series or moving a series via the series editor,,,,Utilisé lors de l'ajout d'une nouvelle série ou du déplacement d'une série via l'éditeur de séries,
AuthorIndex,vocab glossary:series stale,Author Index,Series Index,,Index de l'auteur,,Index des séries,
AuthorNameHelpText,vocab glossary:series glossary:volume stale,The name of the author/book to exclude (can be anything meaningful),The name of the series/volume to exclude (can be anything meaningful),,Le nom de l'artiste/album à exclure (peut être n'importe quoi de représentatif),,Le nom de la série ou du tome à exclure (peut être n'importe quoi de représentatif),
Authors,vocab glossary:series stale,Authors,Series,,Auteurs,Série,Séries,the plural key (en says Series for both Author and Authors)
AutoUnmonitorPreviouslyDownloadedBooksHelpText,readarr vocab glossary:volume stale,Books deleted from disk are automatically unmonitored in Readarr,Volumes deleted from disk are automatically unmonitored in Mangarr,,Les livres effacés du disque dur ne seront plus surveillés dans Readarr,,Les tomes supprimés du disque cessent automatiquement d'être surveillés dans {appName},
AutomaticReleaseSwitching,missing,,Automatic Release Switching,,,,Changement automatique de version,
AutomaticSearch,missing,,Automatic Search,,,,Recherche automatique,
Avatar,missing,,Avatar,Discord,,,Avatar,
BCCAddressEs,missing,,BCC Address(es),Email,,,Adresse(s) en copie cachée (CCI),Email: list of BCC recipients
BackupFolderHelpText,readarr stale,Relative paths will be under Readarr's AppData directory,Relative paths will be under Mangarr's AppData directory,,Les chemins correspondants seront sous le répertoire AppData de Readarr,,Les chemins relatifs seront placés dans le répertoire AppData de {appName},
BackupIntervalHelpText,stale,Interval to backup the Readarr DB and settings,Interval to backup the Mangarr DB and settings,,Intervalle entre les sauvegardes automatiques,,Intervalle de sauvegarde de la base de données et des paramètres de {appName},
BackupTypeBeforeUpdate,missing,,Before update,,,,Avant la mise à jour,
BackupTypeManual,missing,,Manual,,,,Manuelle,"a backup (sauvegarde, f.) type"
BlocklistAndSearch,upstream,,Blocklist and Search,,Liste de blocage et recherche,,Liste noire et recherche,upstream fix
BlocklistAndSearchHint,upstream,,Start a search for a replacement after blocklisting,,Lancer la recherche d'un remplaçant après l'inscription sur la liste de blocage,,Lancer la recherche d'un remplaçant après l'ajout à la liste noire,upstream fix
BlocklistAndSearchMultipleHint,upstream,,Start searches for replacements after blocklisting,,Lancer la recherche de remplaçants après l'inscription sur la liste de blocage,,Lancer la recherche de remplaçants après l'ajout à la liste noire,upstream fix
BlocklistMultipleOnlyHint,upstream,,Blocklist without searching for replacements,,Liste de blocage sans recherche de remplaçants,,Mettre sur liste noire sans rechercher de remplaçants,upstream fix
BlocklistOnly,upstream,,Blocklist Only,,Liste de blocage uniquement,,Liste noire uniquement,upstream fix
BlocklistOnlyHint,upstream,,Blocklist without searching for a replacement,,Liste de blocage sans recherche de remplaçant,,Mettre sur liste noire sans rechercher de remplaçant,upstream fix
BlocklistRelease,upstream,,Blocklist Release,,Version sur liste noire,,Mettre la version sur liste noire,upstream fix
BlocklistReleaseHelpText,stale,Prevents Readarr from automatically grabbing these files again,Prevents Mangarr from automatically grabbing these files again,,Empêche {appName} de récupérer automatiquement cette version,,Empêche {appName} de récupérer à nouveau ces fichiers automatiquement,
BlocklistReleases,upstream,,Blocklist Releases,,Publications de la liste de blocage,,Mettre les versions sur liste noire,upstream fix
Book,vocab glossary:volume stale,Book,Volume,,Livre,,Tome,
BookAvailableButMissing,vocab glossary:volume stale,"Book Available, but Missing","Volume Available, but Missing",,"Livre disponible, mais manquant",,"Tome disponible, mais manquant",
BookEditor,vocab glossary:volume stale,Book Editor,Volume Editor,,Éditeur de livres,,Édition des tomes,
BookFileFormats,missing,,Formats: {formats},,,,Formats : {formats},
BookFilesCountMessage,vocab glossary:volume stale,No book files,No volume files,,Aucun fichiers de livre,,Aucun fichier de tome,
BookFilesTotaling,missing,,{count} book files totaling {size},,,,"{count} fichiers de tomes, pour un total de {size}",en says book files: translated by meaning (volume files)
BookIndex,vocab glossary:volume stale,Book Index,Volume Index,,Index du livre,,Index des tomes,
BookIsDownloading,vocab glossary:volume stale,Book is downloading,Volume is downloading,,Le livre est en cours de téléchargement,,Le tome est en cours de téléchargement,
BookIsDownloadingInterp,vocab glossary:volume stale,Book is downloading - {0}% {1},Volume is downloading - {0}% {1},,Le livre est en cours de téléchargement - {0}% {1},,Le tome est en cours de téléchargement - {0}% {1},
BookList,vocab glossary:volume stale,Book List,Volume List,,Liste des livres,,Liste des tomes,
BookMonitoring,vocab glossary:volume stale,Book Monitoring,Volume Monitoring,,Surveillance des livres,,Surveillance des tomes,
BookNaming,vocab glossary:volume stale,Book Naming,Volume Naming,,Nommage des livres,,Nommage des tomes,
BookSearchInterval,missing,,Volume Search Interval,,,,Intervalle de recherche des tomes,
BookSearchIntervalHelpText,missing,,Minutes between searches for missing volumes (min 30); 0 turns off missing and cutoff searches,,,,Minutes entre deux recherches de tomes manquants (min. 30) ; 0 désactive les recherches de tomes manquants et de seuil non atteint,
BookStudio,vocab glossary:volume stale,Book Studio,Volume Studio,,Studio du livre,,Studio des tomes,
BookTitle,vocab glossary:volume stale,Book Title,Volume Title,,Titre du livre,,Titre du tome,
Books,vocab glossary:volume stale,Books,Volumes,,Livres,,Tomes,
BookshelfAuthenticateWithGoodreads,missing,,Authenticate with Goodreads to retrieve bookshelves.,,,,Authentifiez-vous avec Goodreads pour récupérer les étagères.,
BookshelfCouldNotRetrieveFromGoodreads,missing,,Could not retrieve data from Goodreads.  Try re-authenticating.,,,,Impossible de récupérer les données de Goodreads. Essayez de vous authentifier à nouveau.,
BookshelfNoneFoundForGoodreadsUser,missing,,No bookshelves found for Goodreads user {user}.,,,,Aucune étagère trouvée pour l'utilisateur Goodreads {user}.,
Bookshelves,missing,,Bookshelves,GoodreadsBookshelfImportList,,,Étagères,
BotToken,missing,,Bot Token,Telegram,,,Jeton du bot,
BranchUpdate,readarr,Branch to use to update {appName},Branch to use to update {appName},,Branche à utiliser pour mettre à jour Readarr,,Branche à utiliser pour mettre à jour {appName},
ByWriter,missing,,by {writer},,,,par {writer},
CCAddressEs,missing,,CC Address(es),Email,,,Adresse(s) en copie (CC),Email: list of CC recipients
CalendarFeed,missing,,{appName} Calendar Feed,,,,Flux de calendrier de {appName},
CalendarLegendDownloaded,missing,,Volume was downloaded and sorted,,,,Le tome a été téléchargé et trié,
CalendarLegendDownloading,missing,,Volume is currently downloading,,,,Le tome est en cours de téléchargement,
CalendarLegendMissing,missing,,Volume file has not been found,,,,Le fichier du tome est introuvable,
CalendarLegendPartial,missing,,Volume was partially downloaded,,,,Le tome a été partiellement téléchargé,
CalendarLegendUnmonitored,missing,,Volume is unmonitored,,,,Le tome n'est pas surveillé,
CalendarLegendUnreleased,missing,,Volume hasn't released yet,,,,Le tome n'est pas encore sorti,
CalendarOptions,missing,,Calendar Options,,,,Options du calendrier,
CalibreContentServerText,readarr vocab glossary:volume stale,Using a Calibre Content Server (not Calibre Web) allows Readarr to add books to your Calibre library and trigger conversions between formats,Using a Calibre Content Server (not Calibre Web) allows Mangarr to add volumes to your Calibre library and trigger conversions between formats,,L'utilisation d'un serveur de contenu Calibre (et non Calibre Web) permet à Readarr d'ajouter des livres à votre bibliothèque Calibre et de déclencher des conversions entre les formats,,Utiliser un serveur de contenu Calibre (et non Calibre Web) permet à {appName} d'ajouter des tomes à votre bibliothèque Calibre et de déclencher des conversions entre formats,
CalibreContentServerUrl,missing,,Calibre Content Server URL,,,,URL du serveur de contenu Calibre,
CalibreContentServerUrlHelpText,missing,,"The Calibre content server, e.g. http://calibre:8081 — not the desktop GUI or Calibre-Web",,,,"Le serveur de contenu Calibre, ex. http://calibre:8081 — pas l'application de bureau ni Calibre-Web",
CalibreNotCalibreWeb,readarr stale,"Readarr can interface with Calibre's Content Server.  It cannot use Calibre-Web, which is unrelated software.","Mangarr can interface with Calibre's Content Server.  It cannot use Calibre-Web, which is unrelated software.",,"Readarr peut s'interfacer avec le serveur de contenu de Calibre. Il ne peut pas utiliser Calibre Web, qui est un logiciel indépendant.",,"{appName} peut communiquer avec le serveur de contenu de Calibre. Il ne peut pas utiliser Calibre-Web, qui est un logiciel distinct.",
CalibreOutputFormat,stale,Calibre output format,Calibre Output Format,,Format de sortie de Calibre,,Format de sortie de Calibre,
CalibreOutputFormatInfo,missing,,"Specify the output format.  Options are: MOBI, EPUB, AZW3, DOCX, FB2, HTMLZ, LIT, LRF, PDB, PDF, PMLZ, RB, RTF, SNB, TCR, TXT, TXTZ, ZIP",,,,"Indiquez le format de sortie. Options : MOBI, EPUB, AZW3, DOCX, FB2, HTMLZ, LIT, LRF, PDB, PDF, PMLZ, RB, RTF, SNB, TCR, TXT, TXTZ, ZIP",
CalibreOutputProfile,stale,Calibre output profile,Calibre Output Profile,,Profil de sortie de Calibre,,Profil de sortie de Calibre,
CalibreOutputProfileInfo,missing,,"Specify the output profile. The output profile tells the Calibre conversion system how to optimize the created document for the specified device (such as by resizing images for the device screen size). In some cases, an output profile can be used to optimize the output for a particular device, but this is rarely necessary.",,,,"Indiquez le profil de sortie. Le profil de sortie indique au système de conversion de Calibre comment optimiser le document créé pour l'appareil choisi (par exemple en redimensionnant les images à la taille de l'écran). Un profil de sortie permet parfois d'optimiser le résultat pour un appareil particulier, mais c'est rarement nécessaire.",
CalibrePathMappingHelpText,missing,,Only needed when Calibre and Mangarr see the library at different paths.,,,,Nécessaire uniquement si Calibre et {appName} voient la bibliothèque sous des chemins différents.,
CalibreRootFolderCheckDockerBadPath,missing,,You are using docker; Calibre for root folder {rootFolderName} reports files in {libraryFolder} but this is not a valid {osName} path.  Review your remote path mappings and download client settings.,,,,"Vous utilisez docker ; Calibre, pour le dossier racine {rootFolderName}, signale des fichiers dans {libraryFolder} mais ce n'est pas un chemin {osName} valide. Vérifiez vos correspondances de chemins distants et les paramètres de votre client de téléchargement.",
CalibreRootFolderCheckDockerFileMissing,missing,,You are using docker; Calibre server for root folder {rootFolderName} listed file {file} but this file does not appear to exist inside the container.  Review permissions for {libraryFolder} and PUID/PGID container settings,,,,"Vous utilisez docker ; le serveur Calibre du dossier racine {rootFolderName} a répertorié le fichier {file}, mais ce fichier ne semble pas exister dans le conteneur. Vérifiez les permissions de {libraryFolder} et les paramètres PUID/PGID du conteneur",
CalibreRootFolderCheckDockerFolderMissing,missing,,You are using docker; Calibre server for root folder {rootFolderName} places downloads in {libraryFolder} but this directory does not appear to exist inside the container.  Review your remote path mappings and container volume settings.,,,,"Vous utilisez docker ; le serveur Calibre du dossier racine {rootFolderName} place les téléchargements dans {libraryFolder}, mais ce dossier ne semble pas exister dans le conteneur. Vérifiez vos correspondances de chemins distants et les paramètres de volume du conteneur.",exception: volume = a container volume
CalibreRootFolderCheckFilePermissions,missing,,Calibre server for root folder {rootFolderName} listed file {file} but {appName} cannot see this file.  Review permissions for {libraryFolder},,,,"Le serveur Calibre du dossier racine {rootFolderName} a répertorié le fichier {file}, mais {appName} ne voit pas ce fichier. Vérifiez les permissions de {libraryFolder}",
CalibreRootFolderCheckFolderPermissions,missing,,Calibre server for root folder {rootFolderName} places downloads in {libraryFolder} but {appName} cannot see this directory.  You may need to adjust the folder's permissions or add a remote path mapping if Calibre is running in docker,,,,"Le serveur Calibre du dossier racine {rootFolderName} place les téléchargements dans {libraryFolder}, mais {appName} ne voit pas ce dossier. Vous devrez peut-être ajuster les permissions du dossier ou ajouter une correspondance de chemin distant si Calibre tourne dans docker",
CalibreRootFolderCheckLocalBadPath,missing,,Local Calibre server for root folder {rootFolderName} reports files in {libraryFolder} but this is not a valid {osName} path.  Review your download client settings.,,,,"Le serveur Calibre local du dossier racine {rootFolderName} signale des fichiers dans {libraryFolder}, mais ce n'est pas un chemin {osName} valide. Vérifiez les paramètres de votre client de téléchargement.",
CalibreRootFolderCheckPathMismatch,missing,,Calibre for root folder {rootFolderName} reports files in {libraryFolder} but this is not the same as the root folder path {rootFolderPath} you chose.  You may need to edit any remote path mapping or delete the root folder and re-create with the correct path,,,,"Calibre, pour le dossier racine {rootFolderName}, signale des fichiers dans {libraryFolder}, mais ce n'est pas le chemin du dossier racine {rootFolderPath} que vous avez choisi. Vous devrez peut-être modifier la correspondance de chemin distant, ou supprimer le dossier racine et le recréer avec le bon chemin",
CalibreRootFolderCheckRemoteBadPath,missing,,Remote Calibre for root folder {rootFolderName} reports files in {libraryFolder} but this is not a valid {osName} path.  Review your remote path mappings and root folder settings.,,,,"Calibre distant, pour le dossier racine {rootFolderName}, signale des fichiers dans {libraryFolder}, mais ce n'est pas un chemin {osName} valide. Vérifiez vos correspondances de chemins distants et les paramètres du dossier racine.",
CalibreRootFolderCheckRemoteFileMissing,missing,,Remote Calibre server for root folder {rootFolderName} listed file {file} but this file does not appear to exist.  Review permissions for {libraryFolder},,,,"Le serveur Calibre distant du dossier racine {rootFolderName} a répertorié le fichier {file}, mais ce fichier ne semble pas exister. Vérifiez les permissions de {libraryFolder}",
CalibreRootFolderCheckRemoteFolderMissing,missing,,Remote Calibre server for root folder {rootFolderName} places downloads in {libraryFolder} but this directory does not appear to exist.  Likely missing or incorrect remote path mapping.,,,,"Le serveur Calibre distant du dossier racine {rootFolderName} place les téléchargements dans {libraryFolder}, mais ce dossier ne semble pas exister. Correspondance de chemin distant probablement absente ou incorrecte.",
CalibreServerDefaultLibrary,missing,,Server Default,,,,Valeur par défaut du serveur,
CalibreServerDefaultLibraryNamed,missing,,Server Default ({name}),,,,Valeur par défaut du serveur ({name}),
CalibreUrlBase,stale,Calibre Url Base,Calibre URL Base,,Url de base de Calibre,,URL de base de Calibre,
Categories,missing,,Categories,FileList Newznab,,,Catégories,
Category,missing,,Category,Deluge DownloadStation Hadouken Nzbget QBittorrent RTorrent Sabnzbd Transmission UTorrent,,,Catégorie,
ChangeEdition,missing,,Change Edition,,,,Changer d'édition,
Channel,missing,,Channel,Slack,,,Canal,
ChannelTags,missing,,Channel Tags,PushBullet,,,Étiquettes de canal,
ChatID,missing,,Chat ID,Telegram,,,ID de discussion,
CheckDownloadClientForDetails,missing,,check download client for more details,,,,consultez le client de téléchargement pour plus de détails,
ChmodFolderHelpTextWarning,readarr stale,This only works if the user running Readarr is the owner of the file. It's better to ensure the download client sets the permissions properly.,This only works if the user running Mangarr is the owner of the file. It's better to ensure the download client sets the permissions properly.,,Fonctionne uniquement si l'utilisateur exécutant Readarr est le propriétaire du fichier. Il est recommandé de vérifier les permissions du client de téléchargement.,,Cela ne fonctionne que si l'utilisateur qui exécute {appName} est le propriétaire du fichier. Il vaut mieux s'assurer que le client de téléchargement définit correctement les permissions.,
ChooseAudiobookshelfLibrary,missing,,Choose a Library,,,,Choisir une bibliothèque,
ChownGroupHelpTextWarning,readarr stale,This only works if the user running Readarr is the owner of the file. It's better to ensure the download client uses the same group as Readarr.,This only works if the user running Mangarr is the owner of the file. It's better to ensure the download client uses the same group as Mangarr.,,Fonctionne uniquement si l'utilisateur exécutant Readarr est le propriétaire du fichier. Il est recommandé de vérifier que le client de téléchargement utilise le même Groupe que Readarr.,,Cela ne fonctionne que si l'utilisateur qui exécute {appName} est le propriétaire du fichier. Il vaut mieux s'assurer que le client de téléchargement utilise le même groupe que {appName}.,
ClickURL,missing,,Click URL,Ntfy,,,URL au clic,
ClientID,missing,,Client ID,MangaDex,,,ID client,
ClientSecret,missing,,Client Secret,MangaDex,,,Secret client,
CloseCurrentModal,missing,,Close Current Modal,,,,Fermer la fenêtre actuelle,
CollapseMultipleBooks,vocab glossary:volume stale,Collapse Multiple Books,Collapse Multiple Volumes,,Regrouper plusieurs livres,,Regrouper plusieurs tomes,
CollapseMultipleBooksHelpText,vocab glossary:volume stale,Collapse multiple books releasing on the same day,Collapse multiple volumes releasing on the same day,,Regrouper les livres qui sortent le même jour,,Regrouper les tomes qui sortent le même jour,
Collections,missing,,Collections,,,,Collections,
CombineWithExistingFiles,missing,,Combine With Existing Files,,,,Combiner avec les fichiers existants,
CombineWithExistingFilesStatus,missing,,Combine with existing files,,,,Combiner avec les fichiers existants,
ComingSoon,missing,,Coming Soon,,,,Bientôt disponible,
Condition,missing,,Condition,GoodreadsOwnedBooksNotification,,,État,
ConditionDescription,missing,,Condition Description,GoodreadsOwnedBooksNotification,,,Description de l'état,Goodreads owned-books notification: the physical condition of the owned copy
ConditionUsingRegularExpressions,missing,,This condition matches using Regular Expressions. Note that the characters <code>\^$.|?*+()[{</code> have special meanings and need escaping with a <code>\</code>,,,,Cette condition utilise des expressions régulières. Notez que les caractères <code>\^$.|?*+()[{</code> ont une signification particulière et doivent être échappés avec un <code>\</code>,
ConfirmImportExistingFilesWarning,missing,,"You already have files imported for the volumes listed below.  If you continue, the existing files {willBeDeleted} and the new files imported in their place. To avoid deleting existing files, press 'Cancel' and use the 'Combine with existing files' option.",,,,"Vous avez déjà des fichiers importés pour les tomes ci-dessous. Si vous continuez, les fichiers existants {willBeDeleted} et les nouveaux fichiers importés à leur place. Pour ne pas supprimer les fichiers existants, appuyez sur « Annuler » et utilisez l'option « Combiner avec les fichiers existants ».",
ConfirmImportWillBeDeleted,missing,,will be deleted,,,,seront supprimés,fills {willBeDeleted} in ConfirmImportExistingFilesWarning: les fichiers existants seront supprimés
ConnectToTwitter,missing,,Connect to Twitter,Twitter,,,Se connecter à Twitter,
ConsumerKey,missing,,Consumer Key,Twitter,,,Clé consommateur,
ConsumerSecret,missing,,Consumer Secret,Twitter,,,Secret consommateur,
Continuing,upstream,,Continuing,,Continuer,,En cours,upstream fix
ContinuingAllBooksDownloaded,vocab glossary:volume stale,Continuing (All books downloaded),Continuing (All volumes downloaded),,Continuation (Tous les livres téléchargés),,En cours (tous les tomes téléchargés),
ContinuingMoreBooksAreExpected,vocab glossary:volume stale,More books are expected,More volumes are expected,,D'autres livres sont attendus,,D'autres tomes sont attendus,
ContinuingNoAdditionalBooksAreExpected,vocab glossary:volume stale,No additional books are expected,No additional volumes are expected,,Aucun livre supplémentaire n'est prévu,,Aucun autre tome n'est attendu,
ContinuingOnly,missing,,Continuing Only,,,,En cours uniquement,
Convert,missing,,Convert,,,,Convertir,
ConvertLightNovelFormatConfirm,missing,,"Convert up to {count} ebook(s) in this series to {format}? Calibre converts one book at a time, so this may take a while.",,,,"Convertir jusqu'à {count} livre(s) numérique(s) de cette série en {format} ? Calibre convertit un livre à la fois, cela peut donc prendre un moment.",exception: calibre's own unit is the book
ConvertLightNovelToFormat,missing,,Convert to {format},,,,Convertir en {format},
ConvertLightNovelToFormatTooltip,missing,,Queue a Calibre conversion to {format} for every ebook in this series that doesn't already have it,,,,Mettre en file une conversion Calibre en {format} pour chaque livre numérique de cette série qui ne l'a pas déjà,
ConvertPdfToCbz,missing,,Convert PDF,,,,Convertir le PDF,
ConvertPdfToCbzTooltip,missing,,"Convert this volume's PDF to CBZ (lossless). The original PDF is moved to a holding folder, never deleted.",,,,"Convertir le PDF de ce tome en CBZ (sans perte). Le PDF d'origine est déplacé dans un dossier d'attente, jamais supprimé.",
Cookie,missing,,Cookie,TorrentRssIndexer,,,Cookie,
CopyInPendingMessage,missing,,Import pending: the ebooks and audiobooks you already own are being imported; automatic searches wait until it finishes.,,,,Importation en attente : les livres numériques et livres audio que vous possédez déjà sont en cours d'importation ; les recherches automatiques attendent la fin.,
CopyInPendingSearchHeld,missing,,Searches wait until the files you already own are imported,,,,Les recherches attendent que les fichiers que vous possédez déjà soient importés,
CopyUsingHardlinksHelpText,readarr stale,Hardlinks allow Readarr to import seeding torrents to the the series folder without taking extra disk space or copying the entire contents of the file. Hardlinks will only work if the source and destination are on the same volume,Hardlinks allow Mangarr to import seeding torrents to the series folder without taking extra disk space or copying the entire contents of the file. Hardlinks will only work if the source and destination are on the same volume,,Les liens physiques permettent à Readarr d'importer des torrents en cours de partage sans utiliser d'espace disque supplémentaire et sans avoir à copier le contenu du fichier. Les liens physiques ne fonctionnent que si la source et la destination sont sur le même volume,,Les liens physiques permettent à {appName} d'importer des torrents en cours de partage dans le dossier de la série sans utiliser d'espace disque supplémentaire ni copier tout le contenu du fichier. Les liens physiques ne fonctionnent que si la source et la destination sont sur le même volume,exception: volume = a disk volume
CopyUsingHardlinksHelpTextWarning,readarr stale,"Occasionally, file locks may prevent renaming files that are being seeded. You may temporarily disable seeding and use Readarr's rename function as a work around.","Occasionally, file locks may prevent renaming files that are being seeded. You may temporarily disable seeding and use Mangarr's rename function as a work around.",,"De temps en temps, des verrouillages de fichiers peuvent empêcher de renommer des fichiers qui sont en cours de partage. Vous pouvez temporairement arrêter le partage et utiliser la fonction de renommage de Readarr comme solution de contournement.",,Il arrive que des verrous de fichiers empêchent de renommer des fichiers en cours de partage. Vous pouvez désactiver temporairement le partage et utiliser la fonction de renommage de {appName} pour contourner le problème.,
CouldNotConnectSignalR,missing,,"Could not connect to SignalR, UI won't update",,,,"Impossible de se connecter à SignalR, l'interface ne sera pas mise à jour",
CountAuthorsSelected,vocab glossary:series stale,{selectedCount} author(s) selected,{selectedCount} series selected,,{selectedCount} artiste(s) sélectionné(s),,{selectedCount} série(s) sélectionnée(s),
CountInLibrary,missing,,{count} of {total} in Library,,,,{count} sur {total} dans la bibliothèque,
CountPages,missing,,{count} pages,,,,{count} pages,
CountVolumes,missing,,{count} volumes,,,,{count} tomes,
CountVolumesInParentheses,missing,,({count} Volumes),,,,({count} tomes),
CountVolumesOne,missing,,1 volume,,,,1 tome,
CoverUrl,missing,,Cover URL,,,,URL de la couverture,
CoveredByVolume,missing,,Covered by Vol. {volume},,,,Inclus dans le tome {volume},
CoveredByVolumeInput,missing,,Covered by volume,,,,Inclus dans le tome,
CoveredByVolumeInputHelpText,missing,,The volume whose audiobook file contains this one; blank = not covered,,,,Le tome dont le fichier de livre audio contient celui-ci ; vide = non inclus,
CreateEmptyAuthorFolders,vocab glossary:series stale,Create empty author folders,Create empty series folders,,Créer des dossiers auteurs vides,,Créer des dossiers de série vides,
CreateEmptyAuthorFoldersHelpText,vocab glossary:series stale,Create missing author folders during disk scan,Create missing series folders during disk scan,,Créer les dossiers auteurs manquants pendant le scan du disque,,Créer les dossiers de série manquants pendant l'analyse du disque,
Custom,missing,,Custom,,,,Personnalisé,
CustomFilters,missing,,Custom Filters,,,,Filtres personnalisés,
CustomFormatHelpText,missing,,"{appName} scores each release using the sum of scores for matching custom formats. If a new release would improve the score, at the same or better quality, then {appName} will grab it.",,,,"{appName} attribue à chaque version la somme des scores des formats personnalisés correspondants. Si une nouvelle version améliore le score, à qualité égale ou supérieure, {appName} la récupérera.",
CustomFormatJson,missing,,Custom Format JSON,,,,JSON du format personnalisé,
CustomFormatScoreIconTitle,missing,,Custom format score,,,,Score de format personnalisé,
CustomFormatsConditionsInfo,missing,,{appName} supports custom conditions against the release properties below.,,,,{appName} prend en charge des conditions personnalisées sur les propriétés de version ci-dessous.,
CustomFormatsSettingsSummary,missing,,Custom Formats and Settings,,,,Formats personnalisés et paramètres,
CustomScriptArgumentsHelpText,missing,,Arguments to pass to the script,CustomScript,,,Arguments à transmettre au script,
CutoffFormatScoreHelpText,readarr vocab glossary:volume stale,Once this custom format score is reached Readarr will no longer grab book releases,Once this custom format score is reached Mangarr will no longer grab volume releases,,"Quand ce score de format personnalisé est atteint, Readarr ne téléchargera plus de versions du livre",,"Une fois ce score de format personnalisé atteint, {appName} ne récupérera plus de versions de tomes",
CutoffHelpText,readarr vocab glossary:volume stale,Once this quality is reached Readarr will no longer download books,Once this quality is reached Mangarr will no longer download volumes,,"Quand cette qualité est atteinte, Readarr ne téléchargera plus de livres",,"Une fois cette qualité atteinte, {appName} ne téléchargera plus de tomes",
CutoffNotMet,missing,,Cutoff Not Met,,,,Seuil non atteint,
DataAllBooks,vocab glossary:volume stale,Monitor all books,Monitor all volumes,,Surveiller tous les livres,,Surveiller tous les tomes,
DataExistingBooks,vocab glossary:volume stale,Monitor books that have files or have not released yet,Monitor volumes that have files or have not released yet,,Surveiller les livres qui ne sont pas encore sortis ou partiellement,,Surveiller les tomes qui ont des fichiers ou qui ne sont pas encore sortis,
DataFirstBook,vocab glossary:volume stale,Monitor the first book. All other books will be ignored,Monitor the first volume. All other volumes will be ignored,,Surveiller le premier livre. Tous les autres livres seront ignorés,,Surveiller le premier tome. Tous les autres tomes seront ignorés,
DataFutureBooks,vocab glossary:volume stale,Monitor books that have not released yet,Monitor volumes that have not released yet,,Surveiller les livres qui ne sont pas encore sortis,,Surveiller les tomes qui ne sont pas encore sortis,
DataLatestBook,vocab glossary:volume stale,Monitor the latest book and future books,Monitor the latest volume and future volumes,,Surveiller le dernier livre et les livres à venir,,Surveiller le dernier tome et les tomes à venir,
DataListMonitorAll,vocab glossary:series glossary:volume stale,Monitor authors and all books for each author included on the import list,Monitor series and all volumes for each series included on the import list,,Surveiller les auteurs et tous les livres pour chaque auteur inclus dans la liste d'importation,,Surveiller les séries et tous les tomes de chaque série de la liste d'importation,
DataListMonitorNone,vocab glossary:series glossary:volume stale,Do not monitor authors or books,Do not monitor series or volumes,,Ne pas surveiller les auteurs ou les livres,,Ne surveiller ni les séries ni les tomes,
DataListMonitorSpecificBook,vocab glossary:series glossary:volume stale,"Monitor authors, but only monitor books explicitly included in the list","Monitor series, but only monitor volumes explicitly included in the list",,"Surveiller les auteurs, mais seulement surveiller les livres explicitement inclus dans la liste",,"Surveiller les séries, mais ne surveiller que les tomes explicitement inclus dans la liste",
DataMissingBooks,vocab glossary:volume stale,Monitor books that do not have files or have not released yet,Monitor volumes that do not have files or have not released yet,,Surveiller les livres qui n'ont pas de fichiers ou qui ne sont pas encore sortis,,Surveiller les tomes qui n'ont pas de fichiers ou qui ne sont pas encore sortis,
DataNewAllBooks,vocab glossary:volume stale,Monitor all new books,Monitor all new volumes,,Surveiller tous les nouveaux livres,,Surveiller tous les nouveaux tomes,
DataNewBooks,vocab glossary:volume stale,Monitor new books released after the newest existing book,Monitor new volumes released after the newest existing volume,,Surveiller les nouveaux livres publiés après le dernier livre existant,,Surveiller les nouveaux tomes sortis après le tome existant le plus récent,
DataNewNone,vocab glossary:volume stale,Don't monitor any new books,Don't monitor any new volumes,,Ne surveiller aucun nouveaux livres,,Ne surveiller aucun nouveau tome,
DataNone,vocab glossary:volume stale,No books will be monitored,No volumes will be monitored,,Aucun livre ne sera surveillé,,Aucun tome ne sera surveillé,
Date,missing,,Date,,,,Date,
DateAdded,missing,,Date Added,,,,Date d'ajout,
Day,missing,,Day,,,,Jour,
DefaultCase,missing,,Default Case,,,,Casse par défaut,
DefaultDelayProfileSeries,missing,,This is the default profile. It applies to all series that don't have an explicit profile.,,,,Ceci est le profil par défaut. Il s'applique à toutes les séries qui n'ont pas de profil explicite.,
DefaultMetadataProfileIdHelpText,vocab glossary:series stale,Default Metadata Profile for authors detected in this folder,Default Metadata Profile for series detected in this folder,,Profil de métadonnées par défaut pour les auteurs détectés dans ce dossier,,Profil de métadonnées par défaut pour les séries détectées dans ce dossier,
DefaultMonitorOptionHelpText,vocab glossary:series glossary:volume stale,Which books should be monitored on initial add for authors detected in this folder,Which volumes should be monitored on initial add for series detected in this folder,,Quels livres doivent être surveillés lors de l'ajout initial pour les auteurs détectés dans ce dossier,,Quels tomes surveiller lors de l'ajout initial des séries détectées dans ce dossier,
DefaultNameCopied,missing,,{name} - Copy,,,,{name} - Copie,
DefaultQualityProfileIdHelpText,vocab glossary:series stale,Default Quality Profile for authors detected in this folder,Default Quality Profile for series detected in this folder,,Profil de qualité par défaut pour les auteurs détectés dans ce dossier,,Profil de qualité par défaut pour les séries détectées dans ce dossier,
DefaultReadarrTags,readarr stale,Default Readarr Tags,Default Mangarr Tags,,Étiquettes Readarr par défaut,,Étiquettes {appName} par défaut,
DefaultTagsHelpText,vocab glossary:series stale,Default Readarr Tags for authors detected in this folder,Default Mangarr Tags for series detected in this folder,,Profil de métadonnées par défaut pour les auteurs détectés dans ce dossier,,Étiquettes {appName} par défaut pour les séries détectées dans ce dossier,
DelayMinutes,missing,,{delay} Minutes,,,,{delay} minutes,
DelayProfileProtocol,missing,,Protocol: {preferredProtocol},,,,Protocole : {preferredProtocol},
DeleteBookFile,vocab glossary:volume stale,Delete Book File,Delete Volume File,,Effacer le fichier du livre,,Supprimer le fichier du tome,
DeleteEmptyFoldersHelpText,vocab glossary:series glossary:volume stale,Delete empty author folders during disk scan and when book files are deleted,Delete empty series folders during disk scan and when volume files are deleted,,Supprimer les dossiers auteurs vides pendant le scan du disque dur et quand les fichiers de livres sont supprimés,,Supprimer les dossiers de série vides pendant l'analyse du disque et quand des fichiers de tomes sont supprimés,
DeleteFile,missing,,Delete File,,,,Supprimer le fichier,
DeleteFiles,missing,,Delete Files,,,,Supprimer les fichiers,
DeleteFilesHelpText,vocab glossary:series glossary:volume stale,Delete the book files and author folder,Delete the volume files and series folder,,Supprimez les fichiers de piste et le dossier de l'artiste,,Supprimer les fichiers des tomes et le dossier de la série,
DeleteSelectedBookFiles,vocab glossary:volume stale,Delete Selected Book Files,Delete Selected Volume Files,,Supprimer les fichiers de livres sélectionnés,,Supprimer les fichiers de tomes sélectionnés,
DeleteSelectedBookFilesMessageText,vocab glossary:volume stale,Are you sure you want to delete the selected book files?,Are you sure you want to delete the selected volume files?,,Voulez-vous vraiment supprimer les fichiers vidéo sélectionnés ?,,Voulez-vous vraiment supprimer les fichiers de tomes sélectionnés ?,
DeleteSelectedSeries,missing,,Delete Selected Series,,,,Supprimer les séries sélectionnées,
DeleteSelectedSeriesMessageText,missing,,Are you sure you want to delete {count} selected series?,,,,Voulez-vous vraiment supprimer {count} série(s) sélectionnée(s) ?,
DeleteSelectedSeriesWithFilesMessageText,missing,,Are you sure you want to delete {count} selected series and all their contents?,,,,Voulez-vous vraiment supprimer {count} série(s) sélectionnée(s) et tout leur contenu ?,
DeleteSelectedVolumes,missing,,Delete Selected Volumes,,,,Supprimer les tomes sélectionnés,
DeleteSelectedVolumesMessageText,missing,,Are you sure you want to delete {count} selected volume(s)?,,,,Voulez-vous vraiment supprimer {count} tome(s) sélectionné(s) ?,
DeleteSelectedVolumesWithFilesMessageText,missing,,Are you sure you want to delete {count} selected volume(s) and their files?,,,,Voulez-vous vraiment supprimer {count} tome(s) sélectionné(s) et leurs fichiers ?,
DeleteSeriesFolder,missing,,Delete Series Folder,,,,Supprimer le dossier de la série,
DeleteSeriesFolderHelpText,missing,,Delete the series folder and its contents,,,,Supprimer le dossier de la série et son contenu,
DeleteSeriesFolders,missing,,Delete Series Folders,,,,Supprimer les dossiers des séries,
DeleteSeriesFoldersHelpText,missing,,Delete the series folders and their contents,,,,Supprimer les dossiers des séries et leur contenu,
DeleteSeriesModalHeader,missing,,Delete - {authorName},,,,Supprimer - {authorName},
DeleteVolumeFilesCount,missing,,Delete {count} Volume Files,,,,Supprimer {count} fichiers de tomes,
DeleteVolumeFilesHelpText,missing,,Delete the volume files,,,,Supprimer les fichiers des tomes,
DeleteVolumeModalHeader,missing,,Delete - {title},,,,Supprimer - {title},
DelugeMusicCategoryHelpText,missing,,"Adding a category specific to Mangarr avoids conflicts with unrelated non-Mangarr downloads. Using a category is optional, but strongly recommended.",Deluge NzbVortex Nzbget QBittorrent RTorrent Sabnzbd UTorrent,,,"Une catégorie propre à {appName} évite les conflits avec les téléchargements qui ne concernent pas {appName}. L'utilisation d'une catégorie est facultative, mais fortement recommandée.","shared by 7 download clients; key named after Deluge/Lidarr, translated by the English"
DelugeMusicImportedCategoryHelpText,missing,,Category for Mangarr to set after it has imported the download. Mangarr will not remove torrents in that category even if seeding finished. Leave blank to keep same category.,Deluge RTorrent,,,"Catégorie que {appName} définit après avoir importé le téléchargement. {appName} ne supprimera pas les torrents de cette catégorie, même une fois le partage terminé. Laisser vide pour conserver la même catégorie.",
DelugeOlderTvPriorityHelpText,missing,,Priority to use when grabbing books that were released over 14 days ago,Deluge,,,Priorité à utiliser lors de la récupération de tomes sortis il y a plus de 14 jours,en says books: translated as volumes
DelugeRecentTvPriorityHelpText,missing,,Priority to use when grabbing books that were released within the last 14 days,Deluge,,,Priorité à utiliser lors de la récupération de tomes sortis au cours des 14 derniers jours,en says books: translated as volumes
DelugeUrlBase,missing,,Url Base,Deluge Flood Hadouken NzbVortex Nzbget QBittorrent Sabnzbd Subsonic Transmission UTorrent,,,URL de base,
DelugeUrlBaseHelpText,missing,,"Adds a prefix to the deluge json url, see http://[host]:[port]/[urlBase]/json",Deluge,,,"Ajoute un préfixe à l'URL json de Deluge, voir http://[host]:[port]/[urlBase]/json",
DelugeUseSslHelpText,missing,,Use secure connection when connecting to Deluge,Deluge,,,Utiliser une connexion sécurisée pour se connecter à Deluge,
Destination,missing,,Destination,Flood,,,Destination,
Details,missing,,Details,,,,Détails,
DeviceIDs,missing,,Device IDs,Join PushBullet,,,ID des appareils,
DeviceNames,missing,,Device Names,Join,,,Noms des appareils,
Devices,missing,,Devices,Pushover,,,Appareils,
DirectMessage,missing,,Direct Message,Twitter,,,Message privé,
Directory,missing,,Directory,DownloadStation RTorrent Transmission,,,Répertoire,
DiscographySeedTime,missing,,Discography Seed Time,SeedCriteria,,,Temps d'envoi des intégrales,SeedCriteria: Lidarr's discography = a whole-series pack; seed-time wording follows fr IndexerSettingsSeedTime
DiscordAuthorHelpText,missing,,"Override the Host that shows for this notification, Blank is machine name",Discord,,,Remplacer l'hôte affiché pour cette notification ; vide = nom de la machine,
DiscordAvatarHelpText,missing,,Change the avatar that is used for messages from this integration,Discord,,,Changer l'avatar utilisé pour les messages de cette intégration,
DiscordUsernameHelpText,missing,,"The username to post as, defaults to Discord webhook default",Discord,,,"Nom d'utilisateur de publication ; par défaut, celui du webhook Discord",
DiscordWebHookUrlHelpText,missing,,Discord channel webhook url,Discord,,,URL du webhook du canal Discord,
DoNotPrefer,missing,,Do not Prefer,,,,Ne pas préférer,
DoNotUpgradeAutomatically,missing,,Do not Upgrade Automatically,,,,Ne pas mettre à niveau automatiquement,
DoneEditingGroups,missing,,Done Editing Groups,,,,Terminer la modification des groupes,
Download,missing,,Download,,,,Télécharger,
DownloadClientTagHelpText,vocab glossary:series stale,Only use this download client for authors with at least one matching tag. Leave blank to use with all authors.,Only use this download client for series with at least one matching tag. Leave blank to use with all series.,,Utiliser seulement cet indexeur pour les films avec au moins un tag correspondant. Laissez vide pour l'utiliser avec tous les films.,,N'utiliser ce client de téléchargement que pour les séries ayant au moins une étiquette correspondante. Laisser vide pour l'utiliser avec toutes les séries.,
DownloadClientsLoadError,missing,,Unable to load download clients.,,,,Impossible de charger les clients de téléchargement.,
DownloadCompleted,missing,,Download Completed,,,,Téléchargement terminé,
DownloadFailed,missing,,Download Failed,,,,Échec du téléchargement,
DownloadIgnored,missing,,Download Ignored,,,,Téléchargement ignoré,
DownloadPropersAndRepacksHelpTextWarning,missing,,Use custom formats for automatic upgrades to propers/repacks,,,,Utilisez des formats personnalisés pour les mises à niveau automatiques vers les propers/repacks,
DownloadStationMusicCategoryHelpText,missing,,"Adding a category specific to Mangarr avoids conflicts with unrelated non-Mangarr downloads. Using a category is optional, but strongly recommended. Creates a [category] subdirectory in the output directory.",DownloadStation,,,"Une catégorie propre à {appName} évite les conflits avec les téléchargements qui ne concernent pas {appName}. L'utilisation d'une catégorie est facultative, mais fortement recommandée. Crée un sous-répertoire [category] dans le répertoire de sortie.",
DownloadStationTvDirectoryHelpText,missing,,"Optional shared folder to put downloads into, leave blank to use the default Download Station location",DownloadStation,,,Dossier partagé facultatif où placer les téléchargements ; laisser vide pour utiliser l'emplacement par défaut de Download Station,
DownloadStationUseSslHelpText,missing,,Use secure connection when connecting to Download Station,DownloadStation,,,Utiliser une connexion sécurisée pour se connecter à Download Station,
DownloadWarning,missing,,Download Warning,,,,Avertissement de téléchargement,
Downloaded,missing,,Downloaded,,,,Téléchargé,
DownloadedImportFailed,missing,,Downloaded – Import Failed,,,,Téléchargé – Échec de l'importation,
DownloadedImporting,missing,,Downloaded – Importing,,,,Téléchargé – Importation en cours,
DownloadedUnableToImport,missing,,Downloaded – Unable to Import,,,,Téléchargé – Importation impossible,
DownloadedWaitingToImport,missing,,Downloaded – Waiting to Import,,,,Téléchargé – En attente d'importation,
DownloadedWaitingToProcess,missing,,Downloaded – Waiting to Process,,,,Téléchargé – En attente de traitement,
Downloading,missing,,Downloading,,,,Téléchargement en cours,
DownloadingProgress,missing,,Downloading {progress}%,,,,Téléchargement {progress}%,
EarlyDownloadLimit,missing,,Early Download Limit,FileList Gazelle IPTorrents Newznab Nyaa TorrentRssIndexer Torrentleech,,,Limite de téléchargement anticipé,
Ebook,missing,,Ebook,,,,Livre numérique,
EbookEdition,missing,,Ebook Edition,,,,Édition en livre numérique,
EbookQualityProfile,missing,,Ebook Quality Profile,,,,Profil de qualité des livres numériques,
EbookQualityProfileNamed,missing,,Ebook Quality Profile: {name},,,,Profil de qualité des livres numériques : {name},
EditAudiobookStorage,missing,,Edit Audiobook Storage,,,,Modifier le stockage des livres audio,
EditAuthor,vocab glossary:series stale,Edit Author,Edit Series,,Éditer l'auteur,,Modifier la série,
EditBook,vocab glossary:volume stale,Edit Book,Edit Volume,,Modifier le livre,,Modifier le tome,
EditBookModalHeader,missing,,Edit - {title},,,,Modifier - {title},
EditConditionImplementation,missing,,Edit Condition - {implementationName},,,,Modifier la condition - {implementationName},
EditConnectionImplementation,missing,,Edit Connection - {implementationName},,,,Modifier la connexion - {implementationName},
EditCustomFormat,missing,,Edit Custom Format,,,,Modifier le format personnalisé,
EditDelayProfile,missing,,Edit Delay Profile,,,,Modifier le profil de retard,
EditDownloadClientImplementation,missing,,Edit Download Client - {implementationName},,,,Modifier le client de téléchargement - {implementationName},
EditEbookStorage,missing,,Edit Ebook Storage,,,,Modifier le stockage des livres numériques,
EditGroups,missing,,Edit Groups,,,,Modifier les groupes,
EditImportListExclusion,missing,,Edit Import List Exclusion,,,,Modifier l'exclusion de liste d'importation,
EditIndexerImplementation,missing,,Edit Indexer - {implementationName},,,,Modifier l'indexeur - {implementationName},
EditMetadata,missing,,Edit {metadataType} Metadata,,,,Modifier les métadonnées {metadataType},
EditMetadataProfile,missing,,Edit Metadata Profile,,,,Modifier le profil de métadonnées,
EditQualityProfile,missing,,Edit Quality Profile,,,,Modifier le profil de qualité,
EditReleaseProfile,missing,,Edit Release Profile,,,,Modifier le profil de version,
EditRemotePathMapping,missing,,Edit Remote Path Mapping,,,,Modifier la correspondance de chemin distant,
EditRootFolder,missing,,Edit Root Folder,,,,Modifier le dossier racine,
EditSeriesModalHeader,missing,,Edit - {authorName},,,,Modifier - {authorName},
EditionAuto,missing,,Auto: {edition},,,,Auto : {edition},
EditionAutoEnglish,missing,,Auto: Falls back to English,,,,Auto : repli sur l'anglais,
EditionChangeHelpText,missing,,"Volumes take the edition's numbering, dates, ISBNs, covers and descriptions; files stay attached and nothing is searched",,,,"Les tomes adoptent la numérotation, les dates, les ISBN, les couvertures et les descriptions de l'édition ; les fichiers restent rattachés et aucune recherche n'est lancée",
EditionDifferentNumbering,missing,,Different numbering,,,,Numérotation différente,
EditionFilesCount,missing,,{count} files,,,,{count} fichiers,
EditionFilesCountOne,missing,,1 file,,,,1 fichier,
EditionHelpText,missing,,"The market edition this series follows: its volumes, dates, covers and search language",,,,"L'édition (selon le marché) que suit cette série : ses tomes, ses dates, ses couvertures et sa langue de recherche",
EditionLines,missing,,{count} lines,,,,{count} lignes,OpenTome catalogue lines per market (Preferred Edition dropdown); same word as ReleaseLines/SeriesLineTooltip
EditionNoOptionsHelpText,missing,,No other edition of this series in the catalogue yet; a refresh binds its line,,,,Aucune autre édition de cette série dans le catalogue pour l'instant ; une actualisation rattache sa ligne,
EditionOptionLabel,missing,,{name} · {count} Vols,,,,{name} · {count} tomes,
EditionOptionLabelOne,missing,,{name} · 1 Vol.,,,,{name} · 1 tome,
EditionPreview,missing,,Preview,,,,Aperçu,
EditionRefreshRunning,missing,,A refresh is running for this series; try again when it finishes,,,,Une actualisation de cette série est en cours ; réessayez quand elle sera terminée,
EditionRenameTo,missing,,"Rename to ""{name}""",,,,Renommer en « {name} »,
EditionSameNumbering,missing,,Same numbering,,,,Même numérotation,
EditionsHelpText,vocab glossary:volume stale,Change edition for this book,Change edition for this volume,,Changer d'édition pour ce livre,,Changer l'édition de ce tome,
EmailAttachFilesHelpText,missing,,Add books as an attachment on import,Email,,,Joindre les tomes à l'e-mail lors de l'importation,en says books: translated as volumes
EmailBccHelpText,missing,,Comma seperated list of email bcc recipients,Email,,,"Liste des destinataires en copie cachée, séparés par des virgules",
EmailCcHelpText,missing,,Comma seperated list of email cc recipients,Email,,,"Liste des destinataires en copie, séparés par des virgules",
EmailRequireEncryptionHelpText,missing,,Require SSL (Port 465 only) or StartTLS (any other port),Email,,,Exiger SSL (port 465 uniquement) ou StartTLS (tout autre port),
EmailServerHelpText,missing,,Hostname or IP of Email server,Email,,,Nom d'hôte ou adresse IP du serveur de messagerie,
EmailToHelpText,missing,,Comma seperated list of email recipients,Email,,,"Liste des destinataires, séparés par des virgules",
EmbedMetadata,missing,,Embed Metadata,,,,Intégrer les métadonnées,
EmbedMetadataConfirm,missing,,"Embed ComicInfo.xml (series, volume, dates, summary, reading direction) into every CBZ in your library so readers like Komga and Calibre show the metadata. Existing archives are rewritten in place with a verified backup per file; images are never altered. Continue?",,,,"Intégrer ComicInfo.xml (série, tome, dates, résumé, sens de lecture) dans chaque CBZ de votre bibliothèque pour que les lecteurs comme Komga et Calibre affichent les métadonnées. Les archives existantes sont réécrites sur place, avec une sauvegarde vérifiée par fichier ; les images ne sont jamais modifiées. Continuer ?",
EmbedMetadataHelpText,vocab glossary:volume stale,Tell Calibre to write metadata into the actual book file,Tell Calibre to write metadata into the actual volume file,,Dites à Calibre d'écrire les métadonnées dans le fichier du livre actuel,,Demander à Calibre d'écrire les métadonnées dans le fichier du tome lui-même,
EmbedMetadataInBookFiles,vocab glossary:volume stale,Embed Metadata in Book Files,Embed Metadata in Volume Files,,Intégrer des métadonnées dans les fichiers des livres,,Intégrer les métadonnées dans les fichiers des tomes,
EnableAutomaticAddHelpText,vocab glossary:series glossary:volume stale,Add author/books to Readarr when syncs are performed via the UI or by Readarr,Add series/volumes to Mangarr when syncs are performed via the UI or by Mangarr,,Ajoutez des artistes/albums à {appName} lorsque les synchronisations sont effectuées via l'interface utilisateur ou par {appName},,Ajouter des séries/tomes à {appName} lors des synchronisations effectuées via l'interface ou par {appName},
EnableRssHelpText,readarr stale,Will be used when Readarr periodically looks for releases via RSS Sync,Will be used when Mangarr periodically looks for releases via RSS Sync,,Sera utilisé lorsque Readarr recherche périodiquement des sorties via la synchronisation RSS,,Sera utilisé lorsque {appName} recherche périodiquement des versions via la synchronisation RSS,
Ended,upstream,,Ended,,Terminé,,Terminée,"upstream fix: series status (feminine, la série); the Tasks → Queued end-time column now has its own key QueuedTaskEndedColumn"
EndedAllBooksDownloaded,glossary:volume stale,Ended (All books downloaded),Ended (All volumes downloaded),,Terminé (Toutes les pistes téléchargées),,Terminée (tous les tomes téléchargés),
EndedOnly,missing,,Ended Only,,,,Terminées uniquement,
Error,missing,,Error,,,,Erreur,
ErrorBoundaryCaption,missing,,{appName} tripped over its own cables. The details are below.,,,,{appName} s'est pris les pieds dans ses propres câbles. Les détails sont ci-dessous.,
ErrorFetchingCutoffUnmet,missing,,Error fetching cutoff unmet,,,,Erreur lors de la récupération de la liste « Seuil non atteint »,
ErrorFetchingMissingItems,missing,,Error fetching missing items,,,,Erreur lors de la récupération des éléments manquants,
ErrorRestoringBackup,missing,,Error restoring backup,,,,Erreur lors de la restauration de la sauvegarde,
Event,missing,,Event,Simplepush,,,Événement,Simplepush: the event name for its notification
EventType,missing,,Event Type,,,,Type d'événement,
ExistingBooks,vocab glossary:volume stale,Existing Books,Existing Volumes,,Livres existants,,Tomes existants,
ExistingFilesWillBeDeleted,missing,,Existing files will be deleted,,,,Les fichiers existants seront supprimés,
Expire,missing,,Expire,Pushover,,,Expiration,Pushover: seconds after which emergency retries stop
FailedToAddToDownloadQueue,missing,,Failed to add to download queue,,,,Échec de l'ajout à la file de téléchargement,
FailedToLoadSeriesFromApi,missing,,Failed to load series from API,,,,Échec du chargement des séries depuis l'API,
FailedToLoadVolumesFromApi,missing,,Failed to load volumes from API,,,,Échec du chargement des tomes depuis l'API,
Faq,missing,,FAQ,,,,FAQ,
FeatureRequests,missing,,Feature Requests,,,,Demandes de fonctionnalités,
FeedURL,missing,,Feed URL,IPTorrents,,,URL du flux,
File,missing,,File,,,,Fichier,
FileBrowser,missing,,File Browser,,,,Explorateur de fichiers,
FileCount,missing,,File Count,,,,Nombre de fichiers,
FileListBaseUrlHelpText,missing,,Do not change this unless you know what you're doing. Since your API key will be sent to that host.,FileList,,,"Ne modifiez ceci que si vous savez ce que vous faites, car votre clé API sera envoyée à cet hôte.",
FileListCategoriesHelpText,missing,,Categories for use in search and feeds,FileList,,,Catégories utilisées pour la recherche et les flux,
FileListEarlyReleaseLimitHelpText,missing,,"Time before release date Mangarr will download from this indexer, empty is no limit",FileList Gazelle IPTorrents Newznab Nyaa TorrentRssIndexer Torrentleech,,,Délai avant la date de sortie pendant lequel {appName} téléchargera depuis cet indexeur ; vide = aucune limite,
FileListMinimumSeedersHelpText,missing,,Minimum number of seeders required.,FileList Gazelle IPTorrents Nyaa TorrentRssIndexer Torrentleech Torznab,,,Nombre minimum de seeders requis.,
FileListRejectBlocklistedTorrentHashesWhileGrabbingHelpText,missing,,"If a torrent is blocked by hash it may not properly be rejected during RSS/Search for some indexers, enabling this will allow it to be rejected after the torrent is grabbed, but before it is sent to the client.",FileList Gazelle IPTorrents Nyaa TorrentRssIndexer Torrentleech Torznab,,,"Si un torrent est bloqué par son hash, certains indexeurs peuvent ne pas le rejeter correctement pendant le RSS ou la recherche ; activer cette option permet de le rejeter après sa récupération, mais avant son envoi au client.",
FileNameTokens,missing,,File Name Tokens,,,,Jetons de nom de fichier,
FileParts,missing,,({count} parts),,,,({count} parties),
FileSize,missing,,Size,,,,Taille,
Filter,missing,,Filter,,,,Filtrer,
FilterAuthor,vocab glossary:series stale,Filter Author,Filter Series,,Filtrer par auteur,,Filtrer les séries,
FilterContains,missing,,contains,,,,contient,
FilterDoesNotContain,missing,,does not contain,,,,ne contient pas,
FilterDoesNotEndWith,missing,,does not end with,,,,ne se termine pas par,
FilterDoesNotStartWith,missing,,does not start with,,,,ne commence pas par,
FilterEndsWith,missing,,ends with,,,,se termine par,
FilterEqual,missing,,equal,,,,égal à,
FilterGreaterThan,missing,,greater than,,,,supérieur à,
FilterGreaterThanOrEqual,missing,,greater than or equal,,,,supérieur ou égal à,
FilterInLast,missing,,in the last,,,,au cours des derniers,
FilterInNext,missing,,in the next,,,,au cours des prochains,
FilterIs,missing,,is,,,,est,
FilterIsAfter,missing,,is after,,,,est après,
FilterIsBefore,missing,,is before,,,,est avant,
FilterIsNot,missing,,is not,,,,n'est pas,
FilterLessThan,missing,,less than,,,,inférieur à,
FilterLessThanOrEqual,missing,,less than or equal,,,,inférieur ou égal à,
FilterLightNovelAudio,missing,,Audiobooks,,,,Livres audio,
FilterLightNovelBoth,missing,,Missing Both,,,,Les deux manquants,light novel filter: both the ebook and the audiobook are missing
FilterLightNovelBothCutoff,missing,,Both Below Cutoff,,,,Les deux sous le seuil,
FilterLightNovelEbook,missing,,Ebooks,,,,Livres numériques,
FilterNotEqual,missing,,not equal,,,,différent de,
FilterNotInLast,missing,,not in the last,,,,pas au cours des derniers,
FilterNotInNext,missing,,not in the next,,,,pas au cours des prochains,
FilterPlaceHolder,vocab glossary:volume stale,Filter Book,Filter Volume,,Filtrer par livre,,Filtrer les tomes,
FilterSeriesPack,missing,,Series Pack,,,,Pack de série,
FilterSingleVolume,missing,,Single Volume,,,,Tome unique,
FilterStartsWith,missing,,starts with,,,,commence par,
FilterValueFalse,missing,,false,,,,faux,
FilterValueTrue,missing,,true,,,,vrai,
FirstAndLastFirst,missing,,First and Last First,QBittorrent,,,Premiers et derniers morceaux d'abord,qBittorrent: download the first and last pieces first
FirstBook,vocab glossary:volume stale,First Book,First Volume,,Premier livre,,Premier tome,
FirstName,missing,,First Name,,,,Prénom,
FirstPage,missing,,First page,,,,Première page,
FixMatch,missing,,Fix Match,,,,Corriger la correspondance,
FixMatchHelpText,missing,,"The AniList entry this series takes its poster, description and aliases from; kept across refreshes",,,,"L'entrée AniList dont cette série tire son affiche, sa description et ses alias ; conservée d'une actualisation à l'autre",
FixMatchPopularity,missing,,pop {popularity},,,,pop. {popularity},
FixMatchSaveFailed,missing,,The match could not be saved. Check the log.,,,,La correspondance n'a pas pu être enregistrée. Consultez le journal.,
FixMatchSearchFailed,missing,,AniList could not be searched. Check the log and try again.,,,,Impossible de rechercher sur AniList. Consultez le journal et réessayez.,
FixMatchTooltip,missing,,"Bind this series to a different AniList entry (title, poster and volume count follow it)",,,,"Associer cette série à une autre entrée AniList (le titre, l'affiche et le nombre de tomes suivent)",
FixMatchVolumes,missing,,{volumes} vols,,,,{volumes} tomes,
FlipPageOrder,missing,,Flip Page Order,,,,Inverser l'ordre des pages,
FlipPageOrderDisabledTooltip,missing,,Needs a CBZ file,,,,Nécessite un fichier CBZ,
FlipPageOrderHint,missing,,"A correctly ordered volume shows its cover as the FIRST page. If the cover is on the right (last page), the file is reversed — flip it. Flipping again undoes it.",,,,"Un tome correctement ordonné affiche sa couverture en PREMIÈRE page. Si la couverture est à droite (dernière page), le fichier est inversé — inversez-le. Une nouvelle inversion annule l'opération.",
FlipPageOrderModalHeader,missing,,Flip Page Order - {bookTitle},,,,Inverser l'ordre des pages - {bookTitle},
FlipPageOrderTooltip,missing,,Reverse the page order of this volume's CBZ (for right-to-left scans stored backwards),,,,Inverser l'ordre des pages du CBZ de ce tome (pour les scans de droite à gauche stockés à l'envers),
FloodAdditionalTagsHelpText,missing,,Adds properties of media as tags. Hints are examples.,Flood,,,Ajoute des propriétés du média sous forme d'étiquettes. Les indications sont des exemples.,
FloodDestinationHelpText,missing,,Manually specifies download destination,Flood,,,Indique manuellement la destination du téléchargement,
FloodPostImportTagsHelpText,missing,,Appends tags after a download is imported.,Flood,,,Ajoute des étiquettes après l'importation d'un téléchargement.,
FloodTagsHelpText,missing,,"Initial tags of a download. To be recognized, a download must have all initial tags. This avoids conflicts with unrelated downloads.",Flood,,,"Étiquettes initiales d'un téléchargement. Pour être reconnu, un téléchargement doit avoir toutes les étiquettes initiales. Cela évite les conflits avec des téléchargements sans rapport.",
FloodUrlBaseHelpText,missing,,"Optionally adds a prefix to Flood API, such as [protocol]://[host]:[port]/[urlBase]api",Flood,,,"Ajoute un préfixe facultatif à l'API Flood, par exemple [protocol]://[host]:[port]/[urlBase]api",
FloodUseSslHelpText,missing,,Use secure connection when connecting to Flood,Flood,,,Utiliser une connexion sécurisée pour se connecter à Flood,
FocusSearchBox,missing,,Focus Search Box,,,,Placer le curseur dans la zone de recherche,
ForNewImportsOnly,missing,,For new imports only,,,,Pour les nouvelles importations uniquement,
Forecast,missing,,Forecast,,,,Prévisions,
ForeignIdHelpText,vocab glossary:series glossary:volume stale,The Foreign Id of the author/book to exclude,The Foreign Id of the series/volume to exclude,,L'identifiant Musicbrainz de l'artiste/album à exclure,,L'identifiant externe de la série ou du tome à exclure,
FormatAgeDay,missing,,{age} day,,,,{age} jour,
FormatAgeDays,missing,,{age} days,,,,{age} jours,
FormatAgeHour,missing,,{age} hour,,,,{age} heure,
FormatAgeHours,missing,,{age} hours,,,,{age} heures,
FormatAgeMinute,missing,,{age} minute,,,,{age} minute,
FormatAgeMinutes,missing,,{age} minutes,,,,{age} minutes,
FormatShortTimeSpanHours,missing,,{hours} hour(s),,,,{hours} heure(s),
FormatShortTimeSpanMinutes,missing,,{minutes} minute(s),,,,{minutes} minute(s),
FormatShortTimeSpanSeconds,missing,,{seconds} second(s),,,,{seconds} seconde(s),
From,missing,,From,,,,De,
FromAddress,missing,,From Address,Email Mailgun SendGrid,,,Adresse de l'expéditeur,
FullRSSFeedURL,missing,,Full RSS Feed URL,TorrentRssIndexer,,,URL complète du flux RSS,
FullURL,missing,,Full URL,Readarr,,,URL complète,
FutureBooks,vocab glossary:volume stale,Future Books,Future Volumes,,Livres futurs,,Tomes à venir,
GazelleBaseUrl,missing,,URL,Gazelle Newznab Webhook,,,URL,
GazelleBaseUrlHelpText,missing,,Do not change this unless you know what you're doing. Since your cookie will be sent to that host.,Gazelle,,,"Ne modifiez ceci que si vous savez ce que vous faites, car votre cookie sera envoyé à cet hôte.",
GazelleUseFreeleechTokenHelpText,missing,,Will cause grabbing to fail if you do not have any tokens available,Gazelle,,,La récupération échouera si vous n'avez aucun jeton disponible,
Generated,missing,,Generated,,,,Généré,
Genres,missing,,Genres,,,,Genres,
GoToAuthorListing,vocab glossary:series stale,Go to author listing,Go to series listing,,Aller à la liste des artistes,,Aller à la liste des séries,
GoodreadsListImportListListIdHelpText,missing,,Goodreads list ID,GoodreadsListImportList,,,ID de la liste Goodreads,
GoodreadsOwnedBooksNotificationLocationHelpText,missing,,Will be displayed on Goodreads website,GoodreadsOwnedBooksNotification,,,Sera affiché sur le site Goodreads,
GoodreadsSeriesImportListSeriesIdHelpText,missing,,Goodreads series ID,GoodreadsSeriesImportList,,,ID de la série Goodreads,
GoodreadsSettingsBaseUserIdHelpText,missing,,User Id to import from. Leave blank to use the authenticated Goodreads user.,GoodreadsSettingsBase,,,ID de l'utilisateur à importer. Laisser vide pour utiliser l'utilisateur Goodreads authentifié.,
GoodreadsSettingsBaseUserName,missing,,User Name,GoodreadsSettingsBase Ntfy,,,Nom d'utilisateur,Goodreads and Ntfy user name
GoogleBooks,missing,,Google Books,,,,Google Books,
GoogleBooksApiKey,missing,,Google Books API Key,,,,Clé API Google Books,
GoogleBooksApiKeyHelpText,missing,,Optional; raises the Google Books lookup quota,,,,Facultatif ; augmente le quota de requêtes Google Books,
GotifyAppTokenHelpText,missing,,The Application Token generated by Gotify,Gotify,,,Le jeton d'application généré par Gotify,
GotifyPriorityHelpText,missing,,Priority of the notification,Gotify,,,Priorité de la notification,
GotifyServer,missing,,Gotify Server,Gotify,,,Serveur Gotify,
GotifyServerHelpText,missing,,"Gotify server URL, including http(s):// and port if needed",Gotify,,,"URL du serveur Gotify, avec http(s):// et le port si nécessaire",
Grab,upstream,,Grab,,Saisir,,Récupérer,upstream fix
GrabID,upstream,,Grab ID,,ID du grab,,ID de récupération,upstream fix
GrabRelease,upstream,,Grab Release,,Saisir Release,,Récupérer la version,upstream fix
GrabReleaseMessageText,readarr vocab glossary:series glossary:volume stale,Readarr was unable to determine which author and book this release was for. Readarr may be unable to automatically import this release. Do you want to grab '{0}'?,Mangarr was unable to determine which series and volume this release was for. Mangarr may be unable to automatically import this release. Do you want to grab '{0}'?,,Readarr n'a pas été en mesure de déterminer à quel auteur et livre correspondait cette version. Readarr peut être incapable d'importer automatiquement cette version. Voulez-vous récupérer '{0}' ?,,{appName} n'a pas pu déterminer à quelle série et à quel tome correspond cette version. {appName} ne pourra peut-être pas l'importer automatiquement. Voulez-vous récupérer « {0} » ?,
GrabSelected,upstream,,Grab Selected,,Saisir la sélection,,Récupérer la sélection,upstream fix
Grabbed,missing,,Grabbed,,,,Récupéré,
GroupIDPhoneNumber,missing,,Group ID / PhoneNumber,Signal,,,ID de groupe / numéro de téléphone,
HadoukenUrlBaseHelpText,missing,,"Adds a prefix to the Hadouken url, e.g. http://[host]:[port]/[urlBase]/api",Hadouken,,,"Ajoute un préfixe à l'URL de Hadouken, par exemple http://[host]:[port]/[urlBase]/api",
HadoukenUseSslHelpText,missing,,Use secure connection when connecting to Hadouken,Hadouken,,,Utiliser une connexion sécurisée pour se connecter à Hadouken,
HasMonitoredBooksNoMonitoredBooksForThisAuthor,vocab glossary:series glossary:volume stale,No monitored books for this author,No monitored volumes for this series,,Aucun livre surveillé pour cet auteur,,Aucun tome surveillé pour cette série,
Health,missing,,Health,,,,Santé,
HealthTypeNotice,missing,,Notice,,,,Avis,
HealthTypeWarning,missing,,Warning,,,,Avertissement,
Here,missing,,Here,,,,Ici,
HideBooks,vocab glossary:volume stale,Hide books,Hide volumes,,Masquer les livres,,Masquer les tomes,
HistoryDownloadFailedTooltip,missing,,Volume download failed,,,,Échec du téléchargement du tome,
HistoryDownloadIgnoredTooltip,missing,,Volume download ignored,,,,Téléchargement du tome ignoré,
HistoryFilterDeleted,missing,,Deleted,,,,Supprimé,
HistoryFilterIgnored,missing,,Ignored,,,,Ignoré,
HistoryFilterRenamed,missing,,Renamed,,,,Renommé,
HistoryFilterRetagged,missing,,Retagged,,,,Réétiqueté,
HistoryGrabbedTooltip,missing,,Volume grabbed from {indexer} and sent to {downloadClient},,,,Tome récupéré depuis {indexer} et envoyé à {downloadClient},
HistorySeriesFolderImportedTooltip,missing,,Volume imported from series folder,,,,Tome importé depuis le dossier de la série,
HistoryUnknownEventTooltip,missing,,Unknown event,,,,Événement inconnu,
HistoryVolumeFileDeletedTooltip,missing,,Volume file deleted,,,,Fichier du tome supprimé,
HistoryVolumeFileImportedTooltip,missing,,Volume downloaded successfully and picked up from download client,,,,Tome téléchargé avec succès et récupéré depuis le client de téléchargement,
HistoryVolumeFileRenamedTooltip,missing,,Volume file renamed,,,,Fichier du tome renommé,
HistoryVolumeFileRetaggedTooltip,missing,,Volume file tags updated,,,,Étiquettes du fichier du tome mises à jour,
HistoryVolumeImportIncompleteTooltip,missing,,Files downloaded but not all could be imported,,,,"Fichiers téléchargés, mais tous n'ont pas pu être importés",
HomePage,missing,,Home page,,,,Page d'accueil,
IPTorrentsBaseUrlHelpText,missing,,"The full RSS feed url generated by IPTorrents, using only the categories you selected (HD, SD, x264, etc ...)",IPTorrents,,,"L'URL complète du flux RSS générée par IPTorrents, avec uniquement les catégories que vous avez choisies (HD, SD, x264, etc.)",
Icon,missing,,Icon,Slack,,,Icône,
IconForCutoffUnmet,glossary:cutoff-unmet,Icon for Cutoff Unmet,Icon for Cutoff Unmet,,Icône pour la date limite non respectée,,Icône pour seuil non atteint,
IfYouDontAddAnImportListExclusionAndTheAuthorHasAMetadataProfileOtherThanNoneThenThisBookMayBeReaddedDuringTheNextAuthorRefresh,vocab glossary:series glossary:volume stale,If you don't add an import list exclusion and the author has a metadata profile other than 'None' then this book may be re-added during the next author refresh.,If you don't add an import list exclusion and the series has a metadata profile other than 'None' then this volume may be re-added during the next series refresh.,,"Si vous n'ajoutez pas d'exclusion de liste d'importation et que l'artiste a un profil de métadonnées autre que « Aucun », cet album pourra être ajouté à nouveau lors de la prochaine actualisation de l'artiste.",,"Si vous n'ajoutez pas d'exclusion de liste d'importation et que la série a un profil de métadonnées autre que « Aucun », ce tome pourra être ajouté à nouveau lors de la prochaine actualisation de la série.",
IgnoreDeletedBooks,vocab glossary:volume stale,Ignore Deleted Books,Ignore Deleted Volumes,,Ignorer les livres supprimés,,Ignorer les tomes supprimés,
IgnoredMetaHelpText,vocab glossary:volume stale,Books will be ignored if they contains one or more of terms (case insensitive),Volumes will be ignored if they contains one or more of terms (case insensitive),,Les livres seront ignorés s'ils contiennent un ou plusieurs termes (insensible à la casse),,Les tomes seront ignorés s'ils contiennent un ou plusieurs de ces termes (insensible à la casse),
Images,missing,,Images,,,,Images,
Import,missing,,Import,,,,Importer,
ImportCountSeries,missing,,Import {count} Series,,,,Importer {count} série(s),
ImportCustomFormat,missing,,Import Custom Format,,,,Importer un format personnalisé,
ImportExisting,missing,,Import Existing,,,,Importer l'existant,
ImportExistingSeries,missing,,Import Existing Series,,,,Importer des séries existantes,
ImportExistingTooltip,missing,,"Import the ebooks (Calibre) and audiobooks (Audiobookshelf) you already own, in place; nothing is copied",,,,Importer sur place les livres numériques (Calibre) et livres audio (Audiobookshelf) que vous possédez déjà ; rien n'est copié,
ImportExtraFilesHelpText,vocab glossary:volume stale,"Import matching extra files (subtitles, nfo, etc) after importing an book file","Import matching extra files (subtitles, nfo, etc) after importing a volume file",,"Importer les fichiers extra correspondants (sous-titres, .nfo etc.) après avoir importé un fichier de livre",,"Importer les fichiers supplémentaires correspondants (sous-titres, nfo, etc.) après l'importation d'un fichier de tome",
ImportFailed,missing,,Import Failed,,,,Échec de l'importation,
ImportListGroup,missing,,{type} List,,,,Liste {type},
ImportListGroupOther,missing,,Other List,,,,Autre liste,
ImportListGroupProgram,missing,,Program List,,,,Liste d'application,a list from another *arr program
ImportListsLoadError,missing,,Unable to load import lists.,,,,Impossible de charger les listes d'importation.,
IncludeCustomFormatWhenRenaming,missing,,Include Custom Format when Renaming,,,,Inclure le format personnalisé lors du renommage,
IncludeUnknownAuthorItemsHelpText,readarr vocab glossary:series glossary:volume stale,"Show items without a author in the queue, this could include removed authors, books or anything else in Readarr's category","Show items without a series in the queue, this could include removed series, volumes or anything else in Mangarr's category",,"Afficher les éléments sans auteur dans la file d'attente. Cela peut inclure des auteurs, livres ou autres éléments supprimés de la catégorie de Readarr",,"Afficher dans la file d'attente les éléments sans série ; cela peut inclure des séries ou tomes supprimés, ou tout autre élément de la catégorie de {appName}",
IndexerIdHelpTextWarning,upstream,,Using a specific indexer with preferred words can lead to duplicate releases being grabbed,,L'utilisation d'un indexeur spécifique avec les mots préférés peut conduire à la saisie de versions en double,,Utiliser un indexeur spécifique avec des mots préférés peut conduire à récupérer des versions en double,"upstream fix (grab = récupération, was saisie)"
IndexerPriorityHelpText,readarr stale,"Indexer Priority from 1 (Highest) to 50 (Lowest). Default: 25. Used when grabbing releases as a tiebreaker for otherwise equal releases, Readarr will still use all enabled indexers for RSS Sync and Searching.","Indexer Priority from 1 (Highest) to 50 (Lowest). Default: 25. Used when grabbing releases as a tiebreaker for otherwise equal releases, Mangarr will still use all enabled indexers for RSS Sync and Searching.",,Priorité de l'indexeur de 1 (la plus élevée) à 50 (la plus basse). Par défaut : 25. Utilisé pour départager les versions lors des téléchargements. Readarr continuera d'utiliser tous les indexeurs activés pour les synchro RSS et les recherches.,,"Priorité de l'indexeur, de 1 (la plus élevée) à 50 (la plus basse). Par défaut : 25. Sert à départager des versions par ailleurs égales lors de la récupération ; {appName} utilisera toujours tous les indexeurs activés pour la synchro RSS et les recherches.",
IndexerRssHealthCheckNoIndexers,readarr stale,"No indexers available with RSS sync enabled, Readarr will not grab new releases automatically","No indexers available with RSS sync enabled, Mangarr will not grab new releases automatically",,"Aucun indexeur disponible avec la synchronisation RSS activée, Readarr ne récupérera pas automatiquement les nouvelles versions",,"Aucun indexeur disponible avec la synchronisation RSS activée, {appName} ne récupérera pas automatiquement les nouvelles versions",
IndexerSearchCheckNoAutomaticMessage,readarr stale,"No indexers available with Automatic Search enabled, Readarr will not provide any automatic search results","No indexers available with Automatic Search enabled, Mangarr will not provide any automatic search results",,"Aucun indexeur disponible avec la recherche automatique activée, Readarr ne fournira aucun résultat de recherche automatique",,"Aucun indexeur disponible avec la recherche automatique activée, {appName} ne fournira aucun résultat de recherche automatique",
IndexerSearchCheckNoInteractiveMessage,readarr stale,"No indexers available with Interactive Search enabled, Readarr will not provide any interactive search results","No indexers available with Interactive Search enabled, Mangarr will not provide any interactive search results",,"Aucun indexeur disponible avec la recherche interactive activée, Readarr ne fournira aucun résultat de recherche interactive",,"Aucun indexeur disponible avec la recherche interactive activée, {appName} ne fournira aucun résultat de recherche interactive",
IndexerTagsHelpText,vocab glossary:series stale,Only use this indexer for authors with at least one matching tag. Leave blank to use with all authors.,Only use this indexer for series with at least one matching tag. Leave blank to use with all series.,,Utiliser seulement cet indexeur pour les auteurs avec au moins un tag correspondant. Laisser vide pour l'utiliser avec tous les auteurs.,,N'utiliser cet indexeur que pour les séries ayant au moins une étiquette correspondante. Laisser vide pour l'utiliser avec toutes les séries.,
IndexersLoadError,missing,,Unable to load indexers.,,,,Impossible de charger les indexeurs.,
InfoUrl,missing,,Info URL,,,,URL d'information,
InitialState,missing,,Initial State,QBittorrent UTorrent,,,État initial,
InteractiveImport,missing,,Interactive Import,,,,Importation interactive,
InteractiveImportAdditionalFileTooltip,missing,,This file is already in your library for a release you are currently importing,,,,Ce fichier est déjà dans votre bibliothèque pour une version que vous êtes en train d'importer,
InteractiveImportErrorImportMode,missing,,An import mode must be selected,,,,Un mode d'importation doit être sélectionné,
InteractiveImportErrorQuality,missing,,Quality must be chosen for each selected file,,,,La qualité doit être choisie pour chaque fichier sélectionné,
InteractiveImportErrorSeries,missing,,Series must be chosen for each selected file,,,,La série doit être choisie pour chaque fichier sélectionné,
InteractiveImportErrorVolume,missing,,Volume must be chosen for each selected file,,,,Le tome doit être choisi pour chaque fichier sélectionné,
InteractiveSearch,missing,,Interactive Search,,,Recherche interactive,Recherche interactive,
InteractiveSearchLoadError,missing,,Unable to load results for this volume search. Try again later,,,,Impossible de charger les résultats de cette recherche de tome. Réessayez plus tard,
InvalidFormat,missing,,Invalid Format,,,,Format non valide,
IsExpandedHideBooks,vocab glossary:volume stale,Hide books,Hide volumes,,Masquer les livres,,Masquer les tomes,
IsExpandedShowBooks,vocab glossary:volume stale,Show books,Show volumes,,Afficher les livres,,Afficher les tomes,
IsInUseCantDeleteAMetadataProfileThatIsAttachedToAnAuthorOrImportList,vocab glossary:series stale,Can't delete a metadata profile that is attached to an author or import list,Can't delete a metadata profile that is attached to a series or import list,,Impossible de supprimer un profil de métadonnées associé à un artiste ou à une liste d'importation,,Impossible de supprimer un profil de métadonnées associé à une série ou à une liste d'importation,
IsInUseCantDeleteAQualityProfileThatIsAttachedToAnAuthorOrImportList,vocab glossary:series stale,Can't delete a quality profile that is attached to an author or import list,Can't delete a quality profile that is attached to a series or import list,,Impossible de supprimer un profil de qualité associé à un artiste ou à une liste d'importation,,Impossible de supprimer un profil de qualité associé à une série ou à une liste d'importation,
Isbn13,missing,,ISBN-13,,,,ISBN-13,
ItemTypeSeries,missing,,series,,,,séries,"the {itemType} noun in AllItemsHiddenByFilter / NoItemsFoundGetStarted (series index, calendar)"
ItemTypeVolumes,missing,,volumes,,,,tomes,the {itemType} noun in AllItemsHiddenByFilter / NoItemsFoundGetStarted (volume index)
ItsEasyToAddANewAuthorOrBookJustStartTypingTheNameOfTheItemYouWantToAdd,vocab glossary:series glossary:volume stale,It's easy to add a New Author or Book just start typing the name of the item you want to add,It's easy to add a new series or volume: just start typing the name of the item you want to add,,"C'est facile d'ajouter un nouvel auteur ou livre, commencez simplement à saisir le nom de l'élément que vous souhaitez ajouter",,Ajouter une nouvelle série ou un nouveau tome est facile : commencez simplement à saisir le nom de l'élément à ajouter,
JoinApiKeyHelpText,missing,,The API Key from your Join account settings (click Join API button).,Join,,,La clé API des paramètres de votre compte Join (cliquez sur le bouton Join API).,
JoinDeviceIdsHelpText,missing,,"Deprecated, use Device Names instead. Comma separated list of Device IDs you'd like to send notifications to. If unset, all devices will receive notifications.",Join,,,"Obsolète, utilisez plutôt Noms des appareils. Liste, séparée par des virgules, des ID des appareils auxquels envoyer les notifications. Si vide, tous les appareils recevront les notifications.",
JoinDeviceNamesHelpText,missing,,"Comma separated list of full or partial device names you'd like to send notifications to. If unset, all devices will receive notifications.",Join,,,"Liste, séparée par des virgules, des noms complets ou partiels des appareils auxquels envoyer les notifications. Si vide, tous les appareils recevront les notifications.",
KavitaUseSslHelpText,missing,,Connect to Kavita over HTTPS instead of HTTP,Kavita,,,Se connecter à Kavita en HTTPS plutôt qu'en HTTP,
Key,missing,,Key,Simplepush,,,Clé,Simplepush: its API key
KeyValueKeyPlaceholder,missing,,Key,,,,Clé,
KeyValueValuePlaceholder,missing,,Value,,,,Valeur,
KeyboardShortcuts,missing,,Keyboard Shortcuts,,,,Raccourcis clavier,
KilobitsPerSecond,missing,,Kilobits Per Second,,,,Kilobits par seconde,
LastCheck,missing,,Last Check,,,,Dernière vérification,
LastName,missing,,Last Name,,,,Nom,
LastPage,missing,,Last page,,,,Dernière page,
LastUsed,missing,,Last Used,,,,Dernière utilisation,
LastVolume,missing,,Last Volume,,,,Dernier tome,
LatestBook,vocab glossary:volume stale,Latest Book,Latest Volume,,Dernier livre,,Dernier tome,
LaunchBrowserHelpText,readarr stale, Open a web browser and navigate to Readarr homepage on app start., Open a web browser and navigate to Mangarr homepage on app start.,, Ouvrir un navigateur Web et accéder à la page d'accueil de Readarr au démarrage de l'application.,, Ouvrir un navigateur web et accéder à la page d'accueil de {appName} au démarrage de l'application.,
LeechersCount,missing,,{count} leechers,,,,{count} leechers,
LibraryImport,missing,,Library Import,,,,Importation de bibliothèque,
LibraryImportHelpText,missing,,Choose the root folder that holds the series folders to import,,,,Choisissez le dossier racine qui contient les dossiers de séries à importer,
LibraryImportImported,missing,,Imported {count} series,,,,{count} série(s) importée(s),
LibraryImportNoRootFolders,missing,,No root folders yet. Add one in Settings → Media Management,,,,Aucun dossier racine pour l'instant. Ajoutez-en un dans Paramètres → Gestion des médias,
LibraryImportNoUnmappedFolders,missing,,Every folder in this root folder is already in the library,,,,Tous les dossiers de ce dossier racine sont déjà dans la bibliothèque,
LibraryImportNotImported,missing,,{count} not imported — see System → Logs,,,,{count} non importée(s) — voir Système → Journaux,
LightNovel,missing,,Light Novel,,,,Light novel,
LightNovelAudioHome,missing,,Audiobooks Go To,,,,Destination des livres audio,
LightNovelAudioHomeHelpText,missing,,Where new audiobooks are stored. Affects new imports only.,,,,Où sont stockés les nouveaux livres audio. Ne concerne que les nouvelles importations.,
LightNovelAudiobooks,missing,,Audiobooks,,,,Livres audio,
LightNovelEbookHome,missing,,Ebooks Go To,,,,Destination des livres numériques,
LightNovelEbookHomeHelpText,missing,,Where new ebooks are stored. Affects new imports only.,,,,Où sont stockés les nouveaux livres numériques. Ne concerne que les nouvelles importations.,
LightNovelEbooks,missing,,Ebooks,,,,Livres numériques,
LightNovelFormatAzw3Kindle,missing,,AZW3 (Kindle),,,,AZW3 (Kindle),
LightNovelFormatEpubNoConversion,missing,,EPUB (no conversion),,,,EPUB (sans conversion),
LightNovelFormatKepubKobo,missing,,KEPUB (Kobo),,,,KEPUB (Kobo),
LightNovelHomeAudiobookshelf,missing,,Audiobookshelf Library,,,,Bibliothèque Audiobookshelf,
LightNovelHomeCalibre,missing,,Calibre Library,,,Bibliothèque Calibre,Bibliothèque Calibre,
LightNovelHomeEntryFolder,missing,,Entry Folder,,,,Dossier de l'entrée,
LightNovelLibraryHelpText,missing,,Listed by the server; press Test after changing the address to refresh the list,,,,Liste fournie par le serveur ; appuyez sur Tester après avoir changé l'adresse pour actualiser la liste,
LightNovelNotInCatalogue,missing,,Not in the OpenTome catalogue yet —,,,,Pas encore dans le catalogue OpenTome —,
LightNovelStorage,missing,,Light Novel Storage,,,,Stockage des light novels,
LightNovelStorageAudiobookshelfCheck,missing,,Light-novel audiobooks cannot reach Audiobookshelf: {0},,,,Les livres audio des light novels ne peuvent pas atteindre Audiobookshelf : {0},
LightNovelStorageAudiobookshelfFolderNotMapped,missing,,{0} is not inside the library's folder ({1}) — Path As Audiobookshelf Sees It,,,,{0} n'est pas dans le dossier de la bibliothèque ({1}) — Chemin vu par Audiobookshelf,the text after the dash names the settings field: must match the fr label PathAsAudiobookshelfSeesIt
LightNovelStorageAudiobookshelfKeyRejected,missing,,Audiobookshelf rejected the API key — Audiobookshelf API Key,,,,Audiobookshelf a refusé la clé API — Clé API Audiobookshelf,
LightNovelStorageAudiobookshelfLibraryMissing,missing,,Audiobookshelf has no library {0} — Audiobookshelf Library,,,,Audiobookshelf n'a pas de bibliothèque {0} — Bibliothèque Audiobookshelf,
LightNovelStorageAudiobookshelfLibraryNotChosen,missing,,No Audiobookshelf library is chosen — Audiobookshelf Library,,,,Aucune bibliothèque Audiobookshelf n'est choisie — Bibliothèque Audiobookshelf,
LightNovelStorageAudiobookshelfPathMissing,missing,,{0} does not exist inside Mangarr — Path As Mangarr Sees It,,,,{0} n'existe pas dans {appName} — Chemin vu par {appName},
LightNovelStorageAudiobookshelfUnreachable,missing,,Audiobookshelf did not answer at {0} — Audiobookshelf URL,,,,Audiobookshelf n'a pas répondu à {0} — URL d'Audiobookshelf,
LightNovelStorageAudiobookshelfUrlMissing,missing,,The Audiobookshelf URL is not set — Audiobookshelf URL,,,,L'URL d'Audiobookshelf n'est pas définie — URL d'Audiobookshelf,
LightNovelStorageCalibreCheck,missing,,Light-novel ebooks cannot reach Calibre: {0},,,,Les livres numériques des light novels ne peuvent pas atteindre Calibre : {0},
LightNovelStorageCalibreLibraryMissing,missing,,Calibre has no library '{0}' — Calibre Library,,,,Calibre n'a pas de bibliothèque « {0} » — Bibliothèque Calibre,
LightNovelStorageCalibreLoginRejected,missing,,Calibre rejected the login — Calibre Username / Calibre Password,,,,Calibre a refusé l'identification — Nom d'utilisateur Calibre / Mot de passe de Calibre,
LightNovelStorageCalibreNoWriteAccess,missing,,"Calibre refuses writes from Mangarr — use a Calibre user with write access, or add this container to Calibre's trusted_ips",,,,"Calibre refuse les écritures de {appName} — utilisez un utilisateur Calibre disposant de l'accès en écriture, ou ajoutez ce conteneur aux trusted_ips de Calibre",
LightNovelStorageCalibrePathMissing,missing,,{0} does not exist inside Mangarr — Path As Mangarr Sees It,,,,{0} n'existe pas dans {appName} — Chemin vu par {appName},
LightNovelStorageCalibreUnreachable,missing,,Calibre did not answer at {0} — Calibre Content Server URL,,,,Calibre n'a pas répondu à {0} — URL du serveur de contenu Calibre,
LightNovelStorageCalibreUrlInvalid,missing,,'{0}' is not an http(s) address — Calibre Content Server URL,,,,« {0} » n'est pas une adresse http(s) — URL du serveur de contenu Calibre,
LightNovelStorageCalibreUrlMissing,missing,,The Calibre content server URL is not set — Calibre Content Server URL,,,,L'URL du serveur de contenu Calibre n'est pas définie — URL du serveur de contenu Calibre,
LightNovelStorageTestFailed,missing,,Could not reach Mangarr's server to run the test,,,,Impossible de joindre le serveur de {appName} pour lancer le test,
LightNovelStorageTestPassed,missing,,Everything checks out,,,,Tout est en ordre,
LightNovelVolumes,missing,,Light Novel · {count} volumes,,,,Light novel · {count} tomes,
LightNovels,missing,,Light Novels,,,,Light novels,
LinkHere,missing,,here,,,,ici,
Links,missing,,Links,,,,Liens,
ListID,missing,,List ID,GoodreadsListImportList,,,ID de la liste,
LoadingBookFilesFailed,vocab glossary:volume stale,Loading book files failed,Loading volume files failed,,Le chargement des fichiers vidéo a échoué,,Échec du chargement des fichiers des tomes,
LoadingBooksFailed,vocab glossary:volume stale,Loading books failed,Loading volumes failed,,Le chargement des fichiers vidéo a échoué,,Échec du chargement des tomes,
LogFilesLocation,missing,,Log files are located in: {location},,,,Les fichiers journaux se trouvent dans : {location},
LogLevelDebug,missing,,Debug,,,,Débogage,
LogLevelDefaultsTip,missing,,The log level defaults to 'Info' and can be changed in {generalSettings},,,,Le niveau de journalisation est « Info » par défaut et peut être modifié dans {generalSettings},
LogLevelInfo,missing,,Info,,,,Info,
LogLevelTrace,missing,,Trace,,,,Trace,
LogLevelWarn,missing,,Warn,,,,Avertissement,
LogSqlHelpText,stale,Log all SQL queries from Readarr,Log all SQL queries from Mangarr,,Enregistrez toutes les requêtes SQL de {appName},,Journaliser toutes les requêtes SQL de {appName},
Login,missing,,Login,Signal,,,Identifiant,Signal: the login of the signal-cli REST API
Logout,missing,,Logout,,,,Déconnexion,
Lowercase,missing,,Lowercase,,,,Minuscules,
MagnetFileExtension,missing,,Magnet File Extension,TorrentBlackhole,,,Extension des fichiers magnet,
MailgunApiKeyHelpText,missing,,The API key generated from MailGun,Mailgun,,,La clé API générée par MailGun,
MailgunUseEuEndpointHelpText,missing,,You can choose to use the EU MailGun endpoint with this,Mailgun,,,Permet d'utiliser le point de terminaison européen de MailGun,
MainSeries,missing,,Main Series,,,,Série principale,
Manga,missing,,Manga,,,,Manga,
MangaDexClientIdHelpText,missing,,Personal API client ID (MangaDex Settings -> API Clients; the client must be approved),MangaDex,,,ID de client API personnel (Paramètres MangaDex -> API Clients ; le client doit être approuvé),
MangaDexUsernameHelpText,missing,,MangaDex username; the follows of this account are imported,MangaDex,,,Nom d'utilisateur MangaDex ; les suivis de ce compte sont importés,
Manual,missing,,Manual,,,,Manuel,
ManualDownloadParseFailedMessage,missing,,This release failed parsing checks and was manually downloaded from an interactive search.  Import is likely to fail.,,,,Cette version a échoué aux contrôles d'analyse et a été téléchargée manuellement depuis une recherche interactive. L'importation risque d'échouer.,
ManualImportSelectEdition,glossary:edition,Manual Import - Select Edition,Manual Import - Select Edition,,Importation manuelle - Sélectionnez une version,,Importation manuelle - Sélectionner l'édition,
ManualImportSelectFolder,missing,,Manual Import - Select Folder,,,,Importation manuelle - Sélectionner le dossier,
ManualImportSelectQuality,missing,,Manual Import - Select Quality,,,,Importation manuelle - Sélectionner la qualité,
ManualImportSelectSeries,missing,,Manual Import - Select Series,,,,Importation manuelle - Sélectionner la série,
ManualImportSelectVolume,missing,,Manual Import - Select Volume,,,,Importation manuelle - Sélectionner le tome,
ManualImportSetIndexerFlags,missing,,Manual Import - Set indexer Flags,,,,Importation manuelle - Définir les indicateurs d'indexeur,
ManualImportSetReleaseGroup,missing,,Manual Import - Set Release Group,,,,Importation manuelle - Définir le groupe de version,
ManualImportTitle,missing,,Manual Import - {title},,,,Importation manuelle - {title},
MappedNetworkDrivesWindowsService,missing,,"Mapped network drives are not available when running as a Windows Service, see the {faq} for more information.",,,,Les lecteurs réseau mappés ne sont pas disponibles lors d'une exécution en tant que service Windows ; consultez la {faq} pour plus d'informations.,
MassBookSearch,vocab glossary:volume stale,Mass Book Search,Mass Volume Search,,Recherche de livres de masse,,Recherche groupée de tomes,
MassBookSearchWarning,vocab glossary:volume stale,Are you sure you want to perform mass book search for {0} books?,Are you sure you want to perform mass volume search for {0} volumes?,,Voulez-vous vraiment effectuer une recherche groupée de {0} livres ?,,Voulez-vous vraiment lancer une recherche groupée de {0} tomes ?,
MatchedTo,missing,,Matched to AniList #{id},,,,Associé à AniList #{id},
MaxVolume,missing,,Max Volume,,,,Tome maximum,
MaxVolumeHelpText,missing,,Highest volume to monitor; 0 uses the highest volume found by search,,,,Tome le plus élevé à surveiller ; 0 utilise le tome le plus élevé trouvé par la recherche,
Mention,missing,,Mention,Twitter,,,Mention,
MenuButton,missing,,Menu Button,,,,Bouton de menu,
MetadataAutoUpdate,missing,,Automatic Updates,,,,Mises à jour automatiques,
MetadataAutoUpdateHelpText,missing,,Check the manifest once a day and install a newer artifact automatically,,,,Vérifier le manifeste une fois par jour et installer automatiquement un artefact plus récent,
MetadataManifestUrl,missing,,Manifest URL,,,,URL du manifeste,
MetadataManifestUrlHelpText,missing,,Where to look for the artifact's version manifest (version.json). Leave blank for the built-in default,,,,Où chercher le manifeste de version de l'artefact (version.json). Laisser vide pour la valeur par défaut intégrée,
MetadataPinError,missing,,Could not read or write the pins file; check the log and that /config/metadata is writable.,,,,Impossible de lire ou d'écrire le fichier d'épinglage ; consultez le journal et vérifiez que /config/metadata est accessible en écriture.,
MetadataProfileNoneHelpText,missing,,Select 'None' to only include items manually added via search or that match files on disk,,,,Sélectionnez « Aucun » pour n'inclure que les éléments ajoutés manuellement via la recherche ou correspondant à des fichiers sur le disque,
MetadataSettingsSummary,vocab glossary:series glossary:volume stale,Create metadata files when books are imported or author are refreshed,Create metadata files when volumes are imported or series are refreshed,,Créez des fichiers de métadonnées lorsque les épisodes sont importés ou que les sites sont actualisés,,Créer des fichiers de métadonnées lors de l'importation des tomes ou de l'actualisation des séries,
MetadataSourceArtifact,missing,,Metadata Artifact,,,,Artefact de métadonnées,
MetadataSourceNoArtifact,missing,,"No metadata artifact is loaded. Series and volume structure comes from the live sources (AniList, MangaUpdates, MangaDex) only.",,,,"Aucun artefact de métadonnées n'est chargé. La structure des séries et des tomes provient uniquement des sources en direct (AniList, MangaUpdates, MangaDex).",
MetadataSourceSettings,missing,,Metadata Source Settings,,,,Paramètres de la source de métadonnées,
MetadataSourceSettingsSummary,missing,,"Metadata artifact, automatic updates and the Google Books key",,,,"Artefact de métadonnées, mises à jour automatiques et clé Google Books",
MetadataSourceUpdates,missing,,Updates,,,Mises à jour,Mises à jour,
Method,missing,,Method,Webhook,,,Méthode,
MinPagesHelpText,vocab glossary:volume stale,Ignore books with fewer pages than this,Ignore volumes with fewer pages than this,,Ignorer les livres avec moins de pages que cela,,Ignorer les tomes ayant moins de pages que cette valeur,
MinimumAgeHelpText,upstream,,Usenet only: Minimum age in minutes of NZBs before they are grabbed. Use this to give new releases time to propagate to your usenet provider.,,Usenet uniquement : âge minimum en minutes des NZB avant leur saisie. Utilisez-le pour donner aux nouvelles versions le temps de se propager à votre fournisseur Usenet.,,Usenet uniquement : âge minimum en minutes des NZB avant leur récupération. Permet de laisser aux nouvelles versions le temps de se propager chez votre fournisseur usenet.,"upstream fix (grab = récupération, was saisie)"
MinimumSeeders,missing,,Minimum Seeders,FileList Gazelle IPTorrents Nyaa TorrentRssIndexer Torrentleech Torznab,,,Seeders minimum,
MinimumSize,missing,,Minimum Size,Size,,,Taille minimale,
MissingBooks,vocab glossary:volume stale,Missing Books,Missing Volumes,,Livres manquants,,Tomes manquants,
MissingBooksAuthorMonitored,vocab glossary:series glossary:volume stale,Missing Books (Author monitored),Missing Volumes (Series monitored),,Livres manquants (auteur surveillé),,Tomes manquants (série surveillée),
MissingBooksAuthorNotMonitored,vocab glossary:series glossary:volume stale,Missing Books (Author not monitored),Missing Volumes (Series not monitored),,Livres manquants (auteur non surveillé),,Tomes manquants (série non surveillée),
MissingFromDisk,readarr glossary:volume stale,Readarr was unable to find the file on disk so the file was unlinked from the book in the database,Mangarr was unable to find the file on disk so the file was unlinked from the volume in the database,,"Readarr n'a pas pu trouver le fichier sur le disque, il a donc été supprimé dans la base de données",,{appName} n'a pas trouvé le fichier sur le disque ; le fichier a donc été dissocié du tome dans la base de données,
MissingOrWrongVolumes,missing,,Missing or wrong volumes?,,,,Tomes manquants ou erronés ?,
Monday,missing,,Monday,,,,Lundi,
MonitorAuthor,vocab glossary:series stale,Monitor Author,Monitor Series,,Surveiller l'auteur,,Surveiller la série,
MonitorBook,vocab glossary:volume stale,Monitor Book,Monitor Volume,,Surveiller le livre,,Surveiller le tome,
MonitorBookExistingOnlyWarning,vocab glossary:series glossary:volume stale,This is a one off adjustment of the monitored setting for each book.  Use the option under Author/Edit to control what happens for newly added books,This is a one off adjustment of the monitored setting for each volume.  Use the option under Series/Edit to control what happens for newly added volumes,,Il s’agit d’un ajustement unique du paramètre surveillé pour chaque album. Utilisez l'option sous Artiste/Modifier pour contrôler ce qui se passe pour les albums nouvellement ajoutés,,Il s'agit d'un ajustement ponctuel du paramètre de surveillance de chaque tome. Utilisez l'option sous Série/Modifier pour contrôler ce qui se passe pour les tomes nouvellement ajoutés,
MonitorExistingBooks,vocab glossary:volume stale,Monitor Existing Books,Monitor Existing Volumes,,Surveiller les livres existants,,Surveiller les tomes existants,
MonitorFirstVolume,missing,,Only First Volume,,,,Premier tome uniquement,
MonitorLatestVolume,missing,,Only Latest Volume,,,,Dernier tome uniquement,
MonitorNewBooks,vocab glossary:volume stale,Monitor New Books,Monitor New Volumes,,Surveiller les nouveaux livres,,Surveiller les nouveaux tomes,
MonitorNewItems,vocab glossary:volume stale,Monitor New Books,Monitor New Volumes,,Surveiller les nouveaux livres,,Surveiller les nouveaux tomes,
MonitorNewItemsHelpText,vocab glossary:volume stale,Which new books should be monitored,Which new volumes should be monitored,,Quels nouveaux albums doivent être surveillés,,Quels nouveaux tomes surveiller,
MonitorNewItemsNew,missing,,New,,,Nouveau,Nouveaux,
MonitorThisVolume,missing,,Only This Volume,,,,Ce tome uniquement,
MonitorToggleDisabledSeriesUnmonitored,missing,,Cannot toggle monitored state when series is unmonitored,,,,Impossible de changer l'état de surveillance quand la série n'est pas surveillée,
MonitoredAuthorIsMonitored,vocab glossary:series stale,Author is monitored,Series is monitored,,Artiste non surveillé,,La série est surveillée,
MonitoredAuthorIsUnmonitored,vocab glossary:series stale,Author is unmonitored,Series is unmonitored,,Artiste non surveillé,,La série n'est pas surveillée,
MonitoredClickToUnmonitor,missing,,"Monitored, click to unmonitor",,,,"Surveillé, cliquez pour ne plus surveiller",
MonitoredHelpText,readarr vocab glossary:volume stale,Readarr will search for and download book,Mangarr will search for and download volume,,Readarr recherchera et téléchargera le livre,,{appName} recherchera et téléchargera le tome,
MonitoredOnly,missing,,Monitored Only,,,,Sous surveillance uniquement,series filter AND calendar (volumes) filter: gender-neutral wording so it agrees with both série (f.) and tome (m.)
MonitoredStatus,missing,,Monitored/Status,,,,Surveillé/État,
MonitoringOptionsHelpText,vocab glossary:series glossary:volume stale,Which books should be monitored after the author is added (one-time adjustment),Which volumes should be monitored after the series is added (one-time adjustment),,Quels albums doivent être surveillés après l'ajout de l'artiste (ajustement unique),,Quels tomes surveiller après l'ajout de la série (ajustement ponctuel),
Month,missing,,Month,,,,Mois,
More,missing,,More,,,,Plus,
MoreDetails,missing,,More details,,,,Plus de détails,
MountCheckMessage,vocab glossary:series stale,Mount containing an author path is mounted read-only: ,Mount containing a series path is mounted read-only: ,,Le montage contenant un chemin d'auteur est monté en lecture seule : ,,Le montage contenant un chemin de série est monté en lecture seule : ,
MoveAutomatically,missing,,Move Automatically,,,,Déplacer automatiquement,
MoveDown,missing,,Move Down,,,,Descendre,
MoveFilesNo,missing,,"No, I'll Move the Files Myself",,,,"Non, je déplacerai les fichiers moi-même",
MoveFilesYes,missing,,"Yes, Move the Files",,,,"Oui, déplacer les fichiers",
MoveSeriesFilesMessageText,missing,,Would you like to move the series files from '{originalPath}' to '{destinationPath}'?,,,,Voulez-vous déplacer les fichiers de la série de « {originalPath} » vers « {destinationPath} » ?,
MoveSeriesFoldersMessageText,missing,,Would you like to move the series folders to '{destinationRootFolder}'?,,,,Voulez-vous déplacer les dossiers des séries vers « {destinationRootFolder} » ?,
MoveUp,missing,,Move Up,,,,Monter,
MultiPartVolume,missing,,Multi-part Volume,,,,Tome en plusieurs parties,
MusicBrainzAuthorID,vocab glossary:series stale,MusicBrainz Author ID,MusicBrainz Series ID,,Identifiant d'artiste MusicBrainz,,ID de série MusicBrainz,
MusicBrainzBookID,glossary:volume stale,MusicBrainz Book ID,MusicBrainz Volume ID,,Identifiant de la piste MusicBrainz,,ID de tome MusicBrainz,
MyComputer,missing,,My Computer,,,,Mon ordinateur,
NameStyle,vocab glossary:series stale,Author Name Style,Series Name Style,,Style du nom de l'auteur,,Style du nom de la série,
NamingExample,missing,,Example: {example},,,,Exemple : {example},
NamingTokensNote,missing,,"Tokens keep their Readarr names: Author tokens are the series, Book tokens the volume.",,,,"Les jetons gardent leurs noms Readarr : les jetons Author désignent la série, les jetons Book le tome.",exception: names the Readarr tokens; Readarr stays as the English says it
Negate,missing,,Negate,,,,Inverser,
Never,missing,,Never,,,Jamais,Jamais,
NewBooks,vocab glossary:volume stale,New Books,New Volumes,,Nouveaux livres,,Nouveaux tomes,
NewznabAdditionalParametersHelpText,missing,,Additional Newznab parameters,Newznab,,,Paramètres Newznab supplémentaires,
NewznabApiPathHelpText,missing,,"Path to the api, usually /api",Newznab,,,"Chemin de l'API, généralement /api",
NewznabCategoriesHelpText,missing,,Drop down list; at least one category must be selected.,Newznab,,,Liste déroulante ; au moins une catégorie doit être sélectionnée.,
NextExecutionNow,missing,,now,,,,maintenant,
NextExecutionQueued,missing,,queued,,,,en file d'attente,
NextVolume,missing,,Next Volume,,,,Tome suivant,
NoCollectionsYet,missing,,No collections yet; one appears when a series in the library has other arcs or side stories.,,,,Aucune collection pour l'instant ; une collection apparaît quand une série de la bibliothèque a d'autres arcs ou des histoires parallèles.,
NoDelay,missing,,No Delay,,,,Aucun délai,
NoFiles,missing,,No files,,,,Aucun fichier,
NoItemsFoundGetStarted,missing,,"No {itemType} found; to get started, import your existing series or add a new series.",,,,"Pas encore de {itemType} ; pour commencer, importez vos séries existantes ou ajoutez une nouvelle série.",{itemType} is ItemTypeSeries/ItemTypeVolumes (séries f. / tomes m.): worded without gender agreement
NoLinks,missing,,No links,,,,Aucun lien,
NoMatchCandidates,missing,,AniList returned no candidates for this search,,,,AniList n'a renvoyé aucun candidat pour cette recherche,
NoMatchFound,missing,,No Match Found,,,,Aucune correspondance trouvée,
NoSeriesAddedYet,missing,,You haven't added any series yet; do you want to import your existing series?,,,,Vous n'avez encore ajouté aucune série ; voulez-vous importer vos séries existantes ?,
NoTagsHaveBeenAddedYet,readarr vocab glossary:series stale,"No tags have been added yet. Add tags to link authors with delay profiles, restrictions, or notifications. Click {0} to find out more about tags in Readarr.","No tags have been added yet. Add tags to link series with delay profiles, restrictions, or notifications. Click {0} to find out more about tags in Mangarr.",,"Aucun tag n'a été ajouté pour l'instant. Ajoutez des tag s pour lier les auteurs avec des profils de retard, des restrictions ou des notifications. Cliquez sur {0} pour en savoir plus sur les tags dans Readarr.",,"Aucune étiquette n'a encore été ajoutée. Ajoutez des étiquettes pour lier des séries à des profils de retard, des restrictions ou des notifications. Cliquez sur {0} pour en savoir plus sur les étiquettes dans {appName}.",unreferenced; NoTagsHaveBeenAddedYetMessageText is the one shown
NoTagsHaveBeenAddedYetMessageText,missing,,"No tags have been added yet. Add tags to link series with delay profiles, restrictions, or notifications. Click {wikiLink} to find out more about tags in {appName}.",,,,"Aucune étiquette n'a encore été ajoutée. Ajoutez des étiquettes pour lier des séries à des profils de retard, des restrictions ou des notifications. Cliquez sur {wikiLink} pour en savoir plus sur les étiquettes dans {appName}.",
NoVolumeFilesFoundInFolder,missing,,No volume files were found in the selected folder,,,,Aucun fichier de tome trouvé dans le dossier sélectionné,
NoVolumeFilesToManage,missing,,No volume files to manage.,,,,Aucun fichier de tome à gérer.,
NoVolumes,missing,,No volumes,,,,Aucun tome,
NotFoundCaption,missing,,This page got isekai'd.,,,,Cette page a été isekaïsée.,joke: the page was transported to another world (isekai)
NotFoundMessage,missing,,"You must be lost, nothing to see here.",,,,"Vous devez être perdu, il n'y a rien à voir ici.",
NotInLibrary,missing,,Not in Library,,,,Pas dans la bibliothèque,
NotYet,missing,,Not Yet,,,,Pas encore,
NotifiarrAPIKeyHelpText,missing,,Your API key from your profile,Notifiarr,,,La clé API de votre profil,
NotificationPriority,missing,,Notification Priority,Join,,,Priorité de la notification,
NotificationTriggersHelpText,missing,,Select which events should trigger this notification,,,,Sélectionnez les événements qui déclenchent cette notification,
NotifyWithChatMessage,missing,,Notify with Chat Message,Subsonic,,,Notifier par message de discussion,
NtfyAccessTokenHelpText,missing,,Optional token-based authorization. Takes priority over username/password,Ntfy,,,Autorisation facultative par jeton. Prioritaire sur le nom d'utilisateur et le mot de passe,
NtfyClickUrlHelpText,missing,,Optional link when user clicks notification,Ntfy,,,Lien facultatif ouvert quand l'utilisateur clique sur la notification,
NtfyPasswordHelpText,missing,,Optional Password,Ntfy,,,Mot de passe facultatif,
NtfyServerUrlHelpText,missing,,Leave blank to use public server (https://ntfy.sh),Ntfy,,,Laisser vide pour utiliser le serveur public (https://ntfy.sh),
NtfyTagsAndEmojis,missing,,Ntfy Tags and Emojis,Ntfy,,,Étiquettes et emojis Ntfy,
NtfyTagsHelpText,missing,,Optional list of tags or emojis to use,Ntfy,,,Liste facultative d'étiquettes ou d'emojis à utiliser,
NtfyTopicsHelpText,missing,,List of Topics to send notifications to,Ntfy,,,Liste des sujets auxquels envoyer les notifications,
NtfyUserNameHelpText,missing,,Optional Authorization,Ntfy,,,Autorisation facultative,
Number,missing,,Number,,,,Numéro,
NyaaAdditionalParametersHelpText,missing,,Please note if you change the category you will have to add required/restricted rules about the subgroups to avoid foreign language releases.,Nyaa,,,"Notez que si vous changez de catégorie, vous devrez ajouter des règles requises/restreintes sur les sous-groupes pour éviter les versions en langue étrangère.",
NzbFolder,missing,,Nzb Folder,Pneumatic UsenetBlackhole,,,Dossier Nzb,
NzbVortexOlderTvPriorityHelpText,missing,,Priority to use when grabbing books released over 14 days ago,NzbVortex Nzbget QBittorrent RTorrent Sabnzbd Transmission UTorrent,,,Priorité à utiliser lors de la récupération de tomes sortis il y a plus de 14 jours,shared by 7 download clients; en says books: translated as volumes
NzbVortexRecentTvPriorityHelpText,missing,,Priority to use when grabbing books released within the last 14 days,NzbVortex Nzbget QBittorrent RTorrent Sabnzbd Transmission UTorrent,,,Priorité à utiliser lors de la récupération de tomes sortis au cours des 14 derniers jours,shared by 7 download clients; en says books: translated as volumes
NzbVortexUrlBaseHelpText,missing,,"Adds a prefix to the NZBVortex url, e.g. http://[host]:[port]/[urlBase]/api",NzbVortex,,,"Ajoute un préfixe à l'URL de NZBVortex, par exemple http://[host]:[port]/[urlBase]/api",
NzbgetAddPausedHelpText,missing,,This option requires at least NzbGet version 16.0,Nzbget,,,Cette option nécessite au moins la version 16.0 de NzbGet,
NzbgetUrlBaseHelpText,missing,,"Adds a prefix to the nzbget url, e.g. http://[host]:[port]/[urlBase]/jsonrpc",Nzbget,,,"Ajoute un préfixe à l'URL de nzbget, par exemple http://[host]:[port]/[urlBase]/jsonrpc",
NzbgetUseSslHelpText,missing,,Use secure connection when connecting to NZBGet,Nzbget,,,Utiliser une connexion sécurisée pour se connecter à NZBGet,
OAuthPopupMessage,missing,,Pop-ups are being blocked by your browser,,,,Les fenêtres pop-up sont bloquées par votre navigateur,
Ok,missing,,Ok,,,,Ok,
OkConfirm,missing,,OK,,,,OK,
OlderPriority,missing,,Older Priority,Deluge NzbVortex Nzbget QBittorrent RTorrent Sabnzbd Transmission UTorrent,,,Priorité (sorties anciennes),
OnAuthorAdded,vocab glossary:series stale,On Author Added,On Series Added,,Lors de l'ajout d'un auteur,,Lors de l'ajout d'une série,
OnAuthorAddedHelpText,vocab glossary:series stale,On Author Added,On Series Added,,Lors de l'ajout d'un auteur,,Lors de l'ajout d'une série,
OnAuthorDelete,vocab glossary:series stale,On Author Delete,On Series Delete,,Lors de la suppression d'un auteur,,Lors de la suppression d'une série,
OnAuthorDeleteHelpText,vocab glossary:series stale,On Author Delete,On Series Delete,,Lors de la suppression d'un auteur,,Lors de la suppression d'une série,
OnBookDelete,vocab glossary:volume stale,On Book Delete,On Volume Delete,,Lors de la suppression d'un livre,,Lors de la suppression d'un tome,
OnBookDeleteHelpText,vocab glossary:volume stale,On Book Delete,On Volume Delete,,Lors de la suppression d'un livre,,Lors de la suppression d'un tome,
OnBookFileDelete,vocab glossary:volume stale,On Book File Delete,On Volume File Delete,,Lors de la suppression du fichier d'un livre,,Lors de la suppression du fichier d'un tome,
OnBookFileDeleteForUpgrade,vocab glossary:volume stale,On Book File Delete For Upgrade,On Volume File Delete For Upgrade,,Lors de la suppression du fichier d'un livre pour la mise à niveau,,Lors de la suppression du fichier d'un tome pour mise à niveau,
OnBookFileDeleteForUpgradeHelpText,vocab glossary:volume stale,On Book File Delete For Upgrade,On Volume File Delete For Upgrade,,Lors de la suppression du fichier d'un livre pour la mise à niveau,,Lors de la suppression du fichier d'un tome pour mise à niveau,
OnBookFileDeleteHelpText,vocab glossary:volume stale,On Book File Delete,On Volume File Delete,,Lors de la suppression du fichier d'un livre,,Lors de la suppression du fichier d'un tome,
OnBookRetagHelpText,vocab glossary:volume stale,On Book Retag,On Volume Retag,,Lors du réétiquetage d'un livre,,Lors du réétiquetage d'un tome,
OnBookTagUpdate,vocab glossary:volume stale,On Book Tag Update,On Volume Tag Update,,Lors de la mise à jour des étiquettes d'un livre,,Lors de la mise à jour des étiquettes d'un tome,
OnGrab,upstream,,On Grab,,Lors de la saisie,,Lors de la récupération,upstream fix
OnGrabHelpText,upstream,,On Grab,,À la Récupération,,Lors de la récupération,upstream fix
OneLeecher,missing,,1 leecher,,,,1 leecher,
OneMinute,missing,,1 Minute,,,,1 minute,
OneSeeder,missing,,1 seeder,,,,1 seeder,
OnlyTorrent,missing,,Only Torrent,,,,Torrent uniquement,
OnlyUsenet,missing,,Only Usenet,,,,Usenet uniquement,
OpenThisModal,missing,,Open This Modal,,,,Ouvrir cette fenêtre,
OptionAny,missing,,(Any),,,,(Indifférent),
OptionMixed,missing,,(Mixed),,,,(Mixte),
Or,missing,,or,,,,ou,
Organize,missing,,Organize,,,,Organiser,
OrganizeAndRename,missing,,Organize & Rename,,,,Organiser et renommer,
OrganizeNamingPattern,missing,,Naming pattern:,,,,Modèle de nommage :,
OrganizeRenamePreviewTip,missing,,"Tip: To preview a rename, select ""Cancel"", then select any series name and use the{icon}",,,,"Astuce : pour prévisualiser un renommage, sélectionnez « Annuler », puis sélectionnez un nom de série et utilisez l'icône{icon}","{icon} is the rename icon element; no space before it, as in en"
OrganizeSelectedSeries,missing,,Organize Selected Series,,,,Organiser les séries sélectionnées,
OrganizeSelectedSeriesMessage,missing,,Are you sure you want to organize all files in the {count} selected author?,,,,Voulez-vous vraiment organiser tous les fichiers des {count} série(s) sélectionnée(s) ?,en says selected author: translated by meaning (series)
OverviewOptions,missing,,Overview Options,,,,Options de l'aperçu,
OverviewView,missing,,Overview,,,Aperçu,Aperçu,
PackageVersionByAuthor,missing,,{packageVersion}  by  {packageAuthor},,,,{packageVersion}  par  {packageAuthor},
PageCount,missing,,Page Count,,,,Nombre de pages,
PageCountShort,missing,,{pageCount}p,,,,{pageCount} p.,
PageSizeMaximum,missing,,Page size must not exceed 250,,,,La taille de page ne doit pas dépasser 250,
PageSizeMinimum,missing,,Page size must be at least 5,,,,La taille de page doit être d'au moins 5,
Pages,missing,,Pages,,,,Pages,
PartOf,missing,,Part of,,,,Fait partie de,
Partial,missing,,Partial,,,,Partiel,
Passkey,missing,,Passkey,FileList,,,Passkey,
PathAsAudiobookshelfSeesIt,missing,,Path As Audiobookshelf Sees It,,,,Chemin vu par Audiobookshelf,
PathAsCalibreSeesIt,missing,,Path As Calibre Sees It,,,,Chemin vu par Calibre,
PathAsMangarrSeesIt,missing,,Path As Mangarr Sees It,,,,Chemin vu par {appName},
PathHelpText,glossary:volume stale,Root Folder containing your book library,Root Folder containing your volume library,,Dossier racine contenant votre bibliothèque musicale,,Dossier racine contenant votre bibliothèque de tomes,
Paused,missing,,Paused,,,,En pause,
Peers,missing,,Peers,,,,Pairs,
Pending,missing,,Pending,,,,En attente,
PendingChangesDiscardChanges,missing,,Discard changes and leave,,,,Abandonner les modifications et quitter,
PendingChangesMessage,missing,,"You have unsaved changes, are you sure you want to leave this page?",,,,Vous avez des modifications non enregistrées. Voulez-vous vraiment quitter cette page ?,
PendingChangesStayReview,missing,,Stay and review changes,,,,Rester et vérifier les modifications,
PendingDownloadClientUnavailable,missing,,Pending - Download client is unavailable,,,,En attente - Le client de téléchargement n'est pas disponible,
PinMetadata,missing,,Pin Metadata,,,,Épingler les métadonnées,
PinMetadataHint,missing,,A pinned value replaces what the metadata sources return and survives every refresh; leave a field blank to let them decide.,,,,Une valeur épinglée remplace ce que renvoient les sources de métadonnées et survit à chaque actualisation ; laissez un champ vide pour les laisser décider.,
PinReleaseDateHelpText,missing,,yyyy-MM-dd,,,,AAAA-MM-JJ,"the date format hint, French letters (année, mois, jour)"
PinSourceHelpText,missing,,Where the value was checked; a pin outranks every metadata provider,,,,Où la valeur a été vérifiée ; une épingle prime sur tous les fournisseurs de métadonnées,
PinWriter,missing,,Pin Writer,,,,Épingler l'auteur,
PinWriterHelpText,missing,,Pin the real writer Calibre files this series under,,,,Épingler le véritable auteur sous lequel Calibre classe cette série,
PinWriterHint,missing,,The pinned writer replaces what the metadata sources return and survives every refresh; Remove Pin lets them decide again.,,,,L'auteur épinglé remplace ce que renvoient les sources de métadonnées et survit à chaque actualisation ; Retirer l'épingle leur rend la main.,
PinnedOn,missing,,Pinned on {date}.,,,,Épinglé le {date}.,
PneumaticNzbFolderHelpText,missing,,This folder will need to be reachable from XBMC,Pneumatic,,,Ce dossier devra être accessible depuis XBMC,
PneumaticStrmFolderHelpText,missing,,.strm files in this folder will be import by drone,Pneumatic,,,Les fichiers .strm de ce dossier seront importés par drone,
PostImportCategory,missing,,Post-Import Category,Deluge QBittorrent RTorrent UTorrent,,,Catégorie après importation,
PostImportTags,missing,,Post-Import Tags,Flood,,,Étiquettes après importation,
PosterOptions,missing,,Poster Options,,,,Options des affiches,
Posters,missing,,Posters,,,,Affiches,
PreferAndUpgrade,missing,,Prefer and Upgrade,,,,Préférer et mettre à niveau,
PreferTorrent,missing,,Prefer Torrent,,,,Préférer Torrent,
PreferUsenet,missing,,Prefer Usenet,,,,Préférer Usenet,
PreferredEdition,missing,,Preferred Edition,,,,Édition préférée,
PreferredEditionHelpText,missing,,Default for new series; existing series keep their edition,,,,Valeur par défaut pour les nouvelles séries ; les séries existantes conservent leur édition,
PreferredEditionOtherSeries,missing,,{count} series use another edition ({breakdown}) — change them from the series list,,,,{count} série(s) utilise(nt) une autre édition ({breakdown}) — modifiez-les depuis la liste des séries,
PreferredLightNovelFormatHelpText,missing,,Calibre adds this format to each imported book; the EPUB is always kept.,,,,Calibre ajoute ce format à chaque livre importé ; l'EPUB est toujours conservé.,exception: calibre's own unit is the book
Presets,missing,,Presets,,,,Préréglages,
Priority,missing,,Priority,Gotify Ntfy Prowl Pushover,,,Priorité,
PriorityValue,missing,,Priority: {priority},,,,Priorité : {priority},
Proceed,missing,,Proceed,,,,Continuer,
ProgressBarProgress,missing,,Progress Bar at {progress}%,,,,Barre de progression à {progress}%,
ProviderMoreInfo,missing,,More info,,,,Plus d'infos,
ProxyTypeSocks5,missing,,Socks5 (Support TOR),,,,Socks5 (prise en charge de TOR),
PurchaseLocation,missing,,Purchase Location,GoodreadsOwnedBooksNotification,,,Lieu d'achat,
PushBulletChannelTagsHelpText,missing,,List of Channel Tags to send notifications to,PushBullet,,,Liste des étiquettes de canal auxquelles envoyer les notifications,
PushBulletDeviceIdsHelpText,missing,,List of device IDs (leave blank to send to all devices),PushBullet,,,Liste des ID d'appareils (laisser vide pour envoyer à tous les appareils),
PushBulletSenderIdHelpText,missing,,"The device ID to send notifications from, use device_iden in the device's URL on pushbullet.com (leave blank to send from yourself)",PushBullet,,,L'ID de l'appareil depuis lequel envoyer les notifications ; utilisez device_iden dans l'URL de l'appareil sur pushbullet.com (laisser vide pour les envoyer depuis vous-même),
PushoverDevicesHelpText,missing,,List of device names (leave blank to send to all devices),Pushover,,,Liste des noms d'appareils (laisser vide pour envoyer à tous les appareils),
PushoverExpireHelpText,missing,,"Maximum time to retry Emergency alerts, maximum 86400 seconds",Pushover,,,"Durée maximale des nouvelles tentatives pour les alertes d'urgence, 86400 secondes au maximum",
PushoverRetryHelpText,missing,,"Interval to retry Emergency alerts, minimum 30 seconds",Pushover,,,"Intervalle entre les nouvelles tentatives pour les alertes d'urgence, 30 secondes au minimum",
PushoverSoundHelpText,missing,,"Notification sound, leave blank to use the default",Pushover,,,"Son de la notification, laisser vide pour utiliser le son par défaut",
QBittorrentFirstAndLastHelpText,missing,,Download first and last pieces first (qBittorrent 4.1.0+),QBittorrent,,,Télécharger d'abord les premiers et derniers morceaux (qBittorrent 4.1.0+),
QBittorrentInitialStateHelpText,missing,,Initial state for torrents added to qBittorrent. Note that Forced Torrents do not abide by seed restrictions,QBittorrent,,,État initial des torrents ajoutés à qBittorrent. Notez que les torrents forcés ne respectent pas les restrictions de partage,
QBittorrentMusicImportedCategoryHelpText,missing,,Category for Mangarr to set after it has imported the download. Mangarr will not remove the torrent if seeding has finished. Leave blank to keep same category.,QBittorrent UTorrent,,,Catégorie que {appName} définit après avoir importé le téléchargement. {appName} ne supprimera pas le torrent une fois le partage terminé. Laisser vide pour conserver la même catégorie.,
QBittorrentSequentialOrderHelpText,missing,,Download in sequential order (qBittorrent 4.1.0+),QBittorrent,,,Télécharger dans l'ordre séquentiel (qBittorrent 4.1.0+),
QBittorrentUrlBaseHelpText,missing,,"Adds a prefix to the qBittorrent url, e.g. http://[host]:[port]/[urlBase]/api",QBittorrent,,,"Ajoute un préfixe à l'URL de qBittorrent, par exemple http://[host]:[port]/[urlBase]/api",
QBittorrentUseSslHelpText,missing,,Use a secure connection. See Options -> Web UI -> 'Use HTTPS instead of HTTP' in qBittorrent.,QBittorrent,,,Utiliser une connexion sécurisée. Voir Options -> Web UI -> « Use HTTPS instead of HTTP » dans qBittorrent.,
Qualities,missing,,Qualities,,,,Qualités,
QualitiesHelpText,missing,,Qualities higher in the list are more preferred. Qualities within the same group are equal. Only checked qualities are wanted,,,,Les qualités placées plus haut dans la liste sont préférées. Les qualités d'un même groupe sont équivalentes. Seules les qualités cochées sont recherchées,
QualityClassArchives,missing,,Archives (manga),,,,Archives (manga),
QualityClassAudio,missing,,Audiobook,,,,Livre audio,
QualityClassEbook,missing,,Ebook,,,,Livre numérique,
QualityCutoffNotMet,missing,,Quality cutoff has not been met,,,,Le seuil de qualité n'a pas été atteint,
QualityDefinitionMax,missing,,Max,,,,Max,
QualityDefinitionMin,missing,,Min,,,,Min,
QualityLimitsAudiobookDurationHelpText,missing,,Limits are automatically adjusted for the audiobook duration.,,,,Les limites sont ajustées automatiquement selon la durée du livre audio.,
QualityOrderExplainer,missing,,Top is most preferred. Cutoff: stop upgrading once this quality is reached.,,,,En haut : la qualité préférée. Seuil : arrêter les mises à niveau une fois cette qualité atteinte.,
QualityProfileNamed,missing,,Quality Profile: {name},,,,Profil de qualité : {name},
QueueDownloadFailed,missing,,Download failed,,,,Échec du téléchargement,
QueueDownloadWarning,missing,,Download warning: {message},,,,Avertissement de téléchargement : {message},
QueueDownloadedImporting,missing,,Downloaded - Importing,,,,Téléchargé - Importation en cours,
QueueDownloadedWaitingToImport,missing,,Downloaded - Waiting to Import,,,,Téléchargé - En attente d'importation,
QueueDownloadedWaitingToProcess,missing,,Downloaded - Waiting to Process,,,,Téléchargé - En attente de traitement,
QueueImportFailed,missing,,Import failed: {sourceTitle},,,,Échec de l'importation : {sourceTitle},
QueuedTaskEndedColumn,missing,,Ended,,,,Terminé,Tasks → Queued end-time column header (split from Ended)
QueuedTaskQueuedColumn,missing,,Queued,,,,En file d'attente,Tasks → Queued queued-time column header (split from Queued); fr Queued value
RTorrentAddStoppedHelpText,missing,,Enabling will add torrents and magnets to rTorrent in a stopped state. This may break magnet files.,RTorrent,,,"Si activé, les torrents et magnets sont ajoutés à rTorrent à l'arrêt. Cela peut casser les fichiers magnet.",
RTorrentMusicDirectoryHelpText,missing,,"Optional location to put downloads in, leave blank to use the default rTorrent location",RTorrent,,,Emplacement facultatif où placer les téléchargements ; laisser vide pour utiliser l'emplacement par défaut de rTorrent,
RTorrentUrlBaseHelpText,missing,,"Path to the XMLRPC endpoint, see http(s)://[host]:[port]/[urlPath]. This is usually RPC2 or [path to ruTorrent]/plugins/rpc/rpc.php when using ruTorrent.",RTorrent,,,"Chemin vers le point de terminaison XMLRPC, voir http(s)://[host]:[port]/[urlPath]. Il s'agit généralement de RPC2 ou de [chemin vers ruTorrent]/plugins/rpc/rpc.php avec ruTorrent.",
RTorrentUseSslHelpText,missing,,Use secure connection when connecting to rTorrent,RTorrent,,,Utiliser une connexion sécurisée pour se connecter à rTorrent,
Rating,missing,,Rating,,,,Note,
ReResolveMetadata,missing,,Re-resolve Metadata,,,,Résoudre à nouveau les métadonnées,
ReResolveMetadataHelpText,missing,,"Clears the stored release dates and page counts for every volume, then looks them up again",,,,"Efface les dates de sortie et nombres de pages enregistrés pour chaque tome, puis les recherche à nouveau",
ReResolveMetadataTooltip,missing,,"Clears stored dates and pages, then looks them up again",,,,"Efface les dates et pages enregistrées, puis les recherche à nouveau",
ReadOnly,missing,,Read Only,TorrentBlackhole,,,Lecture seule,
ReadarrApiKeyHelpText,missing,,Apikey of the Readarr instance to import from,Readarr,,,Clé API de l'instance Readarr depuis laquelle importer,
ReadarrBaseUrlHelpText,missing,,"URL, including port, of the Readarr instance to import from",Readarr,,,"URL, port compris, de l'instance Readarr depuis laquelle importer",
ReadarrProfileIdsHelpText,missing,,Profiles from the source instance to import from,Readarr,,,Profils de l'instance source à importer,
ReadarrRootFolderPathsHelpText,missing,,Root Folders from the source instance to import from,Readarr,,,Dossiers racines de l'instance source à importer,
ReadarrSupportsAnyDownloadClient,readarr stale,Readarr supports many popular torrent and usenet download clients.,Mangarr supports many popular torrent and usenet download clients.,,Readarr prend en charge de nombreux clients de téléchargement torrent et usenet.,,{appName} prend en charge de nombreux clients de téléchargement torrent et usenet populaires.,
ReadarrSupportsAnyIndexerThatUsesTheNewznabStandardAsWellAsOtherIndexersListedBelow,readarr stale,"Readarr supports any indexer that uses the Newznab standard, as well as other indexers listed below.","Mangarr supports any indexer that uses the Newznab standard, as well as other indexers listed below.",,"Readarr prend en charge tout indexeur qui utilise le standard Newznab, ainsi que d'autres indexeurs répertoriés ci-dessous.",,"{appName} prend en charge tout indexeur utilisant le standard Newznab, ainsi que les autres indexeurs répertoriés ci-dessous.",
ReadarrSupportsMultipleListsForImportingBooksAndAuthorsIntoTheDatabase,vocab glossary:series glossary:volume stale,Readarr supports multiple lists for importing Books and Authors into the database.,Mangarr supports multiple lists for importing Volumes and Series into the database.,,{appName} prend en charge plusieurs listes pour importer des albums et des artistes dans la base de données.,,{appName} prend en charge plusieurs listes pour importer des tomes et des séries dans la base de données.,
ReadarrTagIdsHelpText,missing,,Tags from the source instance to import from,Readarr,,,Étiquettes de l'instance source à importer,
ReadarrTags,readarr stale,Readarr Tags,Mangarr Tags,,Étiquettes Readarr,,Étiquettes {appName},
RecentPriority,missing,,Recent Priority,Deluge NzbVortex Nzbget QBittorrent RTorrent Sabnzbd Transmission UTorrent,,,Priorité (sorties récentes),
RecipientAddressEs,missing,,Recipient Address(es),Email Mailgun SendGrid,,,Adresse(s) des destinataires,Email/Mailgun/SendGrid: list of recipients
RecycleBinHelpText,vocab glossary:volume stale,Book files will go here when deleted instead of being permanently deleted,Volume files will go here when deleted instead of being permanently deleted,,Les fichiers vidéo iront ici lorsqu'ils seront supprimés au lieu d'être supprimés définitivement,,Les fichiers de tomes supprimés iront ici au lieu d'être supprimés définitivement,
RecycleBinUnableToWriteHealthCheck,readarr stale,Unable to write to configured recycling bin folder: {0}. Ensure this path exists and is writable by the user running Readarr,Unable to write to configured recycling bin folder: {0}. Ensure this path exists and is writable by the user running Mangarr,,Impossible d'écrire dans le dossier de corbeille configuré : {0}. Assurez vous que ce chemin existe et est accessible en écriture par l'utilisateur exécutant Readarr,,Impossible d'écrire dans le dossier de corbeille configuré : {0}. Vérifiez que ce chemin existe et que l'utilisateur qui exécute {appName} peut y écrire,
RefreshAuthor,vocab glossary:series stale,Refresh Author,Refresh Series,,Actualiser l'auteur,,Actualiser la série,
RefreshBook,vocab glossary:volume stale,Refresh Book,Refresh Volume,,Actualiser le livre,,Actualiser le tome,
RegularExpressionsCanBeTested,missing,,Regular expressions can be tested {link},,,,Les expressions régulières peuvent être testées {link},
RejectBlocklistedTorrentHashesWhileGrabbing,missing,,Reject Blocklisted Torrent Hashes While Grabbing,FileList Gazelle IPTorrents Nyaa TorrentRssIndexer Torrentleech Torznab,,,Rejeter les hashs de torrents de la liste noire lors de la récupération,
RejectionCount,missing,,Rejection Count,,,,Nombre de rejets,
ReleaseBranchCheckOfficialBranchMessage,readarr stale,"Branch {0} is not a valid Readarr release branch, you will not receive updates","Branch {0} is not a valid Mangarr release branch, you will not receive updates",,"La branche {0} n'est pas une branche de version Readarr valide, vous ne recevrez pas de mises à jour",,"La branche {0} n'est pas une branche de version valide de {appName}, vous ne recevrez pas de mises à jour",
ReleaseDateWithDate,missing,,ReleaseDate: {date},,,,Date de sortie : {date},en ReleaseDate: {date} translated by meaning
ReleaseLines,missing,,Release Lines,,,,Lignes de publication,OpenTome release lines
ReleasedRelativeDate,missing,,Released {date},,,,Sorti {date},
RemotePathMappingCheckDownloadPermissions,readarr vocab glossary:volume stale,Readarr can see but not access downloaded book {0}.  Likely permissions error.,Mangarr can see but not access downloaded volume {0}.  Likely permissions error.,,Readarr peut voir mais ne peut accéder au livre téléchargé {0}. Il s'agit probablement d'une erreur de permissions.,,{appName} voit le tome téléchargé {0} mais ne peut pas y accéder. Probablement une erreur de permissions.,
RemotePathMappingCheckFilesGenericPermissions,readarr stale,Download client {0} reported files in {1} but Readarr cannot see this directory.  You may need to adjust the folder's permissions.,Download client {0} reported files in {1} but Mangarr cannot see this directory.  You may need to adjust the folder's permissions.,,Le client de téléchargement {0} met les téléchargements dans {1} mais Readarr ne peut voir ce répertoire.  Il est possible que vous ayez besoin d'ajuster les permissions de ce dossier.,,"Le client de téléchargement {0} a signalé des fichiers dans {1}, mais {appName} ne voit pas ce répertoire. Vous devrez peut-être ajuster les permissions du dossier.",
RemotePathMappingCheckFolderPermissions,readarr stale,Readarr can see but not access download directory {1}.  Likely permissions error.,Mangarr can see but not access download directory {1}.  Likely permissions error.,,Readarr peut voir mais pas accéder au répertoire de téléchargement {1}. Erreur d'autorisations probable.,,{appName} voit le répertoire de téléchargement {1} mais ne peut pas y accéder. Probablement une erreur de permissions.,
RemotePathMappingCheckGenericPermissions,readarr stale,Download client {0} places downloads in {1} but Readarr cannot see this directory.  You may need to adjust the folder's permissions.,Download client {0} places downloads in {1} but Mangarr cannot see this directory.  You may need to adjust the folder's permissions.,,Le client de téléchargement {0} met les téléchargements dans {1} mais Readarr ne peut voir ce répertoire.  Il est possible que vous ayez besoin d'ajuster les permissions de ce dossier.,,"Le client de téléchargement {0} place les téléchargements dans {1}, mais {appName} ne voit pas ce répertoire. Vous devrez peut-être ajuster les permissions du dossier.",
RemotePathMappingCheckImportFailed,readarr vocab glossary:volume stale,Readarr failed to import a book.  Check your logs for details.,Mangarr failed to import a volume.  Check your logs for details.,,Readarr a échoué en important un livre. Vérifier vos logs pour plus de détails.,,{appName} n'a pas pu importer un tome. Consultez vos journaux pour plus de détails.,
RemoveFromBookshelves,missing,,Remove from Bookshelves,GoodreadsBookshelfNotification,,,Retirer des étagères,
RemovePin,missing,,Remove Pin,,,,Retirer l'épingle,
RemoveSelectedItemBlocklistMessageText,vocab,Are you sure you want to remove the selected items from the blocklist?,Are you sure you want to remove the selected items from the blocklist?,,Êtes-vous sûr de vouloir supprimer les films sélectionnés de la liste noire ?,,Voulez-vous vraiment retirer les éléments sélectionnés de la liste noire ?,
RenameBooks,vocab glossary:volume stale,Rename Books,Rename Volumes,,Renommer les livres,,Renommer les tomes,
RenameBooksHelpText,readarr stale,Readarr will use the existing file name if renaming is disabled,Mangarr will use the existing file name if renaming is disabled,,Readarr utilisera le nom de fichier existant si le changement de nom est désactivé,,{appName} utilisera le nom de fichier existant si le renommage est désactivé,
Repack,missing,,Repack,,,,Repack,
Replace,missing,,Replace,,,,Remplacer,
ReplaceExistingFiles,missing,,Replace Existing Files,,,,Remplacer les fichiers existants,
ReplaceIllegalCharactersHelpText,readarr stale,"Replace illegal characters. If unchecked, Readarr will remove them instead","Replace illegal characters. If unchecked, Mangarr will remove them instead",,"Remplacer les caractères illégaux. Si non coché, Readarr les supprimera",,"Remplacer les caractères interdits. Si décoché, {appName} les supprimera",
RequestTokenSecret,missing,,Request Token Secret,GoodreadsSettingsBase,,,Secret du jeton de requête,
RequireEncryption,missing,,Require Encryption,Email,,,Exiger le chiffrement,
RescanAfterRefreshHelpText,vocab glossary:series stale,Rescan the author folder after refreshing the author,Rescan the series folder after refreshing the series,,Réanalyser le dossier de l'auteur après avoir actualisé l'auteur,,Réanalyser le dossier de la série après l'actualisation de la série,
RescanAfterRefreshHelpTextWarning,readarr stale,Readarr will not automatically detect changes to files when not set to 'Always,Mangarr will not automatically detect changes to files when not set to 'Always,,Readarr ne détectera pas automatiquement les modifications apportées aux fichiers lorsqu'il n'est pas défini sur «Toujours»,,{appName} ne détectera pas automatiquement les modifications de fichiers si ce paramètre n'est pas sur « Toujours »,
RescanAuthorFolderAfterRefresh,vocab glossary:series stale,Rescan author folder after Refresh,Rescan series folder after Refresh,,Réanalyser le dossier de l'auteur après l'actualisation,,Réanalyser le dossier de la série après l'actualisation,
RestartReadarr,readarr stale,Restart Readarr,Restart Mangarr,,Redémarrer Readarr,,Redémarrer {appName},
RestartReloadNote,readarr stale,Note: Readarr will automatically restart and reload the UI during the restore process.,Note: Mangarr will automatically restart and reload the UI during the restore process.,,Remarque : Readarr redémarrera et rechargera automatiquement l'interface utilisateur pendant le processus de restauration.,,Remarque : {appName} redémarrera et rechargera automatiquement l'interface pendant la restauration.,
RestartRequiredMessage,missing,,"{appName} requires a restart to apply changes, do you want to restart now?",,,,{appName} doit redémarrer pour appliquer les modifications. Voulez-vous redémarrer maintenant ?,
RestartRequiredWindowsServiceMessage,missing,,Depending which user is running the {appName} service you may need to restart {appName} as admin once before the service will start automatically.,,,,"Selon l'utilisateur qui exécute le service {appName}, vous devrez peut-être redémarrer {appName} une fois en tant qu'administrateur avant que le service ne démarre automatiquement.",
Retag,missing,,Retag,,,,Réétiqueter,
RetagPreviewTip,missing,,"Tip: To preview the tags that will be written... select ""Cancel"" then click any series name and use the{icon}",,,,"Astuce : pour prévisualiser les étiquettes qui seront écrites... sélectionnez « Annuler », puis cliquez sur un nom de série et utilisez l'icône{icon}","{icon} is the retag icon element; no space before it, as in en"
RetagSelectedSeries,missing,,Retag Selected Series,,,,Réétiqueter les séries sélectionnées,
RetagSelectedSeriesMessage,missing,,Are you sure you want to re-tag all files in the {count} selected author?,,,,Voulez-vous vraiment réétiqueter tous les fichiers des {count} série(s) sélectionnée(s) ?,en says selected author: translated by meaning (series)
Retry,missing,,Retry,Pushover,,,Intervalle de relance,Pushover: the retry interval for emergency alerts
RightSeriesWrongDatesOrPageCounts,missing,,"Right Series, Wrong Dates or Page Counts?",,,,"Bonne série, mais dates ou nombres de pages erronés ?",
RootFolderMissing,missing,,Missing,,,Manquant,Manquant,"a root folder (dossier, m.)"
RootFolderNotWritableCheckMessage,missing,,Unable to write to root folder {0}; check its owner and permissions,,,,Impossible d'écrire dans le dossier racine {0} ; vérifiez son propriétaire et ses permissions,
RootFolderSelectFreeSpace,missing,,{freeSpace} Free,,,,{freeSpace} libres,
Runtime,missing,,Runtime,,,,Durée,
SabnzbdUrlBaseHelpText,missing,,"Adds a prefix to the Sabnzbd url, e.g. http://[host]:[port]/[urlBase]/api",Sabnzbd,,,"Ajoute un préfixe à l'URL de Sabnzbd, par exemple http://[host]:[port]/[urlBase]/api",
SabnzbdUseSslHelpText,missing,,Use secure connection when connecting to Sabnzbd,Sabnzbd,,,Utiliser une connexion sécurisée pour se connecter à Sabnzbd,
SaveMagnetFiles,missing,,Save Magnet Files,TorrentBlackhole,,,Enregistrer les fichiers magnet,
SaveSettings,missing,,Save Settings,,,,Enregistrer les paramètres,
Score,missing,,Score,,,,Score,
SearchAllCutoffUnmetMessageText,missing,,Are you sure you want to search for all {totalRecords} Cutoff Unmet books?,,,,Voulez-vous vraiment rechercher les {totalRecords} tomes de « Seuil non atteint » ?,en says books: volumes; the Cutoff Unmet list is named by its page title
SearchAllMissingMessageText,missing,,Are you sure you want to search for all {totalRecords} missing books?,,,,Voulez-vous vraiment rechercher les {totalRecords} tomes manquants ?,en says books: translated as volumes
SearchAudiobook,missing,,Search Audiobook,,,,Rechercher le livre audio,
SearchAudiobookTooltip,missing,,Search for the audiobook of this volume,,,,Rechercher le livre audio de ce tome,
SearchBook,vocab glossary:volume stale,Search Book,Search Volume,,Rechercher un livre,,Rechercher le tome,
SearchBoxPlaceHolder,stale,"e.g. War and Peace, goodreads:656, isbn:067003469X, asin:B00JCDK5ME","e.g. Berserk, One Piece, Chainsaw Man",,"Par ex. Guerre et Paix, goodreads:656, isbn:067003469X, asin:B00JCDK5ME",,"ex. Berserk, One Piece, Chainsaw Man",
SearchEbook,missing,,Search Ebook,,,,Rechercher le livre numérique,
SearchEbookTooltip,missing,,Search for the ebook of this volume,,,,Rechercher le livre numérique de ce tome,
SearchForAllCutoffUnmetBooks,vocab glossary:volume glossary:cutoff-unmet stale,Search for all Cutoff Unmet books,Search for all Cutoff Unmet volumes,,Rechercher tous les albums de Cutoff Unmet,,Rechercher tous les tomes de « Seuil non atteint »,
SearchForAllMissingBooks,vocab glossary:volume stale,Search for all missing books,Search for all missing volumes,,Rechercher tous les albums manquants,,Rechercher tous les tomes manquants,
SearchForMonitoredBooks,vocab glossary:volume stale,Search for monitored books,Search for monitored volumes,,Rechercher des albums surveillés,,Rechercher les tomes surveillés,
SearchForQuery,missing,,Search for {query},,,,Rechercher {query},
SearchVolumeTooltip,missing,,Search for this volume,,,,Rechercher ce tome,
SecretToken,missing,,Secret token,Aria2,,,Jeton secret,
SeedCriteriaDiscographySeedTimeHelpText,missing,,"The time a torrent should be seeded before stopping, empty is download client's default",SeedCriteria,,,Durée pendant laquelle un torrent doit être partagé avant d'être arrêté ; vide = valeur par défaut du client de téléchargement,
Seeders,missing,,Seeders,,,,Seeders,
SeedersCount,missing,,{count} seeders,,,,{count} seeders,
Select,missing,,Select,,,,Sélectionner,
SelectBook,vocab glossary:volume stale,Select Book,Select Volume,,Sélectionnez un livre,,Sélectionner le tome,
SelectColumn,missing,,Select,,,,Sélectionner,
SelectEditionDisablesAutomatic,missing,,disable automatic edition selection,,,,désactiver la sélection automatique de l'édition,fills {disableAutomatic} in SelectEditionOverrideWarning
SelectEditionOverrideWarning,missing,,Overriding an edition here will {disableAutomatic} for that book in future.,,,,Forcer une édition ici va {disableAutomatic} pour ce tome à l'avenir.,en says that book: translated as volume
SelectSeries,missing,,Select Series,,,,Sélectionner la série,
SelectedCountAuthorsSelectedInterp,vocab glossary:series stale,{0} Author(s) Selected,{0} Series Selected,,{0} Auteur(s) sélectionné(s),,{0} série(s) sélectionnée(s),
SelectedCountBooksSelectedInterp,vocab glossary:volume stale,{0} Book(s) Selected,{0} Volume(s) Selected,,{0} Livre(s) Sélectionné(s),,{0} tome(s) sélectionné(s),
SendGridApiKeyHelpText,missing,,The API Key generated by SendGrid,SendGrid,,,La clé API générée par SendGrid,
SendSilently,missing,,Send Silently,Telegram,,,Envoyer silencieusement,
SenderDomain,missing,,Sender Domain,Mailgun,,,Domaine de l'expéditeur,
SenderID,missing,,Sender ID,PushBullet,,,ID de l'expéditeur,
SenderNumber,missing,,Sender Number,Signal,,,Numéro de l'expéditeur,
SeparatorDash,missing,,Dash (-),,,,Tiret (-),
SeparatorPeriod,missing,,Period (.),,,,Point (.),
SeparatorSpace,missing,,Space ( ),,,,Espace ( ),
SeparatorUnderscore,missing,,Underscore (_),,,,Tiret bas (_),
SequentialOrder,missing,,Sequential Order,QBittorrent,,,Ordre séquentiel,
SeriesID,missing,,Series ID,GoodreadsSeriesImportList,,,ID de la série,
SeriesLineTooltip,missing,,The OpenTome line this series belongs to,,,,La ligne OpenTome à laquelle appartient cette série,
SeriesName,missing,,Series Name,,,,Nom de la série,
SeriesNavLabel,missing,,Series,,,,Séries,"sidebar nav link to /series only; the key Series stays singular Série (columns, FileDetails)"
SeriesTitle,missing,,"Series, Title",,,,"Série, titre",
SeriesTotal,stale,Series ({0}),Arcs ({0}),,Séries ({0}),,Arcs ({0}),
Server,missing,,Server,Email,,,Serveur,Email: the SMTP server
ServerUrl,missing,,Server Url,Ntfy,,,URL du serveur,
SetReadarrTags,readarr stale,Set Readarr Tags,Set Mangarr Tags,,Définir les étiquettes Readarr,,Définir les étiquettes {appName},
SetReleaseGroup,missing,,Set Release Group,,,,Définir le groupe de version,
SettingsRemotePathMappingLocalPathHelpText,readarr stale,Path that Readarr should use to access the remote path locally,Path that Mangarr should use to access the remote path locally,,Chemin local que Readarr doit utiliser pour accéder au chemin distant,,Chemin que {appName} doit utiliser pour accéder localement au chemin distant,
ShouldMonitorExisting,vocab glossary:volume stale,Monitor existing books,Monitor existing volumes,,Surveiller les livres existants,,Surveiller les tomes existants,
ShouldMonitorExistingHelpText,vocab glossary:volume stale,Automatically monitor books on this list which are already in Readarr,Automatically monitor volumes on this list which are already in Mangarr,,Surveiller automatiquement les albums de cette liste qui sont déjà dans {appName},,Surveiller automatiquement les tomes de cette liste déjà présents dans {appName},
ShouldMonitorHelpText,vocab glossary:series glossary:volume stale,Monitor new authors and books added from this list,Monitor new series and volumes added from this list,,Surveiller les nouveaux auteurs et livres ajoutés à partir de cette liste,,Surveiller les nouvelles séries et les nouveaux tomes ajoutés depuis cette liste,
ShowBookCount,vocab glossary:volume stale,Show Book Count,Show Volume Count,,Afficher le nombre de livres,,Afficher le nombre de tomes,
ShowBookTitleHelpText,vocab glossary:volume stale,Show book title under poster,Show volume title under poster,,Affiche le titre du livre sous l'affiche,,Afficher le titre du tome sous l'affiche,
ShowLastBook,vocab glossary:volume stale,Show Last Book,Show Last Volume,,Afficher le dernier livre,,Afficher le dernier tome,
ShowTitleHelpText,vocab glossary:series stale,Show author name under poster,Show series name under poster,,Afficher le nom de l'artiste sous l'affiche,,Afficher le nom de la série sous l'affiche,
ShowUnknownAuthorItems,vocab glossary:series stale,Show Unknown Author Items,Show Unknown Series Items,,Afficher les éléments avec auteur inconnu,,Afficher les éléments de série inconnue,
Shutdown,missing,,Shutdown,,,,Éteindre,
SignalAuthPasswordHelpText,missing,,Password used to authenticate requests toward signal-api,Signal,,,Mot de passe utilisé pour authentifier les requêtes vers signal-api,
SignalAuthUsernameHelpText,missing,,Username used to authenticate requests toward signal-api,Signal,,,Nom d'utilisateur utilisé pour authentifier les requêtes vers signal-api,
SignalHostHelpText,missing,,localhost,Signal,,,localhost,an example value: kept as is
SignalPortHelpText,missing,,8080,Signal,,,8080,an example value: kept as is
SignalReceiverIdHelpText,missing,,GroupID / PhoneNumber of the receiver,Signal,,,ID de groupe / numéro de téléphone du destinataire,
SignalSenderNumberHelpText,missing,,Phone number of the sender register in signal-api,Signal,,,Numéro de téléphone de l'expéditeur enregistré dans signal-api,
SignalUseSslHelpText,missing,,Use a secure connection.,Signal,,,Utiliser une connexion sécurisée.,
SimplepushEventHelpText,missing,,Customize the behavior of push notifications,Simplepush,,,Personnaliser le comportement des notifications push,
SingleVolume,missing,,Single Volume,,,,Tome unique,
SizeMaxHelpText,missing,,Release must be less than or equal to this size,Size,,,La version doit être inférieure ou égale à cette taille,
SizeMinHelpText,missing,,Release must be greater than this size,Size,,,La version doit être supérieure à cette taille,
SizeOnDisk,missing,,Size on Disk,,,,Taille sur le disque,
SkipBooksWithMissingReleaseDate,vocab glossary:volume stale,Skip books with missing release date,Skip volumes with missing release date,,Ignorer les livres dont la date de sortie est manquante,,Ignorer les tomes sans date de sortie,
SkipBooksWithNoISBNOrASIN,vocab glossary:volume stale,Skip books with no ISBN or ASIN,Skip volumes with no ISBN or ASIN,,Ignorer les livres sans ISBN ou ASIN,,Ignorer les tomes sans ISBN ni ASIN,
SkipFreeSpaceCheckWhenImportingHelpText,readarr vocab glossary:series stale,Use when Readarr is unable to detect free space from your author root folder,Use when Mangarr is unable to detect free space from your series root folder,,À utiliser lorsque Readarr ne parvient pas à détecter l'espace libre dans le dossier racine de votre auteur,,À utiliser quand {appName} ne parvient pas à détecter l'espace libre du dossier racine de vos séries,
SkipPartBooksAndSets,vocab glossary:volume stale,Skip part books and sets,Skip part volumes and sets,,"Livres et coffrets ""Skip part""",,Ignorer les tomes partiels et les coffrets,
SkipRedownloadHelpText,stale,Prevents Readarr from trying download alternative releases for the removed items,Prevents Mangarr from trying download alternative releases for the removed items,,Empêche {appName} d'essayer de télécharger des versions alternatives pour les éléments supprimés,,Empêche {appName} d'essayer de télécharger d'autres versions pour les éléments supprimés,
SkipSecondarySeriesBooks,vocab glossary:volume stale,Skip secondary series books,Skip secondary series volumes,,Sauter les livres de séries secondaires,,Ignorer les tomes des séries secondaires,
SlackChannelHelpText,missing,,Overrides the default channel for the incoming webhook (#other-channel),Slack,,,Remplace le canal par défaut du webhook entrant (#autre-canal),
SlackIconHelpText,missing,,Change the icon that is used for messages from this integration (Emoji or URL),Slack,,,Changer l'icône utilisée pour les messages de cette intégration (emoji ou URL),
SlackUsernameHelpText,missing,,Choose the username that this integration will post as,Slack,,,Choisir le nom d'utilisateur sous lequel cette intégration publiera,
SlackWebHookUrlHelpText,missing,,Slack channel webhook url,Slack,,,URL du webhook du canal Slack,
SorryThatAuthorCannotBeFound,vocab glossary:series stale,"Sorry, that author cannot be found.","Sorry, that series cannot be found.",,"Désolé, cet auteur est introuvable.",,"Désolé, cette série est introuvable.",
SorryThatBookCannotBeFound,vocab glossary:volume stale,"Sorry, that book cannot be found.","Sorry, that volume cannot be found.",,"Désolé, ce livre est introuvable.",,"Désolé, ce tome est introuvable.",
Sort,missing,,Sort,,,,Trier,
Sound,missing,,Sound,Pushover,,,Son,
SourceCode,missing,,Source,,,Source,Source,
SpecificBook,vocab glossary:volume stale,Specific Book,Specific Volume,,Livre spécifique,,Tome spécifique,
StalledNoRecentVolumes,missing,,The English release stopped behind the original and nothing has come out in two years; new volumes are still watched for,,,,La publication anglaise s'est arrêtée en retard sur l'originale et rien n'est sorti depuis deux ans ; les nouveaux tomes restent recherchés,
StalledOnly,missing,,Stalled Only,,,,Au point mort uniquement,
StandardBookFormat,vocab glossary:volume stale,Standard Book Format,Standard Volume Format,,Format de livre standard,,Format de tome standard,
StarRatingVotes,missing,,{rating} ({votes} Votes),,,,{rating} ({votes} votes),
StartOAuth,missing,,Start OAuth,,,,Démarrer OAuth,
StartSearchForMissingVolumes,missing,,Start Search for Missing Volumes,,,,Lancer la recherche des tomes manquants,
StartSearchForNewVolume,missing,,Start Search for New Volume,,,,Lancer la recherche du nouveau tome,
StatusEndedContinuing,upstream,,Continuing,,Continuant,,En cours,upstream fix
StatusEndedEnded,upstream,,Ended,,Terminé,,Terminée,"upstream fix; series status (série, f.) only — Ended itself stays Terminé, it also labels the queued-tasks Ended column"
StatusStalled,missing,,Stalled,,,,Au point mort,OpenTome line status: the English release stopped
StrmFolder,missing,,Strm Folder,Pneumatic,,,Dossier Strm,
SubsonicUpdateLibraryHelpText,missing,,Update Library on Download & Rename?,Subsonic,,,Mettre à jour la bibliothèque lors du téléchargement et du renommage ?,
SubsonicUrlBaseHelpText,missing,,"Adds a prefix to the Subsonic url, e.g. http://[host]:[port]/[urlBase]/rest",Subsonic,,,"Ajoute un préfixe à l'URL de Subsonic, par exemple http://[host]:[port]/[urlBase]/rest",
SubsonicUseSslHelpText,missing,,Connect to Subsonic over HTTPS instead of HTTP,Subsonic,,,Se connecter à Subsonic en HTTPS plutôt qu'en HTTP,
SuggestCorrection,missing,,Suggest a Correction,,,,Suggérer une correction,
SuggestItOnOpenTome,missing,,suggest it on OpenTome,,,,suggérez-le sur OpenTome,
Sunday,missing,,Sunday,,,,Dimanche,
SupportsSearchvalueWillBeUsedWhenAutomaticSearchesArePerformedViaTheUIOrByReadarr,readarr stale,Will be used when automatic searches are performed via the UI or by Readarr,Will be used when automatic searches are performed via the UI or by Mangarr,,Sera utilisé lorsque les recherches automatiques sont effectuées via l'interface utilisateur ou par Readarr,,Sera utilisé lorsque des recherches automatiques sont effectuées via l'interface ou par {appName},
SynologyIndexerUpdateLibraryHelpText,missing,,Call synoindex on localhost to update a library file,SynologyIndexer,,,Appeler synoindex sur localhost pour mettre à jour un fichier de la bibliothèque,
TBA,missing,,TBA,,,,À annoncer,
Table,missing,,Table,,,,Tableau,
TableColumnsHelpText,missing,,Choose which columns are visible and which order they appear in,,,,Choisissez les colonnes visibles et leur ordre d'affichage,
TableOptions,missing,,Table Options,,,,Options du tableau,
TableOptionsButton,missing,,Table Options Button,,,,Bouton des options du tableau,
TagDetails,missing,,Tag Details - {label},,,,Détails de l'étiquette - {label},
TagUsageConnection,missing,,{count} connection,,,,{count} connexion,
TagUsageConnections,missing,,{count} connections,,,,{count} connexions,
TagUsageDelayProfile,missing,,{count} delay profile,,,,{count} profil de retard,
TagUsageDelayProfiles,missing,,{count} delay profiles,,,,{count} profils de retard,
TagUsageDownloadClient,missing,,{count} download client,,,,{count} client de téléchargement,
TagUsageDownloadClients,missing,,{count} download clients,,,,{count} clients de téléchargement,
TagUsageImportList,missing,,{count} import list,,,,{count} liste d'importation,
TagUsageImportLists,missing,,{count} import lists,,,,{count} listes d'importation,
TagUsageIndexer,missing,,{count} indexer,,,,{count} indexeur,
TagUsageIndexers,missing,,{count} indexers,,,,{count} indexeurs,
TagUsageRestriction,missing,,{count} restriction,,,,{count} restriction,
TagUsageRestrictions,missing,,{count} restrictions,,,,{count} restrictions,
TagUsageSeries,missing,,{count} authors,,,,{count} séries,en says authors: translated as series
Tags,upstream,,Tags,,Tags,,Étiquettes,upstream fix
TagsHelpText,vocab glossary:series stale,Applies to authors with at least one matching tag. Leave blank to apply to all authors,Applies to series with at least one matching tag. Leave blank to apply to all series,,S'applique aux auteurs avec au moins une étiquette correspondante. Laisser vide pour appliquer à tous les auteurs,,S'applique aux séries ayant au moins une étiquette correspondante. Laisser vide pour l'appliquer à toutes les séries,
TagsSettingsSummary,vocab glossary:series stale,"Manage author, profile, restriction, and notification tags","Manage series, profile, restriction, and notification tags",,"Gérer les étiquettes d'auteur, de profil, de restriction et de notification",,"Gérer les étiquettes de séries, de profils, de restrictions et de notifications",
TaskNameApplicationUpdate,missing,,Application Update,,,,Mise à jour de l'application,
TaskNameApplicationUpdateCheck,missing,,Application Update Check,,,,Vérification des mises à jour,
TaskNameAuthorSearch,missing,,Series Search,,,,Recherche de série,
TaskNameBackup,missing,,Backup,,,Sauvegarde,Sauvegarde,
TaskNameBookSearch,missing,,Volume Search,,,,Recherche de tome,
TaskNameBulkMoveAuthor,missing,,Bulk Move Series,,,,Déplacement groupé de séries,
TaskNameBulkRefreshAuthor,missing,,Bulk Refresh Series,,,,Actualisation groupée de séries,
TaskNameBulkRefreshBook,missing,,Bulk Refresh Volume,,,,Actualisation groupée de tomes,
TaskNameCheckForFinishedDownload,missing,,Check For Finished Download,,,,Vérifier les téléchargements terminés,
TaskNameCheckHealth,missing,,Check Health,,,,Vérifier l'état de santé,
TaskNameCleanUpRecycleBin,missing,,Clean Up Recycle Bin,,,,Nettoyer la corbeille,
TaskNameClearBlocklist,missing,,Clear Blocklist,,,,Vider la liste noire,
TaskNameClearLog,missing,,Clear Log,,,,Effacer le journal,
TaskNameConvertBookPdfToCbz,missing,,Convert Volume PDF to CBZ,,,,Convertir le PDF du tome en CBZ,
TaskNameConvertLightNovelFormat,missing,,Convert Light Novel Format,,,,Convertir le format des light novels,
TaskNameConvertPdfToCbz,missing,,Convert PDF to CBZ,,,,Convertir les PDF en CBZ,
TaskNameCutoffUnmetBookSearch,missing,,Cutoff Unmet Volume Search,,,,Recherche des tomes (seuil non atteint),
TaskNameDeleteLogFiles,missing,,Delete Log Files,,,,Supprimer les fichiers journaux,
TaskNameDeleteUpdateLogFiles,missing,,Delete Update Log Files,,,,Supprimer les journaux de mise à jour,
TaskNameDownloadedBooksScan,missing,,Downloaded Volumes Scan,,,,Analyse des tomes téléchargés,
TaskNameFlipPageOrder,missing,,Flip Page Order,,,,Inverser l'ordre des pages,
TaskNameHousekeeping,missing,,Housekeeping,,,,Maintenance,
TaskNameImportExistingLightNovels,missing,,Import Existing Light Novels,,,,Importer les light novels existants,
TaskNameImportListSync,missing,,Import List Sync,,,,Synchro des listes d'importation,
TaskNameManualImport,missing,,Manual Import,,,Importation manuelle,Importation manuelle,
TaskNameMessagingCleanup,missing,,Messaging Cleanup,,,,Nettoyage des messages,
TaskNameMetadataUpdate,missing,,Metadata Update,,,,Mise à jour des métadonnées,
TaskNameMissingBookSearch,missing,,Missing Volume Search,,,,Recherche des tomes manquants,
TaskNameMoveAuthor,missing,,Move Series,,,,Déplacer la série,
TaskNameProcessMonitoredDownloads,missing,,Process Monitored Downloads,,,,Traiter les téléchargements surveillés,
TaskNameReResolveEdition,missing,,Change Edition,,,,Changer d'édition,
TaskNameReResolveMetadata,missing,,Re-resolve Metadata,,,,Résoudre à nouveau les métadonnées,
TaskNameRefreshAuthor,missing,,Refresh Series,,,,Actualiser la série,
TaskNameRefreshBook,missing,,Refresh Volume,,,,Actualiser le tome,
TaskNameRefreshMonitoredDownloads,missing,,Refresh Monitored Downloads,,,,Actualiser les téléchargements surveillés,
TaskNameRenameAuthor,missing,,Rename Series,,,,Renommer la série,
TaskNameRenameFiles,missing,,Rename Files,,,Renommer les fichiers,Renommer les fichiers,
TaskNameRescanFolders,missing,,Rescan Folders,,,,Réanalyser les dossiers,
TaskNameResetApiKey,missing,,Reset Api Key,,,,Réinitialiser la clé API,
TaskNameResetQualityDefinitions,missing,,Reset Quality Definitions,,,Réinitialiser les définitions de qualité,Réinitialiser les définitions de qualité,
TaskNameRestart,missing,,Restart,,,Redémarrer,Redémarrer,
TaskNameRetagAuthor,missing,,Retag Series,,,,Réétiqueter la série,
TaskNameRetagFiles,missing,,Retag Files,,,,Réétiqueter les fichiers,
TaskNameRssSync,missing,,RSS Sync,,,Synchro RSS,Synchro RSS,
TaskNameShutdown,missing,,Shutdown,,,,Éteindre,
TaskNameSyncLightNovelTitles,missing,,Sync Light Novel Titles,,,,Synchroniser les titres des light novels,
TaskNameTest,missing,,Test,,,Tester,Tester,
TaskNameUnknown,missing,,Unknown,,,Inconnu,Inconnu,
TaskNameWriteComicInfo,missing,,Embed Metadata,,,,Intégrer les métadonnées,
TaskUserAgentTooltip,missing,,User-Agent provided by the app that called the API,,,User-Agent fourni par l'application qui a appelé l'API,User-Agent fourni par l'application qui a appelé l'API,
TelegramChatIdHelpText,missing,,You must start a conversation with the bot or add it to your group to receive messages,Telegram,,,Vous devez démarrer une conversation avec le bot ou l'ajouter à votre groupe pour recevoir les messages,
TelegramSendSilentlyHelpText,missing,,Sends the message silently. Users will receive a notification with no sound,Telegram,,,Envoie le message silencieusement. Les utilisateurs recevront une notification sans son,
TelegramTopicIdHelpText,missing,,Specify a Topic ID to send notifications to that topic. Leave blank to use the general topic (Supergroups only),Telegram,,,Indiquez un ID de sujet pour envoyer les notifications dans ce sujet. Laisser vide pour utiliser le sujet général (supergroupes uniquement),
TheAuthorFolderAndAllOfItsContentWillBeDeleted,glossary:series stale,The author folder {0} and all of its content will be deleted.,The series folder {0} and all of its content will be deleted.,,Le dossier '{0}' et son contenu vont être supprimés.,,Le dossier de la série {0} et tout son contenu seront supprimés.,
TheBooksFilesWillBeDeleted,vocab glossary:volume stale,The book's files will be deleted.,The volume's files will be deleted.,,Les fichiers de l'album seront supprimés.,,Les fichiers du tome seront supprimés.,
ThemeAuto,missing,,Auto,,,,Auto,
ThemeDark,missing,,Dark,,,,Sombre,
ThemeLight,missing,,Light,,,,Clair,
ThisCannotBeCancelledWithoutRestarting,missing,,This cannot be cancelled once started without restarting {appName}.,,,,"Une fois lancé, ceci ne peut pas être annulé sans redémarrer {appName}.",
TimeUnitDays,missing,,days,,,,jours,
TimeUnitHours,missing,,hours,,,,heures,
TimeUnitMinutes,missing,,minutes,,,,minutes,
TimeUnitMonths,missing,,months,,,,mois,
TimeUnitSeconds,missing,,seconds,,,,secondes,
TimeUnitWeeks,missing,,weeks,,,,semaines,
TitlesAndCountMore,missing,,"{titles}, {count} more",,,,{titles} et {count} autre(s),
TopicID,missing,,Topic ID,Telegram,,,ID du sujet,
Topics,missing,,Topics,Ntfy,,,Sujets,
Torrent,missing,,Torrent,,,,Torrent,
TorrentBlackholeMagnetFileExtensionHelpText,missing,,"Extension to use for magnet links, defaults to '.magnet'",TorrentBlackhole,,,"Extension à utiliser pour les liens magnet, « .magnet » par défaut",
TorrentBlackholeReadOnlyHelpText,missing,,Instead of moving files this will instruct Mangarr to Copy or Hardlink (depending on settings/system configuration),TorrentBlackhole,,,"Au lieu de déplacer les fichiers, {appName} les copiera ou créera des liens physiques (selon les paramètres et la configuration du système)",
TorrentBlackholeSaveMagnetFilesHelpText,missing,,Save the magnet link if no .torrent file is available (only useful if the download client supports magnets saved to a file),TorrentBlackhole,,,Enregistrer le lien magnet si aucun fichier .torrent n'est disponible (utile uniquement si le client de téléchargement prend en charge les magnets enregistrés dans un fichier),
TorrentBlackholeTorrentFolderHelpText,missing,,Folder in which Mangarr will store the .torrent file,TorrentBlackhole,,,Dossier dans lequel {appName} enregistrera le fichier .torrent,
TorrentBlackholeWatchFolderHelpText,missing,,Folder from which Mangarr should import completed downloads,TorrentBlackhole UsenetBlackhole,,,Dossier depuis lequel {appName} doit importer les téléchargements terminés,
TorrentDelayTime,missing,,Torrent Delay: {torrentDelay},,,,Délai torrent : {torrentDelay},
TorrentFolder,missing,,Torrent Folder,TorrentBlackhole,,,Dossier des torrents,
TorrentRssIndexerAllowZeroSizeHelpText,missing,,"Enabling this will allow you to use feeds that don't specify release size, but be careful, size related checks will not be performed.",TorrentRssIndexer,,,"Activer cette option permet d'utiliser des flux qui n'indiquent pas la taille des versions ; attention, aucune vérification liée à la taille ne sera effectuée.",
TorrentRssIndexerCookieHelpText,missing,,"If you site requires a login cookie to access the rss, you'll have to retrieve it via a browser.",TorrentRssIndexer,,,"Si votre site exige un cookie de connexion pour accéder au flux RSS, vous devrez le récupérer via un navigateur.",
TorrentsDisabled,missing,,Torrents disabled,,,,Torrents désactivés,
TotalBookCountBooksTotalBookFileCountBooksWithFilesInterp,glossary:volume stale,{0} books total. {1} books with files.,{0} volumes total. {1} volumes with files.,,{0} pistes au total. {1} pistes avec fichiers.,,{0} tomes au total. {1} tomes avec fichiers.,
TotalRecords,missing,,Total records: {totalRecords},,,,Total des enregistrements : {totalRecords},
TransmissionMusicCategoryHelpText,missing,,"Adding a category specific to Mangarr avoids conflicts with unrelated non-Mangarr downloads. Using a category is optional, but strongly recommended.. Creates a [category] subdirectory in the output directory.",Transmission,,,"Une catégorie propre à {appName} évite les conflits avec les téléchargements qui ne concernent pas {appName}. L'utilisation d'une catégorie est facultative, mais fortement recommandée. Crée un sous-répertoire [category] dans le répertoire de sortie.",
TransmissionTvDirectoryHelpText,missing,,"Optional location to put downloads in, leave blank to use the default Transmission location",Transmission,,,Emplacement facultatif où placer les téléchargements ; laisser vide pour utiliser l'emplacement par défaut de Transmission,
TransmissionUrlBaseHelpText,missing,,"Adds a prefix to the transmission rpc url, eg http://[host]:[port]/[urlBase]/rpc, defaults to '/transmission/'",Transmission,,,"Ajoute un préfixe à l'URL rpc de transmission, par exemple http://[host]:[port]/[urlBase]/rpc ; « /transmission/ » par défaut",
TransmissionUseSslHelpText,missing,,Use secure connection when connecting to Transmission,Transmission,,,Utiliser une connexion sécurisée pour se connecter à Transmission,
TryAnotherTitleHint,missing,,"Try the romaji or English title, or a simpler spelling.",,,,"Essayez le titre en romaji ou en anglais, ou une orthographe plus simple.",
TwitterConsumerKeyHelpText,missing,,Consumer key from a Twitter application,Twitter,,,Clé consommateur d'une application Twitter,
TwitterConsumerSecretHelpText,missing,,Consumer secret from a Twitter application,Twitter,,,Secret consommateur d'une application Twitter,
TwitterDirectMessageHelpText,missing,,Send a direct message instead of a public message,Twitter,,,Envoyer un message privé plutôt qu'un message public,
TwitterMentionHelpText,missing,,Mention this user in sent tweets,Twitter,,,Mentionner cet utilisateur dans les tweets envoyés,
Type,missing,,Type,,,,Type,
UILanguageHelpText,readarr stale,Language that Readarr will use for UI,Language that Mangarr will use for UI,,Langue que Readarr utilisera pour l'interface utilisateur,,Langue que {appName} utilisera pour l'interface,
UMask,missing,,UMask,,,,UMask,
UMask750Description,missing,,"750 - Owner write, Group read",,,,"750 - Écriture pour le propriétaire, lecture pour le groupe",
UMask755Description,missing,,"755 - Owner write, Everyone else read",,,,"755 - Écriture pour le propriétaire, lecture pour tous les autres",
UMask770Description,missing,,770 - Owner & Group write,,,,770 - Écriture pour le propriétaire et le groupe,
UMask775Description,missing,,"775 - Owner & Group write, Other read",,,,"775 - Écriture pour le propriétaire et le groupe, lecture pour les autres",
UMask777Description,missing,,777 - Everyone write,,,,777 - Écriture pour tous,
UTorrentIntialStateHelpText,missing,,Initial state for torrents added to uTorrent,UTorrent,,,État initial des torrents ajoutés à uTorrent,
UTorrentUrlBaseHelpText,missing,,"Adds a prefix to the uTorrent url, e.g. http://[host]:[port]/[urlBase]/api",UTorrent,,,"Ajoute un préfixe à l'URL de uTorrent, par exemple http://[host]:[port]/[urlBase]/api",
UTorrentUseSslHelpText,missing,,Use secure connection when connecting to uTorrent,UTorrent,,,Utiliser une connexion sécurisée pour se connecter à uTorrent,
UnableToAddANewConditionPleaseTryAgain,missing,,"Unable to add a new condition, please try again.",,,,"Impossible d'ajouter une nouvelle condition, veuillez réessayer.",
UnableToAddANewCustomFormatPleaseTryAgain,missing,,"Unable to add a new custom format, please try again.",,,,"Impossible d'ajouter un nouveau format personnalisé, veuillez réessayer.",
UnableToLoadCollections,missing,,Unable to load collections,,,,Impossible de charger les collections,
UnableToLoadDevelopmentSettings,missing,,Unable to load Development settings,,,,Impossible de charger les paramètres de développement,
UnableToLoadEditions,missing,,Unable to load editions,,,,Impossible de charger les éditions,
UnableToLoadManualImportItems,missing,,Unable to load manual import items,,,,Impossible de charger les éléments de l'importation manuelle,
UnableToLoadMetadataSourceSettings,missing,,Unable to load Metadata Source settings,,,,Impossible de charger les paramètres de la source de métadonnées,
Unbind,missing,,Unbind,,,,Dissocier,
UnknownDeviceId,missing,,Unknown ({id}),,,,Inconnu ({id}),
UnknownLeechers,missing,,Unknown leechers,,,,Leechers inconnus,
UnknownSeeders,missing,,Unknown seeders,,,,Seeders inconnus,
Unlimited,missing,,Unlimited,,,,Illimité,
UnmappedFilesAllMatched,missing,,"Success! My work is done, all files on disk are matched to known volumes.",,,,Succès ! Mon travail est terminé : tous les fichiers sur le disque sont associés à des tomes connus.,
UnmappedFilesOnly,missing,,Unmapped Files Only,,,,Fichiers non associés uniquement,
UnmappedFolders,missing,,Unmapped Folders,,,,Dossiers non associés,
UnmonitoredClickToMonitor,missing,,"Unmonitored, click to monitor",,,,"Non surveillé, cliquez pour surveiller",
UnmonitoredHelpText,vocab glossary:volume stale,Include unmonitored books in the iCal feed,Include unmonitored volumes in the iCal feed,,Inclure les livres non surveillés dans le flux iCal,,Inclure les tomes non surveillés dans le flux iCal,
UnmonitoredOnly,missing,,Unmonitored Only,,,,Hors surveillance uniquement,"series filter; worded like MonitoredOnly, its partner in the same menu"
Unreleased,missing,,Unreleased,,,,Non sorti,
UnsavedChanges,missing,,Unsaved Changes,,,,Modifications non enregistrées,
UpdateAll,stale,Update all,Update All,,Tout actualiser,,Tout actualiser,the series/volume index refresh button
UpdateCoversHelpText,readarr vocab glossary:volume stale,Set book covers in Calibre to match those in Readarr,Set volume covers in Calibre to match those in Mangarr,,Définir les couvertures de livres dans Calibre pour qu'elles correspondent à celles de Readarr,,Définir les couvertures des tomes dans Calibre pour qu'elles correspondent à celles de {appName},
UpdateFiltered,missing,,Update Filtered,,,,Actualiser le filtre,
UpdateMechanismHelpText,readarr stale,Use Readarr's built-in updater or a script,Use Mangarr's built-in updater or a script,,Utiliser le programme de mise à jour intégré de Readarr ou un script,,Utiliser le programme de mise à jour intégré de {appName} ou un script,
UpdateSelected,stale,Update selected,Update Selected,,Mettre à jour la sélection,,Actualiser la sélection,
UpdaterLogFiles,missing,,Updater Log Files,,,,Fichiers journaux du programme de mise à jour,
UpgradeUntil,missing,,Upgrade Until,,,,Mettre à niveau jusqu'à,
UpgradeUntilCustomFormatScore,missing,,Upgrade Until Custom Format Score,,,,Mettre à niveau jusqu'au score de format personnalisé,
Uppercase,missing,,Uppercase,,,,Majuscules,
Url,missing,,Url,LazyLibrarianImport,,,URL,
UrlPath,missing,,Url Path,RTorrent,,,Chemin de l'URL,
UseEUEndpoint,missing,,Use EU Endpoint?,Mailgun,,,Utiliser le point de terminaison européen ?,
UseFreeleechToken,missing,,Use Freeleech Token,Gazelle,,,Utiliser un jeton freeleech,
UsenetBlackholeNzbFolderHelpText,missing,,Folder in which Mangarr will store the .nzb file,UsenetBlackhole,,,Dossier dans lequel {appName} enregistrera le fichier .nzb,
UsenetDelayTime,missing,,Usenet Delay: {usenetDelay},,,,Délai usenet : {usenetDelay},
UsenetDisabled,missing,,Usenet disabled,,,,Usenet désactivé,
UserId,missing,,User Id,GoodreadsSettingsBase,,,ID utilisateur,
UserKey,missing,,User Key,Pushover,,,Clé utilisateur,
VersionNumber,missing,,Version: {version},,,,Version : {version},
View,missing,,View,,,,Affichage,
VisitTheWikiForMoreDetails,missing,,Visit the wiki for more details: {wikiLink},,,,Consultez le wiki pour plus de détails : {wikiLink},
VolumeByAuthor,missing,,By: {authorName},,,,Par : {authorName},
VolumeCount,missing,,Volume Count,,,,Nombre de tomes,
VolumeCountTooltip,missing,,"{files} of {released} volumes have a file (monitored and released, or already downloaded)",,,,"{files} tomes sur {released} ont un fichier (surveillés et sortis, ou déjà téléchargés)",
VolumeFileDeleted,missing,,Volume File Deleted,,,,Fichier du tome supprimé,
VolumeFileRenamed,missing,,Volume File Renamed,,,,Fichier du tome renommé,
VolumeFileTagsUpdated,missing,,Volume File Tags Updated,,,,Étiquettes du fichier du tome mises à jour,
VolumeFilesCount,missing,,{count} volume files,,,,{count} fichiers de tomes,
VolumeFilesCountOne,missing,,1 volume file,,,,1 fichier de tome,
VolumeImportIncomplete,missing,,Volume Import Incomplete,,,,Importation du tome incomplète,
VolumeImported,missing,,Volume Imported,,,,Tome importé,
VolumeProgress,missing,,Volume Progress,,,,Progression des tomes,
VolumeReleaseDate,missing,,Volume Release Date,,,,Date de sortie du tome,
VolumeRowTitle,missing,,Vol. {volume},,,,Tome {volume},
VolumeRowTitleWithSubtitle,missing,,Vol. {volume}: {subtitle},,,,Tome {volume} : {subtitle},
VolumeStatus,missing,,Volume Status,,,,État du tome,
WantMoreControlAddACustomFormat,missing,,Want more control over which downloads are preferred? Add a{customFormat},,,,Vous voulez mieux contrôler les téléchargements préférés ? Ajoutez un{customFormat},"{customFormat} is a link whose text is ' Format personnalisé ' (fr CustomFormat, spaces included)"
WatchFolder,missing,,Watch Folder,TorrentBlackhole UsenetBlackhole,,,Dossier surveillé,
WebhookMethodHelpText,missing,,Which HTTP method to use submit to the Webservice,Webhook,,,Méthode HTTP à utiliser pour l'envoi au service web,
WebhookURL,missing,,Webhook URL,Discord Slack,,,URL du webhook,
WebsiteURL,missing,,Website URL,Nyaa Torrentleech,,,URL du site web,
Week,missing,,Week,,,,Semaine,
Wiki,missing,,Wiki,,,,Wiki,
WikiBasedOnReadarr,missing,,Wiki (based on Readarr),,,,Wiki (basé sur Readarr),
WriteAudioTagsScrubHelp,stale,"Remove existing tags from files, leaving only those added by Readarr.","Remove existing tags from files, leaving only those added by Mangarr.",,"Supprimez les balises existantes des fichiers, en ne laissant que celles ajoutées par {appName}.",,"Supprimer les étiquettes existantes des fichiers, en ne gardant que celles ajoutées par {appName}.",
WriteTagsSync,stale,All files; keep in sync with Goodreads,All files; keep in sync with the catalogue,,Tous les fichiers ; rester synchronisé avec Goodreads,,Tous les fichiers ; rester synchronisé avec le catalogue,
Writer,missing,,Writer,,,,Auteur,
XMLRPCPath,missing,,XML RPC Path,Aria2,,,Chemin XML RPC,
YesWithVersion,missing,,Yes ({runtimeVersion}),,,,Oui ({runtimeVersion}),
ServerRejectionAdoptedOriginal,missing,,Adopted original — manage it outside Mangarr,,,,Original adopté — gérez-le en dehors de Mangarr,
ServerRejectionAudiobookCoveredByVolume,missing,,Audiobook covered by Vol. {volume},,,,Livre audio inclus dans le tome {volume},
ServerRejectionAudiobookNotAvailableYet,missing,,Audiobook not available yet for this series,,,,Livre audio pas encore disponible pour cette série,
ServerRejectionAudiobookRelease,missing,,Audiobook release,,,,Version livre audio,
ServerRejectionBlocklisted,missing,,Release is blocklisted,,,,La version est sur liste noire,
ServerRejectionCdhGrabEqualOrHigher,missing,,CDH is disabled and grab event in history is of equal or higher quality: {quality},,,,Le traitement du téléchargement terminé est désactivé et une récupération dans l'historique est de qualité égale ou supérieure : {quality},
ServerRejectionCdhGrabMeetsCutoff,missing,,CDH is disabled and grab event in history already meets cutoff: {quality},,,,Le traitement du téléchargement terminé est désactivé et une récupération dans l'historique atteint déjà le seuil : {quality},
ServerRejectionChapterRelease,missing,,Chapter release with no volume archives,,,,Version par chapitres sans archives de tomes,
ServerRejectionContainsIgnoredTerms,missing,,Contains these ignored terms: {terms},,,,Contient ces termes ignorés : {terms},
ServerRejectionCopyInPending,missing,,Copy-in pending for this series,,,,Importation des fichiers existants en attente pour cette série,
ServerRejectionCustomFormatScoreBelowMinimum,missing,,Custom Formats {formats} have score {score} below Series profile minimum {minimum},,,,"Les formats personnalisés {formats} ont un score de {score}, inférieur au minimum {minimum} du profil de la série",
ServerRejectionDifferentFranchiseLine,missing,,Release names a different line of the franchise: '{line}',,,,La version désigne une autre ligne de la franchise : '{line}',
ServerRejectionDiscographyNotAllReleased,missing,,Discography release rejected. All volumes haven't released yet.,,,,Intégrale rejetée. Tous les tomes ne sont pas encore parus.,
ServerRejectionEarlyRelease,missing,,"Release published date, {date}, is outside of {days} day early grab limit allowed by user",,,,"La date de publication de la version, {date}, dépasse la limite de téléchargement anticipé de {days} jour(s) autorisée par l'utilisateur",
ServerRejectionEditionLanguageMismatch,missing,,"Release is {found}, the series is the {language} edition",,,,"La version est en {found}, la série est l'édition en {language}",
ServerRejectionEditionLanguageMissing,missing,,No {language} language marker on this release (the series is the {language} edition),,,,Aucun marqueur de langue « {language} » dans cette version (la série est l'édition en {language}),
ServerRejectionExistingFileEqualOrHigher,missing,,Existing files on disk is of equal or higher preference: {quality},,,,Les fichiers existants sur le disque ont une préférence égale ou supérieure : {quality},
ServerRejectionExistingFilesMeetCutoff,missing,,Existing files meets cutoff: {quality},,,,Les fichiers existants atteignent déjà le seuil : {quality},
ServerRejectionFullSeriesPack,missing,,Full series pack,,,,Pack complet de la série,
ServerRejectionIndexerBlocked,missing,,"Indexer {indexer} is blocked till {until} due to failures, cannot grab release.",,,,"L'indexeur {indexer} est bloqué jusqu'au {until} en raison d'échecs, impossible de récupérer la version.",
ServerRejectionLanguageChinese,missing,,Chinese,,,,chinois,
ServerRejectionLanguageEnglish,missing,,English,,,,anglais,
ServerRejectionLanguageFrench,missing,,French,,,,français,
ServerRejectionLanguageGerman,missing,,German,,,,allemand,
ServerRejectionLanguageItalian,missing,,Italian,,,,italien,
ServerRejectionLanguageJapanese,missing,,Japanese,,,,japonais,
ServerRejectionLanguageKorean,missing,,Korean,,,,coréen,
ServerRejectionLanguagePortuguese,missing,,Portuguese,,,,portugais,
ServerRejectionLanguageSpanish,missing,,Spanish,,,,espagnol,
ServerRejectionMinimumAge,missing,,"Only {age} minutes old, minimum age is {minimum} minutes",,,,"Seulement {age} minutes d'ancienneté, l'âge minimum est de {minimum} minutes",
ServerRejectionMissingRequiredTerms,missing,,Does not contain one of the required terms: {terms},,,,Ne contient aucun des termes requis : {terms},
ServerRejectionNoArchiveEdition,missing,,No archive edition on this volume,,,,Aucune édition au format archive pour ce tome,
ServerRejectionNoAudioEdition,missing,,No audio edition on this volume,,,,Aucune édition au format audio pour ce tome,
ServerRejectionNoEbookEdition,missing,,No ebook edition on this volume,,,,Aucune édition au format livre numérique pour ce tome,
ServerRejectionNoFileReleaseGroup,missing,,Unable to determine release group for the existing file,,,,Impossible de déterminer le groupe de versions du fichier existant,
ServerRejectionNoReleaseGroup,missing,,Unable to determine release group for this release,,,,Impossible de déterminer le groupe de versions de cette version,
ServerRejectionNotEnoughSeeders,missing,,Not enough seeders: {seeders}. Minimum seeders: {minimum},,,,Pas assez de seeders : {seeders}. Seeders minimum : {minimum},
ServerRejectionOlderThanRetention,missing,,Older than configured retention,,,,Plus ancienne que la rétention configurée,
ServerRejectionProperDisabled,missing,,Proper downloading is disabled,,,,Le téléchargement des versions PROPER est désactivé,
ServerRejectionProperForOldFile,missing,,Proper for old file,,,,PROPER pour un fichier ancien,
ServerRejectionQualityNotWanted,missing,,{quality} is not wanted in profile,,,,{quality} n'est pas souhaité dans le profil,
ServerRejectionQueuedEqualOrHigher,missing,,Release in queue is of equal or higher preference: {quality},,,,La version dans la file d'attente a une préférence égale ou supérieure : {quality},
ServerRejectionQueuedMeetsCutoff,missing,,Release in queue already meets cutoff: {quality},,,,La version dans la file d'attente atteint déjà le seuil : {quality},
ServerRejectionQueuedNoUpgrades,missing,,Another release is queued and the Quality profile does not allow upgrades,,,,Une autre version est en file d'attente et le profil de qualité n'autorise pas les mises à niveau,
ServerRejectionRawCd,missing,,Raw CD release,,,,Version CD brute,
ServerRejectionRecentGrabEqualOrHigher,missing,,Recent grab event in history is of equal or higher quality: {quality},,,,Une récupération récente dans l'historique est de qualité égale ou supérieure : {quality},
ServerRejectionRecentGrabMeetsCutoff,missing,,Recent grab event in history already meets cutoff: {quality},,,,Une récupération récente dans l'historique atteint déjà le seuil : {quality},
ServerRejectionRepackDisabled,missing,,Repack downloading is disabled,,,,Le téléchargement des versions REPACK est désactivé,
ServerRejectionRepackOtherGroup,missing,,Release is a repack for a different release group. Release Group: {group}. File release group: {fileGroup},,,,La version est un REPACK d'un autre groupe de versions. Groupe de versions : {group}. Groupe de versions du fichier : {fileGroup},
ServerRejectionSameReleaseName,missing,,Has same release name as a grabbed and imported release,,,,Même nom qu'une version déjà récupérée et importée,
ServerRejectionSameTorrentHash,missing,,Has same torrent hash as a grabbed and imported release,,,,Même hash de torrent qu'une version déjà récupérée et importée,
ServerRejectionSample,missing,,Sample,,,,Échantillon,
ServerRejectionSearchedAudiobookGotEbook,missing,,"Search asked for an audiobook, release is an ebook",,,,"La recherche portait sur un livre audio, la version est un livre numérique",
ServerRejectionSearchedEbookGotAudiobook,missing,,"Search asked for an ebook, release is an audiobook",,,,"La recherche portait sur un livre numérique, la version est un livre audio",
ServerRejectionSeriesNotMonitored,missing,,Series is not monitored,,,,La série n'est pas surveillée,
ServerRejectionSeriesTagsMismatch,missing,,Series tags do not match any of the indexer tags,,,,Les étiquettes de la série ne correspondent à aucune étiquette de l'indexeur,
ServerRejectionTooBig,missing,,"{size} is too big, maximum size is {maximum} (Settings->Indexers->Maximum Size)",,,,"{size} est trop volumineux, la taille maximum est {maximum} (Paramètres->Indexeurs->Taille maximum)",
ServerRejectionTorrentNotEnabled,missing,,Torrent is not enabled for this series,,,,Torrent n'est pas activé pour cette série,
ServerRejectionUnableToParseRelease,missing,,Unable to parse release,,,,Impossible d'analyser la version,
ServerRejectionUnableToParseVolumes,missing,,Unable to parse volumes from release name,,,,Impossible d'analyser les tomes à partir du nom de la version,
ServerRejectionUnexpectedError,missing,,Unexpected error processing release,,,,Erreur inattendue lors du traitement de la version,
ServerRejectionUnknownSeries,missing,,Unknown Series,,,,Série inconnue,
ServerRejectionUpgradesNotAllowed,missing,,Existing files and the Quality profile does not allow upgrades,,,,Des fichiers existent et le profil de qualité n'autorise pas les mises à niveau,
ServerRejectionUsenetNotEnabled,missing,,Usenet is not enabled for this series,,,,Usenet n'est pas activé pour cette série,
ServerRejectionVolumeNotMonitored,missing,,Volume is not monitored,,,,Le tome n'est pas surveillé,
ServerRejectionVolumeNotRequested,missing,,Volume wasn't requested,,,,Le tome n'a pas été demandé,
ServerRejectionWaitingForBetterQuality,missing,,Waiting for better quality release,,,,En attente d'une version de meilleure qualité,
ServerRejectionWrongSeries,missing,,Wrong series,,,,Mauvaise série,
ServerImportAlreadyImported,missing,,Book has already been imported,,,,Ce tome a déjà été importé,
ServerImportAlreadyImportedAt,missing,,Book already imported at {date},,,,Tome déjà importé le {date},
ServerImportArchiveFileForAudioEdition,missing,,archive file matched to the audio edition,,,,Fichier archive associé à l'édition au format audio,
ServerImportArchiveFileForEbookEdition,missing,,archive file matched to the ebook edition,,,,Fichier archive associé à l'édition au format livre numérique,
ServerImportArchiveFileInLightNovelEntry,missing,,Archive file in a light-novel entry,,,,Fichier archive dans une entrée light novel,
ServerImportAudioFileForArchiveEdition,missing,,audio file matched to the archive edition,,,,Fichier audio associé à l'édition au format archive,
ServerImportAudioFileForEbookEdition,missing,,audio file matched to the ebook edition,,,,Fichier audio associé à l'édition au format livre numérique,
ServerImportAudioFileInMangaEntry,missing,,audio file in a manga entry,,,,Fichier audio dans une entrée manga,
ServerImportCouldNotParseVolume,missing,,Couldn't parse volume from: {file},,,,Impossible d'identifier le tome à partir de : {file},
ServerImportDotUnderscoreFile,missing,,"Invalid music file, filename starts with '._'",,,,"Fichier multimédia non valide, le nom du fichier commence par '._'",
ServerImportEbookFileForArchiveEdition,missing,,ebook file matched to the archive edition,,,,Fichier livre numérique associé à l'édition au format archive,
ServerImportEbookFileForAudioEdition,missing,,ebook file matched to the audio edition,,,,Fichier livre numérique associé à l'édition au format audio,
ServerImportEbookFileInMangaEntry,missing,,ebook file in a manga entry,,,,Fichier livre numérique dans une entrée manga,
ServerImportEbookPdfNotWanted,missing,,Ebook PDF is not wanted in the light-novel profile,,,,Le PDF livre numérique n'est pas souhaité dans le profil light novel,
ServerImportFailed,missing,,Failed to import book.,,,,Échec de l'importation du tome.,
ServerImportFailedCalibre,missing,,"Failed to import book, error communicating with Calibre.  Check log for details.",,,,"Échec de l'importation du tome, erreur de communication avec Calibre. Consultez le journal pour plus de détails.",
ServerImportFailedDestinationExists,missing,,"Failed to import book, destination already exists.",,,,"Échec de l'importation du tome, la destination existe déjà.",
ServerImportFailedPermissions,missing,,"Failed to import book, permissions error",,,,"Échec de l'importation du tome, erreur d'autorisations",
ServerImportFailedRecycleBin,missing,,"Failed to import book, unable to move existing file to the Recycle Bin.",,,,"Échec de l'importation du tome, impossible de déplacer le fichier existant vers la Poubelle de recyclage.",
ServerImportFailedRootFolderMissing,missing,,"Failed to import book, root folder missing.",,,,"Échec de l'importation du tome, dossier racine manquant.",
ServerImportFailedToAddSeries,missing,,Failed to add missing series,,,,Impossible d'ajouter la série manquante,
ServerImportFailedToAddVolume,missing,,Failed to add missing volume,,,,Impossible d'ajouter le tome manquant,
ServerImportFileLocked,missing,,"Locked file, try again later",,,,"Fichier verrouillé, réessayez plus tard",
ServerImportFolderNotInRootFolder,missing,,Destination folder {path} is not in a Root Folder,,,,Le dossier de destination {path} n'est pas dans un dossier racine,
ServerImportMatchNotCloseEnough,missing,,Volume match is not close enough: {match} vs {threshold} {reasons},,,,La correspondance du tome n'est pas assez proche : {match} contre {threshold} {reasons},
ServerImportNoSimilarVolume,missing,,Couldn't find similar volume for {folders},,,,Aucun tome similaire trouvé pour {folders},
ServerImportNotAnUpgrade,missing,,Not an upgrade for existing book file(s),,,,Ce n'est pas une mise à niveau des fichiers de tome existants,
ServerImportNotEnoughFreeSpace,missing,,Not enough free space,,,,Espace libre insuffisant,
ServerImportSameFileSize,missing,,Has the same filesize as existing file,,,,A la même taille que le fichier existant,
ServerImportSeriesFolderNotInRootFolder,missing,,Destination series folder {path} is not in a Root Folder,,,,Le dossier de série de destination {path} n'est pas dans un dossier racine,
ServerImportStillUnpacking,missing,,File is still being unpacked,,,,Le fichier est encore en cours de décompression,
ServerImportUnableToParseFile,missing,,Unable to parse file,,,,Impossible d'analyser le fichier,
ServerImportUnexpectedError,missing,,Unexpected error processing file,,,,Erreur inattendue lors du traitement du fichier,
ServerImportUnknownSeriesForFile,missing,,Unknown Series for file: {file},,,,Série inconnue pour le fichier : {file},
ServerQueueChapterRip,missing,,"Chapter-numbered rip: {chapters} of {files} comic files are per-chapter, no volume files",,,,"Rip numéroté par chapitres : {chapters} fichiers BD sur {files} sont des chapitres, aucun fichier de tome",
ServerQueueInvalidLocalPath,missing,,[{path}] is not a valid local path. You may need a Remote Path Mapping.,,,,[{path}] n'est pas un chemin local valide. Vous avez peut-être besoin d'un mappage de chemin distant.,
ServerQueueNoEligibleFiles,missing,,No files found are eligible for import in {path},,,,Aucun fichier importable trouvé dans {path},
ServerQueueNoIntermediatePath,missing,,"Download doesn't contain intermediate path, Skipping.",,,,"Le téléchargement ne contient pas de chemin intermédiaire, ignoré.",
ServerQueueNotGrabbedByMangarr,missing,,"Download wasn't grabbed by Mangarr, skipping",,,,"Ce téléchargement n'a pas été récupéré par Mangarr, ignoré",
ServerQueueNotGrabbedNoCategory,missing,,"Download wasn't grabbed by Mangarr and not in a category, Skipping.",,,,"Ce téléchargement n'a pas été récupéré par Mangarr et n'est dans aucune catégorie, ignoré.",
ServerQueueOnlyArchiveFiles,missing,,"Download contains only archive files, which no monitored edition of the grabbed volume(s) can hold",,,,"Le téléchargement ne contient que des fichiers archive, qu'aucune édition surveillée du ou des tomes récupérés ne peut accueillir",
ServerQueueOnlyAudiobookFiles,missing,,"Download contains only audiobook files, which no monitored edition of the grabbed volume(s) can hold",,,,"Le téléchargement ne contient que des fichiers livre audio, qu'aucune édition surveillée du ou des tomes récupérés ne peut accueillir",
ServerQueueOnlyEbookFiles,missing,,"Download contains only ebook files, which no monitored edition of the grabbed volume(s) can hold",,,,"Le téléchargement ne contient que des fichiers livre numérique, qu'aucune édition surveillée du ou des tomes récupérés ne peut accueillir",
ServerProgressAdoptingExistingFiles,missing,,Adopting existing files for {series},,,,Adoption des fichiers existants pour {series},
ServerProgressAllAudioFilesRetagged,missing,,All audio files re-tagged for {series},,,,Tous les fichiers audio réétiquetés pour {series},
ServerProgressAllEbookFilesRetagged,missing,,All ebook files re-tagged for {series},,,,Tous les fichiers de livres numériques réétiquetés pour {series},
ServerProgressAllVolumeFilesRenamed,missing,,All volume files renamed for {series},,,,Tous les fichiers de tome renommés pour {series},
ServerProgressAutoUpdateNotEnabled,missing,,"Auto-update not enabled, not installing available update.",,,,"La mise à jour automatique n'est pas activée, la mise à jour disponible n'est pas installée.",
ServerProgressBackingUpConfig,missing,,Backing up config.xml,,,,Sauvegarde de config.xml,
ServerProgressBackingUpDatabase,missing,,Backing up database,,,,Sauvegarde de la base de données,
ServerProgressBackupZipCreated,missing,,Backup zip created,,,,Archive zip de sauvegarde créée,
ServerProgressCheckingForUpdates,missing,,Checking for updates,,,,Recherche de mises à jour,
ServerProgressCompleted,missing,,Completed,,,,Terminé,
ServerProgressCompletedTestCommand,missing,,Completed Test command,,,,Commande de test terminée,
ServerProgressCreatingBackupZip,missing,,Creating backup zip,,,,Création de l'archive zip de sauvegarde,
ServerProgressDeliveryFormatIsEpub,missing,,Delivery format is EPUB — nothing to convert,,,,Le format de livraison est EPUB — rien à convertir,
ServerProgressDeveloperEnvironment,missing,,"Running in developer environment, not updating.",,,,"Exécution dans un environnement de développement, pas de mise à jour.",
ServerProgressDownloadingUpdate,missing,,Downloading update {version},,,,Téléchargement de la mise à jour {version},
ServerProgressEbooksGoToEntryFolder,missing,,Ebooks go to the entry folder — conversion needs a calibre library,,,,Les livres numériques vont dans le dossier de l'entrée — la conversion nécessite une bibliothèque calibre,
ServerProgressExtractingUpdate,missing,,Extracting Update package,,,,Extraction du paquet de mise à jour,
ServerProgressFailedToImport,missing,,Failed to import,,,,Échec de l'importation,
ServerProgressFileDatesChanged,missing,,Changed file date for {changed} files of {total} in {series},,,,Date de fichier modifiée pour {changed} fichiers sur {total} dans {series},
ServerProgressFinishedMovingSeries,missing,,Finished moving {count} series to '{rootFolder}',,,,Déplacement de {count} séries vers '{rootFolder}' terminé,
ServerProgressGcdMetadataUpdateComplete,missing,,GCD metadata update check complete,,,,Vérification des mises à jour des métadonnées GCD terminée,
ServerProgressGroupingTracks,missing,,Grouping {count} tracks,,,,Regroupement de {count} fichiers,
ServerProgressIdentifyingVolume,missing,,Identifying volume {current}/{total},,,,Identification du tome {current}/{total},
ServerProgressImportListSyncCompleted,missing,,"Import List Sync Completed. Items found: {items}, Series added: {series}, Volumes added: {volumes}",,,,"Synchronisation des listes d'importation terminée. Éléments trouvés : {items}, séries ajoutées : {series}, tomes ajoutés : {volumes}",
ServerProgressImportingFiles,missing,,Importing {count} files,,,,Importation de {count} fichiers,
ServerProgressImportingVolume,missing,,Importing volume {current}/{total} {volume},,,,Importation du tome {current}/{total} {volume},
ServerProgressLightNovelsConverted,missing,,"Converted {converted} book(s) to {format}, {alreadyHad} already had it, {failed} failed",,,,"{converted} livre(s) converti(s) en {format}, {alreadyHad} déjà dans ce format, {failed} en échec",
ServerProgressLightNovelsConvertedSkipped,missing,,"Converted {converted} book(s) to {format}, {alreadyHad} already had it, {skipped} skipped (PDF only), {failed} failed",,,,"{converted} livre(s) converti(s) en {format}, {alreadyHad} déjà dans ce format, {skipped} ignoré(s) (PDF uniquement), {failed} en échec",
ServerProgressMajorUpdateManual,missing,,"Unable to install major update, please update update manually from System: Updates",,,,"Impossible d'installer la mise à jour majeure, veuillez effectuer la mise à jour manuellement depuis Système : Mises à jour",
ServerProgressManuallyImportedFiles,missing,,Manually imported {count} files,,,,{count} fichiers importés manuellement,
ServerProgressMissingSearch,missing,,Performing missing search for {editions} volume editions across {searches} series searches,,,,Recherche des manquants pour {editions} éditions de tomes en {searches} recherches de série,
ServerProgressMissingSearchCompleted,missing,,Completed search for {editions} volume editions. {count} reports downloaded.,,,,Recherche terminée pour {editions} éditions de tomes. {count} versions téléchargées.,
ServerProgressMovingSeries,missing,,Moving {series} from '{source}' to '{destination}',,,,Déplacement de {series} de '{source}' vers '{destination}',
ServerProgressMovingSeriesCounted,missing,,Moving {series} from '{source}' to '{destination}' ({current}/{total}),,,,Déplacement de {series} de '{source}' vers '{destination}' ({current}/{total}),
ServerProgressMovingSeriesToRootFolder,missing,,Moving {count} series to '{rootFolder}',,,,Déplacement de {count} séries vers '{rootFolder}',
ServerProgressNoFileDatesChanged,missing,,No file dates changed for {series},,,,Aucune date de fichier modifiée pour {series},
ServerProgressNoListItems,missing,,No list items to process,,,,Aucun élément de liste à traiter,
ServerProgressNoResultsFound,missing,,No results found,,,Aucun résultat trouvé,Aucun résultat trouvé,
ServerProgressNoUpdateAvailable,missing,,No update available,,,,Aucune mise à jour disponible,
ServerProgressNotACbzArchive,missing,,{file} is not a CBZ archive; page order not flipped,,,,{file} n'est pas une archive CBZ ; l'ordre des pages n'a pas été inversé,
ServerProgressNotALightNovelEntry,missing,,Series {id} is not a light-novel entry; nothing to import,,,,La série {id} n'est pas une entrée light novel ; rien à importer,
ServerProgressPageOrderFlipped,missing,,Page order flipped for {file},,,,Ordre des pages inversé pour {file},
ServerProgressPdfConversionMangaOnly,missing,,PDF to CBZ conversion is for manga only,,,,La conversion PDF vers CBZ est réservée aux mangas,
ServerProgressPdfConversionUnavailable,missing,,PDF conversion unavailable: poppler (pdfimages) is not installed,,,,Conversion PDF indisponible : poppler (pdfimages) n'est pas installé,
ServerProgressPdfVolumesConverted,missing,,"Converted {converted} PDF volume(s) to CBZ, {failed} failed",,,,"{converted} tome(s) PDF converti(s) en CBZ, {failed} en échec",
ServerProgressProcessingFile,missing,,Processing file {current} of {total},,,,Traitement du fichier {current} sur {total},
ServerProgressProcessingListItem,missing,,Processing list item {current}/{total},,,,Traitement de l'élément de liste {current}/{total},
ServerProgressProcessingListItems,missing,,Processing {count} list items,,,,Traitement de {count} éléments de liste,
ServerProgressProcessingRelease,missing,,Processing release {current}/{total},,,,Traitement de la version {current}/{total},
ServerProgressProcessingReleases,missing,,Processing {count} releases,,,,Traitement de {count} versions,
ServerProgressReResolveResult,missing,,"{changed} changed, {blocked} blocked, {failed} failed",,,,"{changed} modifiés, {blocked} bloqués, {failed} en échec",
ServerProgressReadingFile,missing,,Reading file {current}/{total},,,,Lecture du fichier {current}/{total},
ServerProgressRenamingAllFiles,missing,,Renaming all files in series: {series},,,,Renommage de tous les fichiers de la série : {series},
ServerProgressRenamingFiles,missing,,Renaming {count} files for {series},,,,Renommage de {count} fichiers pour {series},
ServerProgressReportSent,missing,,Report sent to {downloadClient} from indexer {indexer}. {title},,,,Version envoyée à {downloadClient} depuis l'indexeur {indexer}. {title},
ServerProgressReportsFound,missing,,Total of {count} reports were found for {criteria} from {indexers} indexers,,,,{count} résultats trouvés au total pour {criteria} sur {indexers} indexeurs,
ServerProgressRestartingShortly,missing,,Mangarr will restart shortly.,,,,{appName} va redémarrer sous peu.,
ServerProgressRestartingToApplyUpdates,missing,,Restarting Mangarr to apply updates,,,,Redémarrage de {appName} pour appliquer les mises à jour,
ServerProgressRetaggingAllAudioFiles,missing,,Re-tagging all audio files for series: {series},,,,Réétiquetage de tous les fichiers audio de la série : {series},
ServerProgressRetaggingAllEbookFiles,missing,,Re-tagging all ebook files for series: {series},,,,Réétiquetage de tous les fichiers de livres numériques de la série : {series},
ServerProgressRetaggingAudioFiles,missing,,Re-tagging {count} audio files for {series},,,,Réétiquetage de {count} fichiers audio pour {series},
ServerProgressRetaggingEbookFiles,missing,,Re-tagging {count} ebook files for {series},,,,Réétiquetage de {count} fichiers de livres numériques pour {series},
ServerProgressRssSyncCompleted,missing,,"RSS Sync Completed. Reports found: {found}, Reports grabbed: {grabbed}",,,,"Synchronisation RSS terminée. Résultats trouvés : {found}, récupérés : {grabbed}",
ServerProgressRssSyncCompletedPending,missing,,"RSS Sync Completed. Reports found: {found}, Reports grabbed: {grabbed}, Reports pending: {pending}",,,,"Synchronisation RSS terminée. Résultats trouvés : {found}, récupérés : {grabbed}, en attente : {pending}",
ServerProgressScanning,missing,,Scanning {path},,,,Analyse de {path},
ServerProgressSearchingIndexers,missing,,Searching indexers for {criteria}. {count} active indexers,,,,Recherche sur les indexeurs pour {criteria}. {count} indexeurs actifs,
ServerProgressSelectedAudioFilesRetagged,missing,,Selected audio files re-tagged for {series},,,,Fichiers audio sélectionnés réétiquetés pour {series},
ServerProgressSelectedEbookFilesRetagged,missing,,Selected ebook files re-tagged for {series},,,,Fichiers de livres numériques sélectionnés réétiquetés pour {series},
ServerProgressSelectedVolumeFilesRenamed,missing,,Selected volume files renamed for {series},,,,Fichiers de tome sélectionnés renommés pour {series},
ServerProgressSeriesAlreadyInLocation,missing,,{series} is already in the specified location '{destination}'.,,,,{series} se trouve déjà à l'emplacement indiqué '{destination}'.,
ServerProgressSeriesMoved,missing,,{series} moved successfully to {destination},,,,Déplacement de {series} vers {destination} réussi,
ServerProgressSeriesSearchCompleted,missing,,Series search completed. {count} reports downloaded.,,,,Recherche de série terminée. {count} versions téléchargées.,
ServerProgressSkipped,missing,,Skipped,,,,Ignoré,
ServerProgressStartingBackup,missing,,Starting Backup,,,,Démarrage de la sauvegarde,
ServerProgressStartingImportListRefresh,missing,,Starting Import List Refresh for List {list},,,,Démarrage de l'actualisation de la liste d'importation {list},
ServerProgressStartingImportListSync,missing,,Starting Import List Sync,,,,Démarrage de la synchronisation des listes d'importation,
ServerProgressStartingRssSync,missing,,Starting RSS Sync,,,,Démarrage de la synchronisation RSS,
ServerProgressStartingTestCommand,missing,,Starting Test command. duration {duration},,,,Démarrage de la commande de test. Durée {duration},
ServerProgressStartingUpdateScript,missing,,Starting update script: {path},,,,Lancement du script de mise à jour : {path},
ServerProgressSyncingAudiobookshelfTitles,missing,,Syncing Audiobookshelf titles for {series},,,,Synchronisation des titres Audiobookshelf pour {series},
ServerProgressSyncingCalibreTitles,missing,,Syncing calibre titles for {series},,,,Synchronisation des titres calibre pour {series},
ServerProgressUpdateAvailableUseMechanism,missing,,"Update available, please use {mechanism} to install",,,,"Mise à jour disponible, veuillez utiliser {mechanism} pour l'installer",
ServerProgressUpdaterDisabledInDocker,missing,,Built-In updater disabled inside a docker container. Please update the container image.,,,,Programme de mise à jour intégré désactivé dans un conteneur Docker. Veuillez mettre à jour l'image du conteneur.,
ServerProgressUpdaterDisabledUseMechanism,missing,,"Built-In updater disabled, please use {mechanism} to install",,,,"Programme de mise à jour intégré désactivé, veuillez utiliser {mechanism} pour installer",
ServerProgressUpdatingInfo,missing,,Updating Info for {title},,,,Mise à jour des informations de {title},
ServerProgressVerifyingUpdate,missing,,Verifying update package,,,,Vérification du paquet de mise à jour,
ServerProgressVolumeNotFound,missing,,Volume not found,,,,Tome introuvable,
ServerProgressVolumeSearchCompleted,missing,,Volume search completed. {count} reports downloaded.,,,,Recherche de tome terminée. {count} versions téléchargées.,
ServerProgressLightNovelArchiveSeriesSearch,missing,,One Archive series search for {count} volumes of {series},,,,Une recherche de série (archives) pour {count} tomes de {series},
ServerProgressLightNovelAudioSeriesSearch,missing,,One Audio series search for {count} volumes of {series},,,,Une recherche de série (livres audio) pour {count} tomes de {series},
ServerProgressLightNovelEbookSeriesSearch,missing,,One Ebook series search for {count} volumes of {series},,,,Une recherche de série (livres numériques) pour {count} tomes de {series},
ServerProgressManuallyImportingFilesAuto,missing,,Manually importing {count} files using mode Auto,,,,Importation manuelle de {count} fichiers en mode automatique,
ServerProgressManuallyImportingFilesCopy,missing,,Manually importing {count} files using mode Copy,,,,Importation manuelle de {count} fichiers en mode copie,
ServerProgressManuallyImportingFilesMove,missing,,Manually importing {count} files using mode Move,,,,Importation manuelle de {count} fichiers en mode déplacement,
ServerProgressUpdateAvailableUseExternal,missing,,"Update available, please use External to install",,,,"Mise à jour disponible, veuillez utiliser « Externe » pour l'installer",
ServerProgressUpdaterDisabledUseExternal,missing,,"Built-In updater disabled, please use External to install",,,,"Programme de mise à jour intégré désactivé, veuillez utiliser « Externe » pour installer",
ServerValidationAllQualities,missing,,Must contain all qualities,,,,Doit contenir toutes les qualités,
ServerValidationAllowed,missing,,Must contain at least one allowed quality,,,,Doit contenir au moins une qualité autorisée,
ServerValidationAllowedCharactersLettersDash,missing,,Allowed characters a-z and -,,,,Caractères autorisés : a-z et -,
ServerValidationAllowedCharactersLowercaseDigitsDash,missing,,"Allowed characters a-z, 0-9 and -",,,,"Caractères autorisés : a-z, 0-9 et -",
ServerValidationApiKeyRequired,missing,,API Key is required,,,,La clé API est obligatoire,
ServerValidationApiKeyRequiredWithoutLogin,missing,,API Key is required when username/password are not configured,,,,La clé API est obligatoire si le nom d'utilisateur et le mot de passe ne sont pas configurés,
ServerValidationAudioHomeUnknown,missing,,Must be Entry Folder or Audiobookshelf Library,,,,Doit être « Dossier de l'entrée » ou « Bibliothèque Audiobookshelf »,
ServerValidationAuthenticateApp,missing,,Authenticate app.,,,,Authentifiez l'application.,
ServerValidationAuthorAncestor,missing,,Path '{path}' is an ancestor of an existing series,,,,Le chemin '{path}' est un dossier parent d'une série existante,
ServerValidationAuthorExists,missing,,This series has already been added,,,,Cette série a déjà été ajoutée,
ServerValidationAuthorFolderAsRootFolder,missing,,Root folder path '{rootFolderPath}' contains series folder '{authorFolder}',,,,Le chemin du dossier racine '{rootFolderPath}' contient le dossier de série '{authorFolder}',
ServerValidationAuthorPath,missing,,Path '{path}' is already configured for another series,,,,Le chemin '{path}' est déjà configuré pour une autre série,
ServerValidationBranchRequired,missing,,"Branch name is required, 'master' is the default",,,,"Le nom de la branche est obligatoire, 'master' est la valeur par défaut",
ServerValidationCalibreLibraryAlreadyRootFolder,missing,,Calibre library is already configured as a root folder,,,,La bibliothèque Calibre est déjà configurée comme dossier racine,
ServerValidationCannotBeRoot,missing,,Cannot be set to '/',,,,Ne peut pas être '/',
ServerValidationCannotStartWithSlash,missing,,Cannot start with /,,,,Ne peut pas commencer par /,
ServerValidationCategoryAndDirectory,missing,,Cannot use Category and Directory,,,,Impossible d'utiliser à la fois « Catégorie » et « Répertoire »,
ServerValidationCategoryRecommended,missing,,A category is recommended,,,,Une catégorie est recommandée,
ServerValidationCategorySlashes,missing,,"Can not contain '\', '//', or start/end with '/'",,,,"Ne peut pas contenir '\' ni '//', ni commencer ou se terminer par '/'",
ServerValidationChooseAudiobookshelfLibrary,missing,,Choose the Audiobookshelf Library,,,,Choisissez la Bibliothèque Audiobookshelf,
ServerValidationConfigurationKeyOrStatelessUrls,missing,,Use either Configuration Key or Stateless URLs,,,,"Utilisez soit « Clé de configuration Apprise », soit « URL sans état Apprise »",
ServerValidationCoveredByVolumeInvalid,missing,,Covered-by volume must be another volume of this series and not one covered by this volume,,,,"« Inclus dans le tome » doit désigner un autre tome de cette série, et non un tome inclus dans ce tome",
ServerValidationDelayProfileTagInUse,missing,,One or more tags is used in another profile,,,,Une ou plusieurs étiquettes sont utilisées dans un autre profil,
ServerValidationDirectMessagingRecommended,missing,,"Using Direct Messaging is recommended, or use a private account.",,,,"L'utilisation des messages privés est recommandée, sinon utilisez un compte privé.",
ServerValidationDownloadClientExists,missing,,Download Client does not exist,,,,Le client de téléchargement n'existe pas,
ServerValidationEbookHomeUnknown,missing,,Must be Entry Folder or Calibre Library,,,,Doit être « Dossier de l'entrée » ou « Bibliothèque Calibre »,
ServerValidationEmptyCollection,missing,,Collection Must Be Empty,,,,La collection doit être vide,
ServerValidationFileExists,missing,,File '{file}' does not exist,,,,Le fichier '{file}' n'existe pas,
ServerValidationFolderChmod,missing,,Must contain a valid Unix permissions octal,,,,Doit contenir des autorisations Unix valides en octal,
ServerValidationFolderWritable,missing,,Folder '{path}' is not writable by user '{user}',,,,Le dossier '{path}' n'est pas accessible en écriture pour l'utilisateur '{user}',
ServerValidationGreaterThanZero,missing,,Should be greater than zero,,,,Doit être supérieur à zéro,
ServerValidationGroupItem,missing,,Groups must contain multiple qualities,,,,Les groupes doivent contenir plusieurs qualités,
ServerValidationGuid,missing,,String is not a valid Guid,,,,La chaîne n'est pas un GUID valide,
ServerValidationHostWithoutProtocol,missing,,must be valid Host without http://,,,,"doit être un hôte valide, sans http://",
ServerValidationHttpProtocol,missing,,must start with http:// or https://,,,,doit commencer par http:// ou https://,
ServerValidationIllegalCharacters,missing,,Contains illegal characters: {InvalidCharacters},,,,Contient des caractères non autorisés : {InvalidCharacters},
ServerValidationImportListExclusionExists,missing,,This exclusion has already been added.,,,,Cette exclusion a déjà été ajoutée.,
ServerValidationInvalidFileNames,missing,,Produces invalid file names,,,,Produit des noms de fichiers non valides,
ServerValidationInvalidOutputFormats,missing,,Invalid output formats,,,,Formats de sortie non valides,
ServerValidationInvalidSslCertificate,missing,,Invalid SSL certificate file or password,,,,Fichier de certificat SSL ou mot de passe non valide,
ServerValidationInvalidTopic,missing,,Invalid topic,,,,Sujet non valide,
ServerValidationItemGroupId,missing,,Groups must have an ID,,,,Les groupes doivent avoir un ID,
ServerValidationItemGroupName,missing,,Groups must have a name,,,,Les groupes doivent avoir un nom,
ServerValidationLightNovelFormatUnknown,missing,,"Must be one of epub, azw3, kepub",,,,"Doit être epub, azw3 ou kepub",
ServerValidationMappedNetworkDrive,missing,,Mapped Network Drive and Windows Service,,,,Lecteur réseau mappé et service Windows,
ServerValidationMetadataProfileExists,missing,,Metadata profile does not exist,,,,Le profil de métadonnées n'existe pas,
ServerValidationMustBeUnique,missing,,Must be unique.,,,,Doit être unique.,
ServerValidationMustContainAuthorNameToken,missing,,Must contain Author name,,,,Doit contenir le jeton Author Name,
ServerValidationMustContainMangarr,missing,,Must contain Mangarr,,,,Doit contenir {appName},
ServerValidationMustMatchPassword,missing,,Must match Password,,,,Doit correspondre au mot de passe,
ServerValidationNeededForAudiobookshelf,missing,,Needed while audiobooks go to Audiobookshelf,,,,Nécessaire tant que les livres audio vont dans Audiobookshelf,
ServerValidationNeededForCalibre,missing,,Needed while ebooks go to Calibre,,,,Nécessaire tant que les livres numériques vont dans Calibre,
ServerValidationNoLanguageEditionInCatalogue,missing,,No {language} edition of this series in the catalogue,,,,Aucune édition en {language} de cette série dans le catalogue,
ServerValidationNoNovelLineInChainLanguage,missing,,No novel line in any chain language,,,,Aucune édition light novel dans les langues de l'édition préférée,
ServerValidationNoneReservedProfileName,missing,,'None' is a reserved profile name,,,,'None' est un nom de profil réservé,
ServerValidationNotInCatalogueAsLightNovel,missing,,Not in the catalogue as a light novel yet,,,,Pas encore dans le catalogue en tant que light novel,
ServerValidationNotInsideSystemFolder,missing,,Must not be a descendant of '{systemFolder}',,,,Ne doit pas se trouver dans '{systemFolder}',
ServerValidationPasswordEmpty,missing,,Password must not be empty.,,,,Le mot de passe ne doit pas être vide.,
ServerValidationPasswordRequiredWithoutApiKey,missing,,Password is required when API key is not configured,,,,Le mot de passe est obligatoire si la clé API n'est pas configurée,
ServerValidationPath,missing,,Invalid Path: '{path}',,,,Chemin non valide : '{path}',
ServerValidationPathExists,missing,,Path '{path}' does not exist,,,,Le chemin '{path}' n'existe pas,
ServerValidationPathPairIncomplete,missing,,"Set both paths, or leave both blank",,,,Renseignez les deux chemins ou laissez-les tous deux vides,
ServerValidationPreferredEditionInvalid,missing,,"Preferred Edition must be language codes separated by commas, such as fr,en",,,,"« Édition préférée » doit contenir des codes de langue séparés par des virgules, par exemple fr,en",
ServerValidationProfileCustomFormatsMismatch,missing,,All Custom Formats and no extra ones need to be present inside your Profile! Try refreshing your browser.,,,,"Tous les formats personnalisés, et aucun autre, doivent figurer dans votre profil ! Essayez d'actualiser votre navigateur.",
ServerValidationQualityName,missing,,Individual qualities should not be named,,,,Les qualités individuelles ne doivent pas être nommées,
ServerValidationQualityProfileExists,missing,,Quality Profile does not exist,,,,Le profil de qualité n'existe pas,
ServerValidationRecycleBin,missing,,Path '{path}' is {relationship} configured recycle bin folder,,,,Le chemin '{path}' est {relationship} dossier « Poubelle de recyclage » configuré,
ServerValidationRegexPatternEmpty,missing,,Regex Pattern must not be empty,,,,Le motif regex ne doit pas être vide,
ServerValidationRelationshipChildOf,missing,,child of,,,,un sous-dossier du,
ServerValidationRelationshipSetTo,missing,,set to,,,,identique au,
ServerValidationRootFolder,missing,,Path '{path}' is already configured as a root folder,,,,Le chemin '{path}' est déjà configuré comme dossier racine,
ServerValidationRootFolderAncestor,missing,,Path '{path}' is an ancestor of an existing root folder,,,,Le chemin '{path}' est un dossier parent d'un dossier racine existant,
ServerValidationRootUrl,missing,,must be valid URL that starts with http(s)://,,,,doit être une URL valide commençant par http(s)://,
ServerValidationRssSyncInterval,missing,,Must be between 10 and 120 or 0 to disable,,,,"Doit être compris entre 10 et 120, ou 0 pour désactiver",
ServerValidationScriptArgumentsUnsupported,missing,,Arguments are no longer supported for custom scripts,,,,Les arguments ne sont plus pris en charge pour les scripts personnalisés,
ServerValidationSeriesAlreadyAddedAs,missing,,This series has already been added as '{title}',,,,Cette série a déjà été ajoutée sous le nom '{title}',
ServerValidationSeriesIdNotFound,missing,,A series with this ID was not found,,,,Aucune série avec cet ID n'a été trouvée,
ServerValidationSeriesNameTooShort,missing,,Series name must be at least 2 characters,,,,Le nom de la série doit comporter au moins 2 caractères,
ServerValidationShouldBeUnique,missing,,Should be unique,,,,Doit être unique,
ServerValidationStartupFolder,missing,,Path '{path}' cannot be {relationship} the start up folder,,,,Le chemin '{path}' ne peut pas être {relationship} répertoire de démarrage,
ServerValidationStatelessUrlsNoTags,missing,,Stateless URLs do not support tags,,,,« URL sans état Apprise » ne prend pas en charge les étiquettes,
ServerValidationSystemFolder,missing,,Path '{path}' is {relationship} system folder {systemFolder},,,,Le chemin '{path}' est {relationship} dossier système {systemFolder},
ServerValidationTopicIdGreaterThanOne,missing,,Topic ID must be greater than 1 or empty,,,,L'ID du sujet doit être supérieur à 1 ou vide,
ServerValidationUiLanguageInvalid,missing,,The UI Language value cannot be less than 1,,,,La valeur de « Langue de l'IU » ne peut pas être inférieure à 1,
ServerValidationUnableToParse,missing,,Unable to parse,,,,Analyse impossible,
ServerValidationUnderMinimumLeadsToHitAndRun,missing,,Under {minimum} leads to H&R,,,,"En dessous de {minimum}, risque de H&R",
ServerValidationUniqueId,missing,,Groups must have a unique ID,,,,Les groupes doivent avoir un ID unique,
ServerValidationUniqueQualityId,missing,,Qualities can only be used once,,,,Chaque qualité ne peut être utilisée qu'une fois,
ServerValidationUnknownLanguages,missing,,Unknown languages,,,,Langues inconnues,
ServerValidationUrl,missing,,Invalid Url: '{url}',,,,URL non valide : '{url}',
ServerValidationUrlBaseExample,missing,,Must be a valid URL path (ie: '{example}'),,,,Doit être un chemin d'URL valide (par ex. : '{example}'),
ServerValidationUseDeviceNames,missing,,Use Device Names instead,,,,Utilisez plutôt « Noms des appareils »,
ServerValidationUseDirectDownloadUrl,missing,,Use Direct Download Url (;download),,,,Utilisez l'URL de téléchargement direct (;download),
ServerValidationUsernameEmpty,missing,,Username must not be empty.,,,,Le nom d'utilisateur ne doit pas être vide.,
ServerValidationUsernameRequiredWithoutApiKey,missing,,Username is required when API key is not configured,,,,Le nom d'utilisateur est obligatoire si la clé API n'est pas configurée,
ServerValidationValidCutoff,missing,,Cutoff must be an allowed quality or group,,,,Le seuil doit être une qualité ou un groupe autorisé,
ServerValidationValidStandardTrackFormat,missing,,"Must contain Book Title AND PartNumber, OR Volume, OR Original Title",,,,"Doit contenir Book Title ET PartNumber, OU Volume, OU Original Title",
ServerValidationVolumeIdNotFound,missing,,A volume with this ID was not found,,,,Aucun tome avec cet ID n'a été trouvé,
ServerValidationWildcardOrIpAddress,missing,,Must contain wildcard (*) or a valid IP Address,,,,Doit contenir un caractère générique (*) ou une adresse IP valide,
ServerTestAbortedByError,missing,,Test was aborted due to an error: {error},,,,Le test a été interrompu par une erreur : {error},
ServerTestApiKeyIncorrect,missing,,API Key Incorrect,,,,Clé API incorrecte,
ServerTestApiKeyRequired,missing,,API Key Required,,,,Clé API requise,
ServerTestAria2VersionTooLow,missing,,Aria2 version should be at least 1.34.0. Version reported is {version},,,,La version d'Aria2 doit être au moins 1.34.0. Version signalée : {version},
ServerTestAuthenticationFailed,missing,,Authentication failed,,,,L'authentification a échoué,
ServerTestAuthenticationFailure,missing,,Authentication failure,,,,Échec de l'authentification,
ServerTestCategoryMissing,missing,,Category does not exist,,,,La catégorie n'existe pas,
ServerTestCategoryNotSupported,missing,,Category is not supported,,,,Les catégories ne sont pas prises en charge,
ServerTestCategoryRecommended,missing,,Category is recommended,,,,Une catégorie est recommandée,
ServerTestDisableDateSorting,missing,,Disable Date Sorting,,,,Désactivez « Date Sorting »,
ServerTestDisableMovieSorting,missing,,Disable Movie Sorting,,,,Désactivez « Movie Sorting »,
ServerTestDisableTvSorting,missing,,Disable TV Sorting,,,,Désactivez « TV Sorting »,
ServerTestDownloadStationApiVersionUnsupported,missing,,"Download Station API version not supported, should be at least 2. It supports from {minVersion} to {maxVersion}",,,,"Version de l'API Download Station non prise en charge, la version 2 au minimum est requise. Download Station prend en charge les versions {minVersion} à {maxVersion}",
ServerTestEnableJobFolders,missing,,Enable Job folders,,,,Activez « Job folders »,
ServerTestFolderMissing,missing,,Folder does not exist,,,,Le dossier n'existe pas,
ServerTestGroupMissing,missing,,Group does not exist,,,,Le groupe n'existe pas,
ServerTestHadoukenApiUnsupported,missing,,"Old Hadouken client with unsupported API, need 5.1 or higher",,,,"Client Hadouken trop ancien, son API n'est pas prise en charge : la version 5.1 ou supérieure est requise",
ServerTestLabelConfigurationFailed,missing,,Configuration of label failed,,,,Échec de la configuration de l'étiquette,
ServerTestLabelPluginNotActivated,missing,,Label plugin not activated,,,,Le plugin Label n'est pas activé,
ServerTestNoDefaultDestination,missing,,No default destination,,,,Aucune destination par défaut,
ServerTestNzbListFailed,missing,,Failed to get the list of NZBs: {error},,,,Impossible de récupérer la liste des NZB : {error},
ServerTestNzbVortexNeedsUpdate,missing,,NZBVortex needs to be updated,,,,NZBVortex doit être mis à jour,
ServerTestNzbgetKeepHistoryTooHigh,missing,,NzbGet setting KeepHistory should be less than 25000,,,,Le paramètre KeepHistory de NZBGet doit être inférieur à 25000,
ServerTestNzbgetKeepHistoryTooLow,missing,,NzbGet setting KeepHistory should be greater than 0,,,,Le paramètre KeepHistory de NZBGet doit être supérieur à 0,
ServerTestNzbgetVersionTooLow,missing,,"Nzbget version too low, need 12.0 or higher",,,,Version de NZBGet trop ancienne : la version 12.0 ou supérieure est requise,
ServerTestQbittorrentRemovesAtShareRatioLimit,missing,,qBittorrent is configured to remove torrents when they reach their Share Ratio Limit,,,,qBittorrent est configuré pour supprimer les torrents lorsqu'ils atteignent leur limite de ratio de partage,
ServerTestQueueingNotEnabled,missing,,Queueing not enabled,,,,La file d'attente n'est pas activée,
ServerTestRTorrentVersionTooLow,missing,,rTorrent version should be at least 0.9.0. Version reported is {version},,,,La version de rTorrent doit être au moins 0.9.0. Version signalée : {version},
ServerTestSabnzbdDevelopVersion,missing,,"Sabnzbd develop version, assuming version 3.0.0 or higher.",,,,Version develop de SABnzbd : la version 3.0.0 ou supérieure est supposée.,
ServerTestSabnzbdDisableCheckBeforeDownload,missing,,Disable 'Check before download' option in Sabnzbd,,,,Désactivez l'option « Check before download » dans SABnzbd,
ServerTestSabnzbdVersionRequired,missing,,"Version 0.7.0+ is required, but found: {version}",,,,"La version 0.7.0+ est requise, mais la version trouvée est : {version}",
ServerTestSharedFolderMissing,missing,,Shared folder does not exist,,,,Le dossier partagé n'existe pas,
ServerTestTorrentListFailed,missing,,Failed to get the list of torrents: {error},,,,Impossible de récupérer la liste des torrents : {error},
ServerTestTransmissionVersionUnsupported,missing,,"Transmission version not supported, should be 2.40 or higher.",,,,Version de Transmission non prise en charge : la version 2.40 ou supérieure est requise.,
ServerTestUnableToConnect,missing,,Unable to connect,,,,Connexion impossible,
ServerTestUnableToConnectThroughSsl,missing,,Unable to connect through SSL,,,,Impossible de se connecter via SSL,
ServerTestUnableToConnectToAria2,missing,,Unable to connect to Aria2,,,,Impossible de se connecter à Aria2,
ServerTestUnableToConnectToDeluge,missing,,Unable to connect to Deluge,,,,Impossible de se connecter à Deluge,
ServerTestUnableToConnectToHadouken,missing,,Unable to connect to Hadouken,,,,Impossible de se connecter à Hadouken,
ServerTestUnableToConnectToNzbVortex,missing,,Unable to connect to NZBVortex,,,,Impossible de se connecter à NZBVortex,
ServerTestUnableToConnectToNzbget,missing,,Unable to connect to NZBGet,,,,Impossible de se connecter à NZBGet,
ServerTestUnableToConnectToQbittorrent,missing,,Unable to connect to qBittorrent,,,,Impossible de se connecter à qBittorrent,
ServerTestUnableToConnectToRTorrent,missing,,Unable to connect to rTorrent,,,,Impossible de se connecter à rTorrent,
ServerTestUnableToConnectToSabnzbd,missing,,Unable to connect to SABnzbd,,,,Impossible de se connecter à SABnzbd,
ServerTestUnableToConnectToTorrentDownloadStation,missing,,Unable to connect to Torrent Download Station,,,,Impossible de se connecter à Torrent Download Station,
ServerTestUnableToConnectToTransmission,missing,,Unable to connect to Transmission,,,,Impossible de se connecter à Transmission,
ServerTestUnableToConnectToUsenetDownloadStation,missing,,Unable to connect to Usenet Download Station,,,,Impossible de se connecter à Usenet Download Station,
ServerTestUnableToConnectToUtorrent,missing,,Unable to connect to uTorrent,,,,Impossible de se connecter à uTorrent,
ServerTestUnableToWriteToFolder,missing,,Unable to write to folder,,,,Impossible d'écrire dans le dossier,
ServerTestUnknownException,missing,,Unknown exception: {error},,,,Exception inconnue : {error},
ServerTestUnknownVersion,missing,,Unknown Version: {version},,,,Version inconnue : {version},
ServerTestUnsupportedClientVersion,missing,,Unsupported client version,,,,Version du client non prise en charge,
ServerTestUtorrentApiUnsupported,missing,,"Old uTorrent client with unsupported API, need 3.0 or higher",,,,"Client uTorrent trop ancien, son API n'est pas prise en charge : la version 3.0 ou supérieure est requise",
ServerTestVerifySslSettings,missing,,Verify SSL settings,,,,Vérifiez les paramètres SSL,
ServerTestVuzeProtocolUnsupported,missing,,"Protocol version not supported, use Vuze 5.0.0.0 or higher with Vuze Web Remote plugin.",,,,Version du protocole non prise en charge : utilisez Vuze 5.0.0.0 ou supérieur avec le plugin Vuze Web Remote.,
ServerTestFloodAuthenticationFailed,missing,,Failed to authenticate with Flood.,,,,Échec de l'authentification auprès de Flood.,
ServerTestFloodUnableToConnect,missing,,"Unable to connect to Flood, please check your settings",,,,"Impossible de se connecter à Flood, veuillez vérifier vos paramètres",
ServerTestApiKeyInvalid,missing,,API Key is invalid,,,,La clé API n'est pas valide,
ServerTestAppriseConnectionFailed,missing,,Unable to connect to Apprise API. Server connection failed: ({status}) {error},,,,Impossible de se connecter à l'API Apprise. Échec de la connexion au serveur : ({status}) {error},
ServerTestAuthorizationRequired,missing,,Authorization is required,,,,Une autorisation est requise,
ServerTestCalibreBadPortGui,missing,,"Bad port. This is the container's remote Calibre GUI, not the Calibre content server.  Try mapping port 8081.",,,,"Port incorrect. Il s'agit de l'interface graphique distante de Calibre du conteneur, pas du serveur de contenu Calibre. Essayez de mapper le port 8081.",
ServerTestCalibreLibraryInvalid,missing,,Not a valid library in calibre,,,,Ce n'est pas une bibliothèque valide dans calibre,
ServerTestCalibreNotContentServer,missing,,Not a valid Calibre content server.  See https://manual.calibre-ebook.com/server.html,,,,Ce n'est pas un serveur de contenu Calibre valide. Consultez https://manual.calibre-ebook.com/server.html,
ServerTestCalibreWebNotContentServer,missing,,"This is a Calibre-Web server, not the required Calibre content server.  See https://manual.calibre-ebook.com/server.html",,,,"Il s'agit d'un serveur Calibre-Web, pas du serveur de contenu Calibre requis. Consultez https://manual.calibre-ebook.com/server.html",
ServerTestCalibreWriteAccessRequired,missing,,Mangarr needs write access. Configure a user or trusted IP in calibre. See https://manual.calibre-ebook.com/server.html,,,,Mangarr a besoin d'un accès en écriture. Configurez un utilisateur ou une adresse IP de confiance dans calibre. Consultez https://manual.calibre-ebook.com/server.html,
ServerTestCloudFlareCaptchaExpired,missing,,"CloudFlare CAPTCHA token expired, please Refresh.",,,,"Le jeton CAPTCHA CloudFlare a expiré, veuillez cliquer sur Rafraîchir.",
ServerTestCloudFlareCaptchaRequired,missing,,Site protected by CloudFlare CAPTCHA. Valid CAPTCHA token required.,,,,Site protégé par un CAPTCHA CloudFlare. Un jeton CAPTCHA valide est requis.,
ServerTestCouldNotConnect,missing,,Could not connect,,,,Connexion impossible,
ServerTestFileMissing,missing,,File does not exist,,,,Le fichier n'existe pas,
ServerTestGoodreadsAuthenticationError,missing,,Goodreads authentication error: {error},,,,Erreur d'authentification Goodreads : {error},
ServerTestGoodreadsListDataFailed,missing,,Could not get list data,,,,Impossible de récupérer les données de la liste,
ServerTestGoodreadsListNotFound,missing,,List {list} not found,,,,Liste {list} introuvable,
ServerTestGoodreadsSeriesDataFailed,missing,,Could not get series data,,,,Impossible de récupérer les données de la série,
ServerTestGoodreadsSeriesNotFound,missing,,Series {series} not found,,,,Série {series} introuvable,
ServerTestGoodreadsUnreachableCheckLog,missing,,"Unable to connect to Goodreads, check the log for more details",,,,"Impossible de se connecter à Goodreads, consultez le journal pour plus de détails",
ServerTestHttpAuthCredentialsInvalid,missing,,HTTP Auth credentials are invalid: {error},,,,Les identifiants d'authentification HTTP ne sont pas valides : {error},
ServerTestImportListFeedUnsupported,missing,,Import list feed is not supported: {error},,,,Le flux de la liste d'importation n'est pas pris en charge : {error},
ServerTestImportListNoResults,missing,,"No results were returned from your import list, please check your settings.",,,,"Votre liste d'importation n'a renvoyé aucun résultat, veuillez vérifier vos paramètres.",
ServerTestImportListUnreachable,missing,,Unable to connect to import list. {error},,,,Impossible de se connecter à la liste d'importation. {error},
ServerTestImportListUnreachableCheckLog,missing,,"Unable to connect to import list, check the log for more details",,,,"Impossible de se connecter à la liste d'importation, consultez le journal pour plus de détails",
ServerTestIncorrectApiKey,missing,,Incorrect ApiKey,,,,Clé API incorrecte,
ServerTestIncorrectUsernameOrPassword,missing,,Incorrect username or password,,,,Nom d'utilisateur ou mot de passe incorrect,
ServerTestIndexerConnectionFailure,missing,,Unable to connect to indexer connection failure. Check your connection to the indexer's server and DNS. {error},,,,"Impossible de se connecter à l'indexeur, échec de la connexion. Vérifiez votre connexion au serveur de l'indexeur et le DNS. {error}",
ServerTestIndexerDnsOrIpv6,missing,,"Unable to connect to indexer, please check your DNS settings and ensure IPv6 is working or disabled. {error}",,,,"Impossible de se connecter à l'indexeur, veuillez vérifier vos paramètres DNS et vous assurer que l'IPv6 fonctionne ou est désactivé. {error}",
ServerTestIndexerFeedUnsupported,missing,,Indexer feed is not supported: {error},,,,Le flux de l'indexeur n'est pas pris en charge : {error},
ServerTestIndexerInvalidCredentials,missing,,"Unable to connect to indexer, invalid credentials. {error}",,,,"Impossible de se connecter à l'indexeur, identifiants invalides. {error}",
ServerTestIndexerNoResultsInCategories,missing,,"Query successful, but no results in the configured categories were returned from your indexer. This may be an issue with the indexer or your indexer category settings.",,,,"Requête réussie, mais votre indexeur n'a renvoyé aucun résultat dans les catégories configurées. Le problème peut venir de l'indexeur ou de vos paramètres de catégories de l'indexeur.",
ServerTestIndexerNoRssQuery,missing,,No rss feed query available. This may be an issue with the indexer or your indexer category settings.,,,,Aucune requête de flux RSS disponible. Le problème peut venir de l'indexeur ou de vos paramètres de catégories de l'indexeur.,
ServerTestIndexerQueryUnsupported,missing,,Indexer does not support the current query. Check if the categories and or searching for seasons/episodes are supported. Check the log for more details.,,,,L'indexeur ne prend pas en charge la requête actuelle. Vérifiez que les catégories et/ou la recherche par saisons/épisodes sont prises en charge. Consultez le journal pour plus de détails.,
ServerTestIndexerSearchParametersUnsupported,missing,,Indexer does not support required search parameters,,,,L'indexeur ne prend pas en charge les paramètres de recherche requis,
ServerTestIndexerServerUnavailable,missing,,"Unable to connect to indexer, indexer's server is unavailable. Try again later. {error}",,,,"Impossible de se connecter à l'indexeur, son serveur est indisponible. Réessayez plus tard. {error}",
ServerTestIndexerTimeout,missing,,"Unable to connect to indexer, possibly due to a timeout. Try again or check your network settings. {error}",,,,"Impossible de se connecter à l'indexeur, peut-être en raison d'un délai d'attente dépassé. Réessayez ou vérifiez vos paramètres réseau. {error}",
ServerTestIndexerUnreachable,missing,,Unable to connect to indexer. {error},,,,Impossible de se connecter à l'indexeur. {error},
ServerTestIndexerUnreachableCheckLog,missing,,"Unable to connect to indexer, check the log for more details",,,,"Impossible de se connecter à l'indexeur, consultez le journal pour plus de détails",
ServerTestIndexerUnreachableCheckLogAbove,missing,,"Unable to connect to indexer, check the log above the ValidationFailure for more details. {error}",,,,"Impossible de se connecter à l'indexeur, consultez le journal au-dessus du ValidationFailure pour plus de détails. {error}",
ServerTestInvalidApiKey,missing,,Invalid API Key,,,,Clé API invalide,
ServerTestInvalidAuthenticationToken,missing,,Invalid authentication token,,,,Jeton d'authentification invalide,
ServerTestInvalidToken,missing,,Invalid token,,,,Jeton invalide,
ServerTestInvalidUsernameOrPassword,missing,,Invalid username or password,,,,Nom d'utilisateur ou mot de passe invalide,
ServerTestJackettAllEndpointUnsupported,missing,,"Jackett's all endpoint is not supported, please add indexers individually",,,,"Le point de terminaison « all » de Jackett n'est pas pris en charge, veuillez ajouter les indexeurs un par un",
ServerTestJoinApiUnreachable,missing,,Unable to connect to Join API. Please try again later.,,,,Impossible de se connecter à l'API Join. Veuillez réessayer plus tard.,
ServerTestJoinAuthenticationFailed,missing,,Authentication failed.,,,,L'authentification a échoué.,
ServerTestJoinDeviceIdsInvalid,missing,,Device IDs appear invalid.,,,,Les identifiants d'appareil semblent invalides.,
ServerTestJoinUnknownError,missing,,Unknown error. Join message failed to send.,,,,Erreur inconnue. Le message Join n'a pas pu être envoyé.,
ServerTestLoginPasswordInvalid,missing,,Login/Password invalid,,,,Identifiant/mot de passe invalide,
ServerTestMailgunSendTestMessageFailed,missing,,Unable to send test message through Mailgun.,,,,Impossible d'envoyer le message de test via Mailgun.,
ServerTestNotifiarrApiKeyInvalid,missing,,API key is invalid,,,,La clé API n'est pas valide,
ServerTestNotifiarrCloudflareError,missing,,Cloudflare Related HTTP Error - Unable to send notification,,,,Erreur HTTP liée à Cloudflare - impossible d'envoyer la notification,
ServerTestNotifiarrServiceUnavailable,missing,,Unable to send notification. Service Unavailable,,,,Impossible d'envoyer la notification. Service indisponible,
ServerTestNotifiarrUnknownHttpError,missing,,Unknown HTTP Error - Unable to send notification,,,,Erreur HTTP inconnue - impossible d'envoyer la notification,
ServerTestPlexCertificateValidationFailed,missing,,"Unable to connect to Plex Media Server, certificate validation failed.",,,,"Impossible de se connecter à Plex Media Server, la validation du certificat a échoué.",
ServerTestPlexMusicLibraryRequired,missing,,At least one Music library is required,,,,Au moins une bibliothèque Musique est requise,
ServerTestProwlApiKeyInvalid,missing,,Apikey is invalid,,,,La clé API n'est pas valide,
ServerTestProwlConnectionFailed,missing,,"Failed to connect to prowl, please check your settings.",,,,"Impossible de se connecter à Prowl, veuillez vérifier vos paramètres.",
ServerTestReadarrImportListUnreachable,missing,,Unable to connect to import list: {error}. Check the log surrounding this error for details.,,,,Impossible de se connecter à la liste d'importation : {error}. Consultez le journal autour de cette erreur pour plus de détails.,
ServerTestReadarrUrlInvalid,missing,,"Readarr URL is invalid, are you missing a URL base?",,,,"L'URL de Readarr n'est pas valide, manque-t-il une base d'URL ?",
ServerTestRequestLimitReached,missing,,Request limit reached: {error},,,,Limite de requêtes atteinte : {error},
ServerTestScriptExitCode,missing,,Script exited with code: {code},,,,Le script s'est terminé avec le code : {code},
ServerTestSendTestEmailFailed,missing,,Unable to send test email,,,,Impossible d'envoyer l'e-mail de test,
ServerTestSendTestMessageApiResponse,missing,,Unable to send test message. Response from API: {error},,,,Impossible d'envoyer le message de test. Réponse de l'API : {error},
ServerTestSendTestMessageFailed,missing,,Unable to send test message: {error},,,,Impossible d'envoyer le message de test : {error},
ServerTestSslRequired,missing,,SSL seems to be required,,,,SSL semble être requis,
ServerTestSynoindexUnavailable,missing,,Not a Synology or synoindex not available,,,,"Ce n'est pas un Synology, ou synoindex n'est pas disponible",
ServerTestSynologyRequired,missing,,Must be a Synology,,,,Doit être un Synology,
ServerTestUnableToConnectToKavita,missing,,Unable to connect to Kavita Server,,,,Impossible de se connecter au serveur Kavita,
ServerTestUnableToConnectToPlex,missing,,Unable to connect to Plex Media Server,,,,Impossible de se connecter à Plex Media Server,
ServerTestUnableToConnectToSubsonic,missing,,Unable to connect to Subsonic Server,,,,Impossible de se connecter au serveur Subsonic,
ServerTestUnableToPostPayload,missing,,Unable to post payload,,,,Impossible d'envoyer la charge utile,
ServerTestUnableToSendTestMessage,missing,,Unable to send test message,,,,Impossible d'envoyer le message de test,
ServerTestPlexStatusCode,missing,,Unable to connect to Plex Media Server. Status Code: {status},,,,Impossible de se connecter à Plex Media Server. Code d'état : {status},
ServerTestWebhookPostFailed,missing,,Unable to post to webhook: {error},,,,Impossible d'envoyer au webhook : {error},
ServerApiFailedToGetSeriesVolumes,missing,,Failed to get works for {id},,,,Impossible de récupérer les tomes de la série {id},
ServerApiFailedToGetVolumeData,missing,,Failed to get books for {id},,,,Impossible de récupérer les données du tome {id},
ServerApiGettingReleaseFromIndexerFailed,missing,,Getting release from indexer failed,,,,La récupération de la version depuis l'indexeur a échoué,
ServerApiGlobalDelayProfile,missing,,Cannot delete global delay profile,,,,Impossible de supprimer le profil de retard global,
ServerApiGoodreadsError,missing,,Received an error from Goodreads {error},,,,Erreur reçue de Goodreads : {error},
ServerApiGoodreadsSearchInvalidResponse,missing,,Search for '{query}' failed. Invalid response received from Goodreads.,,,,La recherche de '{query}' a échoué. Réponse non valide reçue de Goodreads.,
ServerApiGoodreadsSearchUnreachable,missing,,Search for '{query}' failed. Unable to communicate with Goodreads.,,,,La recherche de '{query}' a échoué. Impossible de communiquer avec Goodreads.,
ServerApiInvalidBackupExtension,missing,,"Invalid extension, must be one of: {extensions}",,,,"Extension non valide, elle doit être l'une des suivantes : {extensions}",
ServerApiInvalidId,missing,,{id} is not a valid ID,,,,{id} n'est pas un identifiant valide,
ServerApiMetadataProfileInUse,missing,,Metadata profile [{name}] is in use.,,,,Le profil de métadonnées [{name}] est utilisé.,
ServerApiNoMatchingSeriesAndVolumes,missing,,Unable to find matching series and volumes,,,,Impossible de trouver la série et les tomes correspondants,
ServerApiNoVolumesResolved,missing,,No volumes resolved for series '{id}',,,,Aucun tome trouvé pour la série '{id}',
ServerApiProfileInUse,missing,,Profile [{name}] is in use.,,,,Le profil [{name}] est utilisé.,
ServerApiReadarrApiSearchFailed,missing,,"Search for '{query}' failed. Unable to communicate with ReadarrAPI, returning status code: {status}.",,,,"La recherche de '{query}' a échoué. Impossible de communiquer avec ReadarrAPI, code d'état renvoyé : {status}.",
ServerApiReleaseNotInCache,missing,,"Couldn't find requested release in cache, try searching again",,,,"Version demandée introuvable dans le cache, relancez la recherche",
ServerApiSeriesRootFolderEmpty,missing,,Series' root folder ({path}) is empty.,,,,Le dossier racine de la série ({path}) est vide.,
ServerApiSeriesRootFolderMissing,missing,,Series' root folder ({path}) doesn't exist.,,,,Le dossier racine de la série ({path}) n'existe pas.,
ServerApiUnableToCancelTask,missing,,Unable to cancel task,,,,Impossible d'annuler la tâche,
ServerApiUnableToConnectToPlexTv,missing,,Unable to connect to plex.tv,,,,Impossible de se connecter à plex.tv,
ServerApiUnableToDeleteVolumeFile,missing,,Unable to delete volume file,,,,Impossible de supprimer le fichier du tome,
ServerApiUnableToParseVolumesInRelease,missing,,Unable to parse volumes in the release,,,,Impossible d'analyser les tomes de la version,
ServerApiUnexpectedErrorFetchingSeriesData,missing,,Unexpected error fetching author data,,,,Erreur inattendue lors de la récupération des données de la série,
ServerApiUnexpectedResponseFetchingVolumeData,missing,,Unexpected response fetching book data,,,,Réponse inattendue lors de la récupération des données du tome,
ServerApiUnexpectedResponseFrom,missing,,Unexpected response from {url},,,,Réponse inattendue de {url},
ServerApiVolumeFileNotFound,missing,,Volume file not found,,,,Fichier du tome introuvable,
ServerApiSeriesMetadataMissingFromVolume,missing,,Expected author metadata for id [{id}] in book data {volume},,,,Métadonnées de la série attendues pour l'identifiant [{id}] dans les données du tome {volume},
ServerApiUnableToRestoreDatabaseFromBackup,missing,,Unable to restore database file from backup,,,,Impossible de restaurer le fichier de base de données depuis la sauvegarde,
ServerProgressFailed,missing,,Failed,,,,Échec,
ServerQueueEncryptedDownloadDetected,missing,,Encrypted download detected,,,,Téléchargement chiffré détecté,
ServerQueueFailedDownloadDetected,missing,,Failed download detected,,,,Échec du téléchargement détecté,
ServerQueueManuallyIgnored,missing,,Manually ignored,,,,Ignoré manuellement,
ServerQueueManuallyMarkedAsFailed,missing,,Manually marked as failed,,,,Marqué manuellement comme échoué,
ServerRejectionLanguageChineseTaiwan,missing,,Chinese (Taiwan),,,,chinois (Taïwan),
ServerRejectionLanguagePortugueseBrazil,missing,,Portuguese (Brazil),,,,portugais (Brésil),
ServerTestDiskStationApiInfoNotFound,missing,,Info of {api} not found on {host}:{port},,,,Informations de {api} introuvables sur {host}:{port},
ServerTestDiskStationCertificateValidationFailed,missing,,"Unable to connect to Diskstation, certificate validation failed.",,,,"Impossible de se connecter à la Diskstation, la validation du certificat a échoué.",
ServerTestDiskStationErrorAccountDisabled,missing,,Disabled account,,,,Compte désactivé,
ServerTestDiskStationErrorAccountOrPasswordIncorrect,missing,,No such account or incorrect password,,,,Compte inexistant ou mot de passe incorrect,
ServerTestDiskStationErrorAccountServerUnavailable,missing,,Can’t get user/group information from the account server,,,,Impossible d'obtenir les informations utilisateur/groupe depuis le serveur de comptes,
ServerTestDiskStationErrorApiNotFound,missing,,The requested API does not exist,,,,L'API demandée n'existe pas,
ServerTestDiskStationErrorDestinationDenied,missing,,Destination denied,,,,Destination refusée,
ServerTestDiskStationErrorDestinationNotFound,missing,,Destination does not exist,,,,La destination n'existe pas,
ServerTestDiskStationErrorDeviceBusy,missing,,Device or resource busy,,,,Appareil ou ressource occupé,
ServerTestDiskStationErrorDiskQuotaExceeded,missing,,Disk quota exceeded,,,,Quota de disque dépassé,
ServerTestDiskStationErrorExpiredPasswordCannotChange,missing,,Expired password cannot change,,,,"Mot de passe expiré, modification impossible",
ServerTestDiskStationErrorFileAlreadyExists,missing,,File already exists,,,,Le fichier existe déjà,
ServerTestDiskStationErrorFileOperationGroup,missing,,Invalid group does this file operation,,,,Groupe non valide pour cette opération sur fichier,
ServerTestDiskStationErrorFileOperationParameter,missing,,Invalid parameter of file operation,,,,Paramètre d'opération sur fichier non valide,
ServerTestDiskStationErrorFileOperationUnknown,missing,,Unknown error of file operation,,,,Erreur inconnue lors de l'opération sur fichier,
ServerTestDiskStationErrorFileOperationUser,missing,,Invalid user does this file operation,,,,Utilisateur non valide pour cette opération sur fichier,
ServerTestDiskStationErrorFileOperationUserAndGroup,missing,,Invalid user and group does this file operation,,,,Utilisateur et groupe non valides pour cette opération sur fichier,
ServerTestDiskStationErrorFileStationPermission,missing,,Permission denied. Give your user access to FileStation.,,,,Autorisation refusée. Donnez à votre utilisateur l'accès à FileStation.,
ServerTestDiskStationErrorFileSystemUnsupported,missing,,Non-supported file system,,,,Système de fichiers non pris en charge,
ServerTestDiskStationErrorFileUploadFailed,missing,,File upload failed,,,,Échec de l'envoi du fichier,
ServerTestDiskStationErrorFilenameTooLong,missing,,Filename too long in the non-encrypted file system,,,,Nom de fichier trop long pour le système de fichiers non chiffré,
ServerTestDiskStationErrorFilenameTooLongEncrypted,missing,,Filename too long in the encrypted file system,,,,Nom de fichier trop long pour le système de fichiers chiffré,
ServerTestDiskStationErrorIllegalFatFileName,missing,,Illegal file name on FAT file system,,,,Nom de fichier non autorisé sur un système de fichiers FAT,
ServerTestDiskStationErrorIllegalFileName,missing,,Illegal file name,,,,Nom de fichier non autorisé,
ServerTestDiskStationErrorIllegalNameOrPath,missing,,Illegal name or path,,,,Nom ou chemin non autorisé,
ServerTestDiskStationErrorInputOutput,missing,,Input/output error,,,,Erreur d'entrée/sortie,
ServerTestDiskStationErrorInvalidParameter,missing,,Invalid parameter,,,,Paramètre non valide,
ServerTestDiskStationErrorInvalidTaskAction,missing,,Invalid task action,,,,Action de tâche non valide,
ServerTestDiskStationErrorInvalidTaskId,missing,,Invalid task id,,,,Identifiant de tâche non valide,
ServerTestDiskStationErrorIpBlocked,missing,,Blocked IP source,,,,Adresse IP source bloquée,
ServerTestDiskStationErrorMaxTasksReached,missing,,Max number of tasks reached,,,,Nombre maximal de tâches atteint,
ServerTestDiskStationErrorMethodNotFound,missing,,The requested method does not exist,,,,La méthode demandée n'existe pas,
ServerTestDiskStationErrorNetworkFileSystemFailed,missing,,Failed to connect internet-based file system (ex: CIFS),,,,Impossible de se connecter au système de fichiers réseau (ex. : CIFS),
ServerTestDiskStationErrorNoSpaceLeft,missing,,No space left on device,,,,Plus d'espace disponible sur l'appareil,
ServerTestDiskStationErrorNoSuchFileOperationTask,missing,,No such task of the file operation,,,,Tâche d'opération sur fichier introuvable,
ServerTestDiskStationErrorNoSuchFileOrDirectory,missing,,No such file or directory,,,,Fichier ou dossier introuvable,
ServerTestDiskStationErrorOperationNotPermitted,missing,,Operation not permitted,,,,Opération non autorisée,
ServerTestDiskStationErrorPasswordExpired,missing,,Expired password,,,,Mot de passe expiré,
ServerTestDiskStationErrorPasswordMustChange,missing,,Password must be changed,,,,Le mot de passe doit être changé,
ServerTestDiskStationErrorPermissionDenied,missing,,Denied permission,,,,Autorisation refusée,
ServerTestDiskStationErrorReadOnlyFileSystem,missing,,Read-only file system,,,,Système de fichiers en lecture seule,
ServerTestDiskStationErrorSessionDuplicateLogin,missing,,Session interrupted by duplicate login,,,,Session interrompue par une connexion en double,
ServerTestDiskStationErrorSessionNoPermission,missing,,The logged in session does not have permission,,,,La session connectée n'a pas l'autorisation,
ServerTestDiskStationErrorSessionTimeout,missing,,Session timeout,,,,Délai de session expiré,
ServerTestDiskStationErrorSetDestinationFailed,missing,,Set destination failed,,,,Échec de la définition de la destination,
ServerTestDiskStationErrorSidNotFound,missing,,SID not found,,,,SID introuvable,
ServerTestDiskStationErrorSystemBusy,missing,,System is too busy,,,,Le système est trop occupé,
ServerTestDiskStationErrorTwoFactorEnforced,missing,,Enforce to authenticate with 2-factor authentication code,,,,L'authentification à deux facteurs est obligatoire,
ServerTestDiskStationErrorTwoStepCodeFailed,missing,,Failed to authenticate 2-step authentication code,,,,Échec de la vérification du code d'authentification en deux étapes,
ServerTestDiskStationErrorTwoStepCodeRequired,missing,,2-step authentication code required,,,,Code d'authentification en deux étapes requis,
ServerTestDiskStationErrorUnknown,missing,,Unknown error,,,,Erreur inconnue,
ServerTestDiskStationErrorUnknownCode,missing,,{code} - Unknown error,,,,{code} - Erreur inconnue,
ServerTestDiskStationErrorVersionUnsupported,missing,,The requested version does not support the functionality,,,,La version demandée ne prend pas en charge cette fonctionnalité,
ServerTestDiskStationOperationAddTaskFromData,missing,,add task from data {filename},,,,ajouter une tâche à partir des données {filename},
ServerTestDiskStationOperationAddTaskFromUrl,missing,,add task from url {url},,,,ajouter une tâche à partir de l'URL {url},
ServerTestDiskStationOperationGetApiInfo,missing,,get api info,,,,obtenir les informations de l'API,
ServerTestDiskStationOperationGetConfig,missing,,get config,,,,obtenir la configuration,
ServerTestDiskStationOperationGetInfoOf,missing,,get info of {path},,,,obtenir les informations de {path},
ServerTestDiskStationOperationGetSerialNumber,missing,,get serial number,,,,obtenir le numéro de série,
ServerTestDiskStationOperationGetTasks,missing,,get tasks,,,,obtenir les tâches,
ServerTestDiskStationOperationGetTasksDetail,missing,,get tasks with additional detail,,,,obtenir les tâches avec leurs détails,
ServerTestDiskStationOperationGetTasksTransfer,missing,,get tasks with additional transfer,,,,obtenir les tâches avec leurs données de transfert,
ServerTestDiskStationOperationLogin,missing,,login,,,,se connecter,
ServerTestDiskStationOperationRemoveItem,missing,,remove item {downloadId},,,,supprimer l'élément {downloadId},
ServerTestDiskStationRequestFailed,missing,,Failed to {operation}. Reason: {reason},,,,Échec de l'opération « {operation} ». Raison : {reason},
ServerTestDiskStationUnableToConnect,missing,,"Unable to connect to Diskstation, please check your settings",,,,"Impossible de se connecter à la Diskstation, veuillez vérifier vos paramètres",
ServerTestPlexAuthTokenInvalid,missing,,Unauthorized - AuthToken is invalid,,,,Non autorisé - le jeton d'authentification (AuthToken) n'est pas valide,
ServerTestPlexUnableToConnect,missing,,"Unable to connect to Plex Media Server, {error}",,,,"Impossible de se connecter à Plex Media Server, {error}",
ServerTestPlexVersionUpgradeRequired,missing,,"Found version {version}, upgrade to PMS 1.3.1 to fix library updating and then restart Mangarr",,,,"Version {version} détectée : passez à PMS 1.3.1 pour corriger la mise à jour de la bibliothèque, puis redémarrez {appName}",
ServerTestProwlSendTextMessageFailed,missing,,Unable to send text message: {error},,,,Impossible d'envoyer le message texte : {error},
ServerTestDiskStationOperationAddTaskFromData,review,,add task from data {filename},,ajouter une tâche à partir des données {filename},,ajouter une tâche à partir du fichier {filename},server messages follow-ups review: wording
ServerTestDiskStationErrorSessionTimeout,review,,Session timeout,,Délai de session expiré,,La session a expiré,server messages follow-ups review: wording
ServerTestDiskStationErrorDeviceBusy,review,,Device or resource busy,,Appareil ou ressource occupé,,Périphérique ou ressource occupé,server messages follow-ups review: wording
ServerTestDiskStationErrorNoSpaceLeft,review,,No space left on device,,Plus d'espace disponible sur l'appareil,,Plus d'espace disponible sur le périphérique,server messages follow-ups review: wording
ServerRejectionLanguageChineseHongKong,missing,,Chinese (Hong Kong),,,,chinois (Hong Kong),
ServerValidationAlreadyLanguageEdition,missing,,Already the {language} edition,,,,Déjà l'édition en {language},
MetadataSourceNoArtifact,glossary:light-novel,,"No metadata artifact is loaded yet. Mangarr is downloading it and retries every hour; until it arrives, series and volume structure comes from the live sources (AniList, MangaUpdates, MangaDex) only and light novels can't be added. To fetch it now, run System → Tasks → Metadata Update.",,"Aucun artefact de métadonnées n'est chargé. La structure des séries et des tomes provient uniquement des sources en direct (AniList, MangaUpdates, MangaDex).",,"Aucun artefact de métadonnées n'est encore chargé. Mangarr le télécharge et réessaie toutes les heures ; en attendant, la structure des séries et des tomes provient uniquement des sources en direct (AniList, MangaUpdates, MangaDex) et les light novels ne peuvent pas être ajoutés. Pour le récupérer maintenant, lancez Système → Tâches → Mise à jour des métadonnées.",
ComicInfoFileMetadata,missing,,Write Metadata to CBZ Files,,,,Écrire des métadonnées dans les fichiers CBZ,
WriteComicInfo,missing,,Write ComicInfo To,,,,Écrire ComicInfo dans,
WriteComicInfoAllImports,missing,,All Imports,,,,Toutes les importations,
WriteComicInfoHelpText,missing,,"Which imports get ComicInfo.xml embedded in their CBZ files. New Downloads: only files from a download client. All Imports: also files a disk scan, Library Import or Manual Import brings in, which rewrites archives you already own. System → Tasks → Embed Metadata writes every CBZ on request.",,,,"Les importations dont les fichiers CBZ reçoivent un ComicInfo.xml intégré. Nouveaux téléchargements : uniquement les fichiers venant d'un client de téléchargement. Toutes les importations : aussi les fichiers apportés par une analyse du disque, une importation de bibliothèque ou une importation manuelle, ce qui réécrit des archives que vous possédez déjà. Système → Tâches → Intégrer les métadonnées écrit chaque CBZ à la demande.",
WriteComicInfoNewDownloads,missing,,New Downloads,,,,Nouveaux téléchargements,
LightNovelStorageAudiobookshelfRenameOff,missing,,Rename Volumes is off; audiobooks need it for the Audiobookshelf folder layout — Rename Volumes (Settings → Media Management),,,,Renommer les tomes est désactivé ; les livres audio en ont besoin pour l'arborescence d'Audiobookshelf — Renommer les tomes (Paramètres → Gestion des médias),
ServerProgressBackingUpMetadataPins,reworded,,Backing up metadata pins,,Sauvegarde des corrections de métadonnées épinglées,,Sauvegarde des métadonnées épinglées,beta readiness 2026-09-28
PdfToCbzSweep,missing,,Convert PDFs to CBZ Daily,,,,Convertir les PDF en CBZ chaque jour,
PdfToCbzSweepHelpText,missing,,"Once a day, convert every manga PDF already in the library to CBZ. Originals are moved to pdf-originals in Mangarr's app data folder, never deleted. Off: run it yourself from System → Tasks → Convert PDF to CBZ. Downloaded PDFs are converted on import either way.",,,,"Une fois par jour, convertit en CBZ chaque PDF de manga déjà présent dans la bibliothèque. Les originaux sont déplacés dans pdf-originals, dans le dossier de données de Mangarr, jamais supprimés. Désactivé : lancez-la vous-même depuis Système → Tâches → Convertir les PDF en CBZ. Les PDF téléchargés sont convertis à l'importation dans tous les cas.",
CheckForNewReleases,missing,,Check for New Releases,,,,Rechercher les nouvelles versions,
CheckForNewReleasesHelpText,missing,,"Ask GitHub about twice a day whether a newer Mangarr release is out, and show a notice on System → Status. Nothing is downloaded or installed.",,,,"Demande à GitHub environ deux fois par jour si une version plus récente de Mangarr est sortie, et affiche un avis dans Système → État. Rien n'est téléchargé ni installé.",
NewReleaseCheckMessage,missing,,Mangarr {release} is available (you run {version}),,,,Mangarr {release} est disponible (vous utilisez {version}),
SpinOffOf,missing,,Spin-off of {name},,,,Série dérivée de {name},
ServerImportReleaseBelongsToSiblingLine,missing,,Release covers volumes {start}-{end}; this series' line has {count} — it may belong to {line},,,,La publication couvre les tomes {start} à {end} ; la ligne de cette série en compte {count} — elle appartient peut-être à {line},
ServerApiLineSyncLightNovelsOnly,missing,,Only a light novel's files live in calibre or Audiobookshelf,,,,Seuls les fichiers d'un light novel se trouvent dans calibre ou Audiobookshelf,
ServerApiRefreshRunningForSeries,missing,,A refresh is running for this series; try again when it finishes,,,Une actualisation de cette série est en cours ; réessayez quand elle sera terminée,Une actualisation est en cours pour cette série ; réessayez quand elle sera terminée,
ServerProgressLineNotSwitched,missing,,Not switched: {reason},,,,Non changée : {reason},
ServerProgressLineSwitched,missing,,"Switched to {line}: {moved} file(s) on matching volumes, {kept} kept",,,,"Passée à {line} : {moved} fichier(s) sur les tomes correspondants, {kept} conservé(s)",
ServerValidationLineNameFindsAnotherLine,missing,,"The catalogue finds another line by this line's name, so a refresh would not keep the switch",,,,"Le catalogue trouve une autre ligne sous le nom de celle-ci, une actualisation ne conserverait donc pas le changement",
ServerValidationLineNumberingDiffers,missing,,Volume numbering differs between the two lines and {count} file(s) are attached,,,,La numérotation des tomes diffère entre les deux lignes et {count} fichier(s) sont associés,
ServerValidationNotALineOfThisWork,missing,,Not a line of this series' work in its market,,,,Ce n'est pas une ligne de l'œuvre de cette série sur son marché,
ServerValidationSeriesAlreadyBoundToLine,missing,,{name} is already bound to this line,,,,{name} est déjà liée à cette ligne,
ServerValidationSeriesAlreadyNamed,missing,,"Another series is already named ""{name}""",,,,Une autre série s'appelle déjà « {name} »,
SwitchLine,missing,,Switch Line,,,,Changer de ligne,
SwitchLineConfirmDisk,missing,,"Files and folders on disk are not moved or renamed, and nothing is searched now: new volumes are monitored per the series' settings and picked up by the scheduled missing search.",,,,"Les fichiers et dossiers sur le disque ne sont ni déplacés ni renommés, et rien n'est recherché maintenant : les nouveaux tomes sont surveillés selon les réglages de la série et pris en charge par la recherche planifiée des manquants.",
SwitchLineConfirmFiles,missing,,{count} file(s) stay on the volume with the same number.,,,,{count} fichier(s) restent sur le tome portant le même numéro.,
SwitchLineConfirmKept,missing,,No counterpart on that line for volume(s) {volumes}; their files stay where they are.,,,,Aucun équivalent sur cette ligne pour le(s) tome(s) {volumes} ; leurs fichiers restent où ils sont.,
SwitchLineConfirmRename,missing,,"""{name}"" will be renamed ""{newName}"" and bound to that line; its volumes are refreshed from it.",,,,« {name} » sera renommée « {newName} » et liée à cette ligne ; ses tomes en seront actualisés.,
SwitchLineExternalFailed,missing,,Couldn't queue the calibre and Audiobookshelf update,,,,Impossible de lancer la mise à jour de calibre et d'Audiobookshelf,
SwitchLineExternalMessage,missing,,Retags the {count} file(s) now on the new line's volumes and syncs this series' titles in calibre and Audiobookshelf.,,,,Réécrit les métadonnées des {count} fichier(s) désormais sur les tomes de la nouvelle ligne et synchronise les titres de cette série dans calibre et Audiobookshelf.,
SwitchLineExternalTitle,missing,,Update calibre and Audiobookshelf metadata too?,,,,Mettre aussi à jour les métadonnées de calibre et d'Audiobookshelf ?,
SwitchLineHeading,missing,,Wrong Line of This Work?,,,,Mauvaise ligne de cette œuvre ?,
SwitchLineHelpText,missing,,Other release lines of this work in the same market. Switching binds the series to the line you pick and keeps each file on the volume with the same number.,,,,Les autres lignes de publication de cette œuvre sur le même marché. Changer de ligne lie la série à la ligne choisie et garde chaque fichier sur le tome portant le même numéro.,
SwitchLineMainLine,missing,,Main line,,,,Ligne principale,
SwitchLineRefreshing,missing,,Refreshing the series from its new line…,,,,Actualisation de la série depuis sa nouvelle ligne…,
TaskNameSwitchLine,missing,,Switch Line,,,,Changer de ligne,
ServerValidationSeriesNoLongerExists,missing,,The series no longer exists,,,,La série n'existe plus,
SwitchLineConfirmAdded,missing,,{count} volume(s) will be added.,,,,{count} tome(s) seront ajoutés.,
SwitchLineConfirmNoAniList,missing,,No AniList match on this line; metadata will re-resolve by title.,,,,Aucune correspondance AniList pour cette ligne ; les métadonnées seront résolues à nouveau par le titre.,
EditionFallbackNote,missing,,{language} edition — not available in your languages,,,,Édition {language} — non disponible dans vos langues,
