key,reasons,en_fork,en,owner,old,suggest,draft,note
20MinutesTwenty,upstream,,20 Minutes: {0},,60分：{0},,20分：{0},upstream fix: said 60分
45MinutesFourtyFive,upstream,,45 Minutes: {0},,60分：{0},,45分：{0},upstream fix: said 60分
APIPath,missing,,API Path,Newznab,,,APIパス,
APIURL,missing,,API URL,FileList MangaDex,,,API URL,
ASIN,missing,ASIN,ASIN,,,,ASIN,
About,upstream,,About,,約,,バージョン情報,upstream fix: 約 = approximately
AcceptConfirmationModal,missing,,Accept Confirmation Modal,,,,確認ダイアログを承認,
AccessToken,missing,,Access Token,GoodreadsSettingsBase Ntfy PushBullet Twitter,,,アクセストークン,
AccessTokenSecret,missing,,Access Token Secret,GoodreadsSettingsBase Twitter,,,アクセストークンシークレット,
Actions,upstream,,Actions,,行動,,操作,upstream fix: 行動 = behaviour
Add,missing,,Add,,,,追加,
AddANewPath,missing,,Add a new path,,,,新しいパスを追加,
AddCondition,missing,,Add Condition,,,,条件を追加,
AddConditionImplementation,missing,,Add Condition - {implementationName},,,,条件を追加 - {implementationName},
AddConnectionImplementation,missing,,Add Connection - {implementationName},,,,接続を追加 - {implementationName},
AddCountMissing,missing,,Add {count} Missing,,,,欠落している{count}件のシリーズを追加,Collections button: the missing members are series
AddCustomFilter,missing,,Add Custom Filter,,,,カスタムフィルターを追加,
AddCustomFormat,missing,,Add Custom Format,,,,カスタムフォーマットを追加,
AddDelayProfile,missing,,Add Delay Profile,,,,遅延プロファイルを追加,
AddDownloadClient,missing,,Add Download Client,,,,ダウンロードクライアントを追加,
AddDownloadClientImplementation,missing,,Add Download Client - {implementationName},,,,ダウンロードクライアントを追加 - {implementationName},
AddFormats,missing,,Formats,,,フォーマット,フォーマット,
AddImportListExclusion,missing,,Add Import List Exclusion,,,,インポートリストの除外を追加,
AddImportListExclusionHelpText,missing,Prevent book from being added to Readarr by Import Lists or Author Refresh,Prevent volume from being added to Mangarr by Import Lists or Series Refresh,,,,インポートリストやシリーズの更新によって、この巻が{appName}に追加されないようにします,
AddIndexer,missing,,Add Indexer,,,,インデクサーを追加,
AddIndexerImplementation,missing,,Add Indexer - {implementationName},,,,インデクサーを追加 - {implementationName},
AddLanguage,missing,,Add Language,,,,言語を追加,
AddMetadataProfile,missing,,Add Metadata Profile,,,,メタデータプロファイルを追加,
AddMissing,missing,Add missing,Add missing,,,,未登録のシリーズを追加,Unmapped Files toolbar: adds the series found in unmapped files that are not in the library yet
AddNew,upstream,,Add New,,新しく追加する,,新規追加,upstream fix: label register (no する)
AddNewAuthor,missing,Add New Author,Add New Series,,,,新しいシリーズを追加,
AddNewAuthorRootFolderHelpText,tokens,'{folder}' subfolder will be created automatically,'{folder}' subfolder will be created automatically,,'{0}'サブフォルダは自動的に作成されます,,サブフォルダー「{folder}」が自動的に作成されます,
AddNewBook,missing,Add New Book,Add New Volume,,,,新しい巻を追加,
AddNewItem,missing,Add New Item,Add New Item,,,,新しい項目を追加,
AddNewLightNovelRootFolderHelpText,missing,,'{folder}' folder will be created; every volume gets its own folder inside it,,,,フォルダー「{folder}」が作成され、その中に巻ごとのフォルダーが作られます,
AddNotification,missing,,Add Notification,,,,通知を追加,
AddPaused,missing,,Add Paused,Deluge Flood Nzbget Transmission,,,一時停止状態で追加,
AddQualityProfile,missing,,Add Quality Profile,,,,品質プロファイルを追加,
AddReleaseProfile,missing,,Add Release Profile,,,,リリースプロファイルを追加,
AddRemotePathMapping,missing,,Add Remote Path Mapping,,,,リモートパスマッピングを追加,
AddRootFolder,upstream,,Add Root Folder,,ルートフォルダを追加する,,ルートフォルダーを追加,upstream fix: ルートフォルダー; label register
AddStopped,missing,,Add Stopped,RTorrent,,,停止状態で追加,
AddTitle,missing,,Add {title},,,,{title}を追加,
AddToBookshelves,missing,,Add to Bookshelves,GoodreadsBookshelfNotification,,,本棚に追加,
AddToDownloadedQueue,missing,,Add to downloaded queue,,,,ダウンロード済みキューに追加,
Added,missing,,Added,,,,追加日,
AddedAuthorSettings,missing,Added Author Settings,Added Series Settings,,,,追加したシリーズの設定,
AddedDate,missing,,Added: {date},,,,追加日：{date},
AddedRelativeDate,missing,,Added {date},,,,{date}に追加,
AddedToDownloadedQueue,missing,,Added to downloaded queue,,,,ダウンロード済みキューに追加しました,
AddingFailed,missing,,Adding failed: {message},,,,追加に失敗しました：{message},
AdditionalParameters,missing,,Additional Parameters,Newznab Nyaa,,,追加パラメーター,
AdditionalTags,missing,,Additional Tags,Flood,,,追加タグ,
Adopted,missing,,Adopted,,,,取り込み済み,
AdoptedTagWrite,missing,,Write Tags to Adopted Audiobooks,,,,取り込み済みオーディオブックへのタグ書き込み,
AdoptedTagWriteHelpText,missing,,Also write the additive tags into adopted audiobook files on a manual retag,,,,手動でタグを再書き込みするとき、追加タグを取り込み済みのオーディオブックファイルにも書き込みます,
AdoptedTooltip,missing,,"Owned before Mangarr knew it — never renamed, moved, replaced or deleted by Mangarr",,,,{appName}が把握する前から所有していたファイルです。{appName}が名前を変更、移動、置換、削除することはありません,
AfterManualRefresh,missing,,After Manual Refresh,,,,手動更新の後,
Age,missing,,Age,,,,経過時間,
AgeWhenGrabbed,upstream,,Age (when grabbed),,年齢（つかんだとき）,,経過時間（取得時）,upstream fix: 年齢（つかんだとき） = a person's age when physically grabbed
Agenda,missing,,Agenda,,,,予定一覧,
AllAuthorBooks,missing,All Author Books,All Series Volumes,,,,シリーズの全巻,
AllBooks,missing,All Books,All Volumes,,,,全巻,
AllExpandedCollapseAll,missing,Collapse All,Collapse All,,,,すべて折りたたむ,
AllExpandedExpandAll,missing,Expand All,Expand All,,,,すべて展開,
AllFiles,missing,,All Files,,,,すべてのファイル,
AllItemsHiddenByFilter,missing,,All {itemType} are hidden due to the applied filter.,,,,適用されたフィルターにより、すべての{itemType}が非表示になっています。,{itemType} = ItemTypeSeries シリーズ / ItemTypeVolumes 巻: すべてのシリーズ / すべての巻
AllowAuthorChangeClickToChangeAuthor,missing,Click to change author,Click to change series,,,,クリックしてシリーズを変更,
AllowFingerprinting,missing,Allow Fingerprinting,Allow Fingerprinting,,,,フィンガープリントを許可,
AllowFingerprintingHelpText,missing,Use fingerprinting to improve accuracy of book matching,Use fingerprinting to improve accuracy of volume matching,,,,フィンガープリントを使用して巻の照合精度を高めます,
AllowFingerprintingHelpTextWarning,missing,This requires Readarr to read parts of the file which will slow down scans and may cause high disk or network activity.,This requires Mangarr to read parts of the file which will slow down scans and may cause high disk or network activity.,,,,{appName}がファイルの一部を読み取る必要があるため、スキャンが遅くなり、ディスクやネットワークの負荷が高くなる場合があります。,
AllowZeroSize,missing,,Allow Zero Size,TorrentRssIndexer,,,サイズ0を許可,
AllowedLanguages,missing,Allowed Languages,Allowed Languages,,,,許可する言語,
Always,missing,,Always,,,,常に,
AnalyticsEnabledHelpText,stale,"Send anonymous usage and error information to Readarr's servers. This includes information on your browser, which Readarr WebUI pages you use, error reporting as well as OS and runtime version. We will use this information to prioritize features and bug fixes.","Send anonymous usage and error information to Mangarr's servers. This includes information on your browser, which Mangarr WebUI pages you use, error reporting as well as OS and runtime version. We will use this information to prioritize features and bug fixes.",,匿名の使用状況とエラー情報を{appName}のサーバーに送信します。これには、使用する{appName} WebUIページ、エラーレポート、OSおよびランタイムバージョンなどのブラウザに関する情報が含まれます。この情報を使用して、機能とバグ修正に優先順位を付けます。,,匿名の使用状況とエラー情報を{appName}のサーバーに送信します。これには、お使いのブラウザー、使用している{appName} WebUIのページ、エラーレポート、OSとランタイムのバージョンに関する情報が含まれます。この情報は、機能やバグ修正の優先順位付けに使用します。,
AnyEditionOkHelpText,missing,Readarr will automatically switch to the edition best matching downloaded files,Mangarr will automatically switch to the edition best matching downloaded files,,,,{appName}はダウンロードしたファイルに最も一致するエディションに自動的に切り替えます,
ApiKeyValidationHealthCheckMessage,missing,Please update your API key to be at least {0} characters long. You can do this via settings or the config file,Please update your API key to be at least {0} characters long. You can do this via settings or the config file,,,,APIキーを{0}文字以上に更新してください。設定画面または設定ファイルから変更できます,
AppDataLocationHealthCheckMessage,upstream,,Updating will not be possible to prevent deleting AppData on Update,,更新時にAppDataが削除されないように更新することはできません,,アップデート時にAppDataが削除されるのを防ぐため、アップデートはできません,upstream fix: read 'cannot update so that AppData is not deleted'; アップデート
AppLogo,missing,,{appName} Logo,,,,{appName}のロゴ,
AppToken,missing,,App Token,Gotify,,,アプリトークン,
AppUpdated,missing,{appName} Updated,{appName} Updated,,,,{appName}がアップデートされました,
AppUpdatedVersion,missing,"{appName} has been updated to version `{version}`, in order to get the latest changes you'll need to reload {appName}","{appName} has been updated to version `{version}`, in order to get the latest changes you'll need to reload {appName}",,,,{appName}がバージョン`{version}`にアップデートされました。最新の変更を反映するには、{appName}を再読み込みしてください,
ApplicationURL,missing,Application URL,Application URL,,,,アプリケーションURL,
ApplicationUrlHelpText,missing,"This application's external URL including http(s)://, port and URL base","This application's external URL including http(s)://, port and URL base",,,,このアプリケーションの外部URL（http(s)://、ポート、URLベースを含む）,
Apply,missing,,Apply,,,,適用,
ApplyChanges,missing,Apply Changes,Apply Changes,,,,変更を適用,
ApplyTags,upstream,,Apply Tags,,タグを適用する,,タグを適用,upstream fix: label register (no する)
ApplyTagsHelpTextHowToApplyAuthors,vocab glossary:series stale,How to apply tags to the selected authors,How to apply tags to the selected series,,選択した映画にタグを適用する方法,,選択したシリーズにタグを適用する方法,
ApplyTagsHelpTextHowToApplyDownloadClients,vocab,How to apply tags to the selected download clients,How to apply tags to the selected download clients,,選択した映画にタグを適用する方法,,選択したダウンロードクライアントにタグを適用する方法,
ApplyTagsHelpTextHowToApplyImportLists,vocab,How to apply tags to the selected import lists,How to apply tags to the selected import lists,,選択した映画にタグを適用する方法,,選択したインポートリストにタグを適用する方法,
ApplyTagsHelpTextHowToApplyIndexers,vocab,How to apply tags to the selected indexers,How to apply tags to the selected indexers,,選択した映画にタグを適用する方法,,選択したインデクサーにタグを適用する方法,
AppriseAuthPasswordHelpText,missing,,HTTP Basic Auth Password,Apprise,,,HTTPベーシック認証のパスワード,
AppriseAuthUsernameHelpText,missing,,HTTP Basic Auth Username,Apprise,,,HTTPベーシック認証のユーザー名,
AppriseConfigurationKey,missing,,Apprise Configuration Key,Apprise,,,Apprise設定キー,
AppriseConfigurationKeyHelpText,missing,,Configuration Key for the Persistent Storage Solution. Leave empty if Stateless URLs is used.,Apprise,,,永続ストレージ用の設定キーです。ステートレスURLを使用する場合は空欄のままにします。,
AppriseNotificationType,missing,,Apprise Notification Type,Apprise,,,Apprise通知タイプ,
AppriseServerURL,missing,,Apprise Server URL,Apprise,,,AppriseサーバーURL,
AppriseServerUrlHelpText,missing,,"Apprise server URL, including http(s):// and port if needed",Apprise,,,AppriseサーバーのURL（http(s)://と、必要に応じてポートを含む）,
AppriseStatelessURLs,missing,,Apprise Stateless URLs,Apprise,,,AppriseステートレスURL,
AppriseStatelessUrlsHelpText,missing,,One or more URLs separated by commas identifying where the notification should be sent to. Leave empty if Persistent Storage is used.,Apprise,,,通知の送信先を示す1つ以上のURL（カンマ区切り）です。永続ストレージを使用する場合は空欄のままにします。,
AppriseTags,missing,,Apprise Tags,Apprise,,,Appriseタグ,
AppriseTagsHelpText,missing,,Optionally notify only those tagged accordingly.,Apprise,,,必要に応じて、該当するタグが付いた送信先にのみ通知します。,
AreYouSure,missing,,Are you sure?,,,,よろしいですか？,
Arguments,missing,,Arguments,CustomScript,,,引数,
AttachBooks,missing,,Attach Books,Email,,,巻のファイルを添付,
AudioAvailable,missing,,Audiobook Available,,,,オーディオブックあり,
AudioAvailableHelpText,missing,,Off while no audiobook of this series exists; turns on with the first audio import,,,,このシリーズのオーディオブックがない間はオフです。最初のオーディオインポートでオンになります,
AudioFileMetadata,missing,Write Metadata to Audio Files,Write Metadata to Audio Files,,,,オーディオファイルへのメタデータ書き込み,
AudioNotYetHelpText,missing,,No audiobook of this series yet; searched once a week until the first one arrives,,,,このシリーズのオーディオブックはまだありません。最初の1作が出るまで週に1回検索します,
AudioQualityProfile,missing,,Audiobook Quality Profile,,,,オーディオブック品質プロファイル,
AudioQualityProfileNamed,missing,,Audiobook Quality Profile: {name},,,,オーディオブック品質プロファイル：{name},
AudioUnlistedHelpText,missing,,Audible does not list this audiobook yet; it becomes wanted the day it appears,,,,このオーディオブックはまだAudibleに掲載されていません。掲載された日から検索対象になります,
AudioUnreleasedHelpText,missing,,Audible lists this audiobook for {date}; it is searched once it is out,,,,Audibleではこのオーディオブックの発売日は{date}です。発売後に検索します,
Audiobook,missing,,Audiobook,,,,オーディオブック,
AudiobookEdition,missing,,Audiobook Edition,,,,オーディオブック版,
AudiobookshelfApiKey,missing,,Audiobookshelf API Key,,,,Audiobookshelf APIキー,
AudiobookshelfLibrary,missing,,Audiobookshelf Library,,,,Audiobookshelfライブラリ,
AudiobookshelfPathMappingHelpText,missing,,Only needed when Audiobookshelf and Mangarr see the library at different paths.,,,,Audiobookshelfと{appName}でライブラリのパスが異なる場合にのみ必要です。,
AudiobookshelfUrl,missing,,Audiobookshelf URL,,,,Audiobookshelf URL,
AudiobookshelfUrlHelpText,missing,,e.g. http://audiobookshelf:13378,,,,例：http://audiobookshelf:13378,
AuthBasic,upstream,,Basic (Browser Popup),,基本（ブラウザポップアップ）,,ベーシック（ブラウザーのポップアップ）,upstream fix: spelling ブラウザー; ベーシック as the Apprise Basic Auth drafts
AuthURL,missing,,Auth URL,MangaDex,,,認証URL,
AuthenticateWithGoodreads,missing,,Authenticate with Goodreads,GoodreadsSettingsBase,,,Goodreadsで認証,
AuthenticationMethod,missing,Authentication Method,Authentication Method,,,,認証方式,
AuthenticationMethodHelpTextWarning,missing,Please select a valid authentication method,Please select a valid authentication method,,,,有効な認証方式を選択してください,
AuthenticationRequired,missing,Authentication Required,Authentication Required,,,,認証が必要,
AuthenticationRequiredHelpText,missing,Change which requests authentication is required for. Do not change unless you understand the risks.,Change which requests authentication is required for. Do not change unless you understand the risks.,,,,認証が必要なリクエストを変更します。リスクを理解していない場合は変更しないでください。,
AuthenticationRequiredPasswordConfirmationHelpTextWarning,missing,Confirm new password,Confirm new password,,,,新しいパスワードを確認,
AuthenticationRequiredPasswordHelpTextWarning,missing,Enter a new password,Enter a new password,,,,新しいパスワードを入力,
AuthenticationRequiredUsernameHelpTextWarning,missing,Enter a new username,Enter a new username,,,,新しいユーザー名を入力,
AuthenticationRequiredWarning,missing,"To prevent remote access without authentication, {appName} now requires authentication to be enabled. You can optionally disable authentication from local addresses.","To prevent remote access without authentication, {appName} now requires authentication to be enabled. You can optionally disable authentication from local addresses.",,,,認証なしのリモートアクセスを防ぐため、{appName}では認証の有効化が必須になりました。ローカルアドレスからのアクセスについては、必要に応じて認証を無効にできます。,
Author,missing,Author,Series,,,,シリーズ,
AuthorClickToChangeBook,vocab glossary:volume stale,Click to change book,Click to change volume,,クリックしてムービーを変更,,クリックして巻を変更,
AuthorEditor,missing,Author Editor,Series Editor,,,,シリーズ一括編集,"the mass editor, not a publisher"
AuthorFolderFormat,missing,Author Folder Format,Series Folder Format,,,,シリーズフォルダーの形式,
AuthorFolderFormatHelpText,missing,,Used when adding a new series or moving a series via the series editor,,,,新しいシリーズを追加するとき、または「シリーズ一括編集」でシリーズを移動するときに使用します,
AuthorIndex,missing,Author Index,Series Index,,,,シリーズ一覧,toolbar button back to the list of all series
AuthorNameHelpText,missing,The name of the author/book to exclude (can be anything meaningful),The name of the series/volume to exclude (can be anything meaningful),,,,除外するシリーズ／巻の名前（わかりやすい名前であれば何でも構いません）,
AuthorProgressBarText,missing,"{availableBookCount} / {bookCount} (Total: {totalBookCount}, Files: {bookFileCount})","{availableBookCount} / {bookCount} (Total: {totalBookCount}, Files: {bookFileCount})",,,,{availableBookCount} / {bookCount}（合計：{totalBookCount}、ファイル：{bookFileCount}）,
Authors,missing,Authors,Series,,,,シリーズ,
AutoAdd,missing,Auto Add,Auto Add,,,,自動追加,
AutoRedownloadFailed,upstream,,Redownload Failed,,ダウンロードに失敗しました,,失敗したものを再ダウンロード,upstream fix: read 'the download failed'
AutoRedownloadFailedFromInteractiveSearch,missing,Redownload Failed from Interactive Search,Redownload Failed from Interactive Search,,,,インタラクティブ検索で失敗したものを再ダウンロード,
AutoRedownloadFailedFromInteractiveSearchHelpText,missing,Automatically search for and attempt to download a different release when failed release was grabbed from interactive search,Automatically search for and attempt to download a different release when failed release was grabbed from interactive search,,,,失敗したリリースがインタラクティブ検索で取得されたものだった場合、別のリリースを自動的に検索してダウンロードを試みます,
AutoUnmonitorPreviouslyDownloadedBooksHelpText,vocab glossary:volume stale,Books deleted from disk are automatically unmonitored in Readarr,Volumes deleted from disk are automatically unmonitored in Mangarr,,ディスクから削除された映画は、{appName}では自動的に監視されません。,,ディスクから削除された巻は、{appName}で自動的に未監視になります,
AutomaticAdd,missing,Automatic Add,Automatic Add,,,,自動追加,
AutomaticReleaseSwitching,missing,,Automatic Release Switching,,,,リリースの自動切り替え,
AutomaticSearch,missing,,Automatic Search,,,,自動検索,
AutomaticUpdatesDisabledDocker,missing,Automatic updates are not directly supported when using the Docker update mechanism. You will need to update the container image outside of {appName} or use a script,Automatic updates are not directly supported when using the Docker update mechanism. You will need to update the container image outside of {appName} or use a script,,,,Dockerのアップデート機構を使用している場合、自動アップデートは直接サポートされていません。{appName}の外部でコンテナイメージを更新するか、スクリプトを使用する必要があります,
AutomaticallySwitchEdition,missing,Automatically Switch Edition,Automatically Switch Edition,,,,エディションの自動切り替え,
Avatar,missing,,Avatar,Discord,,,アバター,
BCCAddressEs,missing,,BCC Address(es),Email,,,BCCアドレス,
BackupFolderHelpText,stale,Relative paths will be under Readarr's AppData directory,Relative paths will be under Mangarr's AppData directory,,相対パスは{appName}のAppDataディレクトリの下にあります,,相対パスは{appName}のAppDataディレクトリ配下になります,
BackupIntervalHelpText,missing,Interval to backup the Readarr DB and settings,Interval to backup the Mangarr DB and settings,,,,{appName}のデータベースと設定をバックアップする間隔,
BackupTypeBeforeUpdate,missing,,Before update,,,,アップデート前,
BackupTypeManual,missing,,Manual,,,,手動,
BindAddressHelpText,upstream,,"Valid IP address, localhost or '*' for all interfaces",,すべてのインターフェースに有効なIP4アドレスまたは「*」,,有効なIPアドレス、localhost、またはすべてのインターフェースを表す「*」,upstream fix: said IP4 and dropped localhost
Blocklist,upstream,,Blocklist,,ブラックリスト,,ブロックリスト,upstream fix: ブロックリスト
BlocklistAndSearch,missing,Blocklist and Search,Blocklist and Search,,,,ブロックリストに追加して検索,
BlocklistAndSearchHint,missing,Start a search for a replacement after blocklisting,Start a search for a replacement after blocklisting,,,,ブロックリストに追加した後、代わりのリリースを検索します,
BlocklistAndSearchMultipleHint,missing,Start searches for replacements after blocklisting,Start searches for replacements after blocklisting,,,,ブロックリストに追加した後、それぞれ代わりのリリースを検索します,
BlocklistMultipleOnlyHint,missing,Blocklist without searching for replacements,Blocklist without searching for replacements,,,,代わりのリリースを検索せずにブロックリストに追加します,
BlocklistOnly,missing,Blocklist Only,Blocklist Only,,,,ブロックリストへの追加のみ,
BlocklistOnlyHint,missing,Blocklist without searching for a replacement,Blocklist without searching for a replacement,,,,代わりのリリースを検索せずにブロックリストに追加します,
BlocklistRelease,upstream,,Blocklist Release,,ブラックリストリリース,,リリースをブロックリストに追加,upstream fix: ブラックリストリリース; label next to BlocklistReleases
BlocklistReleaseHelpText,missing,Prevents Readarr from automatically grabbing these files again,Prevents Mangarr from automatically grabbing these files again,,,,{appName}がこれらのファイルを自動的に再取得しないようにします,
BlocklistReleases,upstream,,Blocklist Releases,,ブラックリストリリース,,リリースをブロックリストに追加,upstream fix: ブラックリストリリース
Book,missing,Book,Volume,,,,巻,
BookAvailableButMissing,vocab glossary:volume glossary:missing stale,"Book Available, but Missing","Volume Available, but Missing",,映画はありますが、ありません,,巻は利用可能ですが欠落しています,
BookEditor,missing,Book Editor,Volume Editor,,,,巻一括編集,"the mass editor, not a publisher"
BookFileFormats,missing,,Formats: {formats},,,,フォーマット：{formats},
BookFilesCountMessage,missing,No book files,No volume files,,,,巻のファイルがありません,
BookFilesTotaling,missing,,{count} book files totaling {size},,,,巻のファイル{count}件、合計{size},
BookIndex,missing,Book Index,Volume Index,,,,巻一覧,toolbar button back to the list of all volumes
BookIsDownloading,vocab glossary:volume stale,Book is downloading,Volume is downloading,,映画をダウンロードしています,,巻をダウンロードしています,
BookIsDownloadingInterp,vocab glossary:volume stale,Book is downloading - {0}% {1},Volume is downloading - {0}% {1},,映画をダウンロードしています-{0}％{1},,巻をダウンロードしています - {0}% {1},
BookList,missing,Book List,Volume List,,,,巻リスト,
BookMonitoring,missing,Book Monitoring,Volume Monitoring,,,,巻の監視,
BookNaming,missing,Book Naming,Volume Naming,,,,巻の命名,
BookProgressBarText,missing,{bookCount} / {totalBookCount} (Files: {bookFileCount}),{bookCount} / {totalBookCount} (Files: {bookFileCount}),,,,{bookCount} / {totalBookCount}（ファイル：{bookFileCount}）,
BookSearchInterval,missing,,Volume Search Interval,,,,巻の検索間隔,
BookSearchIntervalHelpText,missing,,Minutes between searches for missing volumes (min 30); 0 turns off missing and cutoff searches,,,,欠落している巻を検索する間隔（分、最小30）。0にすると欠落とカットオフ未達の検索を停止します,
BookStudio,missing,Book Studio,Volume Studio,,,,巻スタジオ,
BookTitle,missing,Book Title,Volume Title,,,,巻のタイトル,
Books,missing,Books,Volumes,,,,巻,
Bookshelf,missing,Bookshelf,Bookshelf,,,,本棚,
BookshelfAuthenticateWithGoodreads,missing,,Authenticate with Goodreads to retrieve bookshelves.,,,,本棚を取得するにはGoodreadsで認証してください。,
BookshelfCouldNotRetrieveFromGoodreads,missing,,Could not retrieve data from Goodreads.  Try re-authenticating.,,,,Goodreadsからデータを取得できませんでした。再認証してください。,
BookshelfNoneFoundForGoodreadsUser,missing,,No bookshelves found for Goodreads user {user}.,,,,Goodreadsユーザー{user}の本棚が見つかりません。,
Bookshelves,missing,,Bookshelves,GoodreadsBookshelfImportList,,,本棚,
BotToken,missing,,Bot Token,Telegram,,,ボットトークン,
BranchUpdate,upstream,,Branch to use to update {appName},,{appName}の更新に使用するブランチ,,{appName}のアップデートに使用するブランチ,upstream fix: app updates = アップデート
BranchUpdateMechanism,upstream,,Branch used by external update mechanism,,外部更新メカニズムで使用されるブランチ,,外部のアップデート機構で使用されるブランチ,upstream fix: app updates = アップデート
ByWriter,missing,,by {writer},,,,著者：{writer},
BypassIfAboveCustomFormatScore,missing,Bypass if Above Custom Format Score,Bypass if Above Custom Format Score,,,,カスタムフォーマットスコアを上回る場合はスキップ,
BypassIfAboveCustomFormatScoreHelpText,missing,Enable bypass when release has a score higher than the configured minimum custom format score,Enable bypass when release has a score higher than the configured minimum custom format score,,,,リリースのスコアが設定された最小カスタムフォーマットスコアより高い場合に遅延をスキップします,
BypassIfHighestQuality,missing,Bypass if Highest Quality,Bypass if Highest Quality,,,,最高品質の場合はスキップ,
BypassIfHighestQualityHelpText,missing,Bypass delay when release has the highest enabled quality in the quality profile,Bypass delay when release has the highest enabled quality in the quality profile,,,,リリースが品質プロファイルで有効な最高品質の場合に遅延をスキップします,
BypassProxyForLocalAddresses,upstream,,Bypass Proxy for Local Addresses,,ローカルアドレスのプロキシをバイパスする,,ローカルアドレスではプロキシをバイパス,upstream fix: label register (no する)
CCAddressEs,missing,,CC Address(es),Email,,,CCアドレス,
CalendarFeed,missing,,{appName} Calendar Feed,,,,{appName}カレンダーフィード,
CalendarLegendDownloaded,missing,,Volume was downloaded and sorted,,,,巻はダウンロードされ、整理済みです,
CalendarLegendDownloading,missing,,Volume is currently downloading,,,,巻をダウンロード中です,
CalendarLegendMissing,missing,,Volume file has not been found,,,,巻のファイルが見つかりません,
CalendarLegendPartial,missing,,Volume was partially downloaded,,,,巻は一部だけダウンロードされています,
CalendarLegendUnmonitored,missing,,Volume is unmonitored,,,,巻は未監視です,
CalendarLegendUnreleased,missing,,Volume hasn't released yet,,,,巻はまだ発売されていません,
CalendarOptions,missing,,Calendar Options,,,,カレンダーのオプション,
CalibreContentServer,missing,Calibre Content Server,Calibre Content Server,,,,Calibreコンテンツサーバー,
CalibreContentServerText,missing,Using a Calibre Content Server (not Calibre Web) allows Readarr to add books to your Calibre library and trigger conversions between formats,Using a Calibre Content Server (not Calibre Web) allows Mangarr to add volumes to your Calibre library and trigger conversions between formats,,,,Calibreコンテンツサーバー（Calibre-Webではありません）を使用すると、{appName}はCalibreライブラリに巻を追加したり、フォーマット間の変換を実行したりできます,
CalibreContentServerUrl,missing,,Calibre Content Server URL,,,,CalibreコンテンツサーバーのURL,
CalibreContentServerUrlHelpText,missing,,"The Calibre content server, e.g. http://calibre:8081 — not the desktop GUI or Calibre-Web",,,,Calibreコンテンツサーバー（例：http://calibre:8081）。デスクトップGUIやCalibre-Webではありません,
CalibreHost,missing,Calibre Host,Calibre Host,,,,Calibreホスト,
CalibreLibrary,missing,Calibre Library,Calibre Library,,,,Calibreライブラリ,
CalibreMetadata,missing,Calibre Metadata,Calibre Metadata,,,,Calibreメタデータ,
CalibreNotCalibreWeb,missing,"Readarr can interface with Calibre's Content Server.  It cannot use Calibre-Web, which is unrelated software.","Mangarr can interface with Calibre's Content Server.  It cannot use Calibre-Web, which is unrelated software.",,,,{appName}はCalibreのコンテンツサーバーと連携できます。無関係のソフトウェアであるCalibre-Webは使用できません。,
CalibreOutputFormat,missing,Calibre output format,Calibre Output Format,,,,Calibre出力フォーマット,
CalibreOutputFormatInfo,missing,,"Specify the output format.  Options are: MOBI, EPUB, AZW3, DOCX, FB2, HTMLZ, LIT, LRF, PDB, PDF, PMLZ, RB, RTF, SNB, TCR, TXT, TXTZ, ZIP",,,,出力フォーマットを指定します。選択肢：MOBI、EPUB、AZW3、DOCX、FB2、HTMLZ、LIT、LRF、PDB、PDF、PMLZ、RB、RTF、SNB、TCR、TXT、TXTZ、ZIP,
CalibreOutputProfile,missing,Calibre output profile,Calibre Output Profile,,,,Calibre出力プロファイル,
CalibreOutputProfileInfo,missing,,"Specify the output profile. The output profile tells the Calibre conversion system how to optimize the created document for the specified device (such as by resizing images for the device screen size). In some cases, an output profile can be used to optimize the output for a particular device, but this is rarely necessary.",,,,出力プロファイルを指定します。出力プロファイルは、指定したデバイス向けに作成されるドキュメントをどのように最適化するか（デバイスの画面サイズに合わせた画像のリサイズなど）をCalibreの変換システムに伝えます。出力プロファイルで特定のデバイス向けに出力を最適化できる場合もありますが、必要になることはまれです。,
CalibrePassword,missing,Calibre Password,Calibre Password,,,,Calibreパスワード,
CalibrePathMappingHelpText,missing,,Only needed when Calibre and Mangarr see the library at different paths.,,,,Calibreと{appName}でライブラリのパスが異なる場合にのみ必要です。,
CalibrePort,missing,Calibre Port,Calibre Port,,,,Calibreポート,
CalibreRootFolderCheckDockerBadPath,missing,,You are using docker; Calibre for root folder {rootFolderName} reports files in {libraryFolder} but this is not a valid {osName} path.  Review your remote path mappings and download client settings.,,,,Dockerを使用しています。ルートフォルダー{rootFolderName}のCalibreが{libraryFolder}内のファイルを報告していますが、これは有効な{osName}パスではありません。リモートパスマッピングとダウンロードクライアントの設定を確認してください。,
CalibreRootFolderCheckDockerFileMissing,missing,,You are using docker; Calibre server for root folder {rootFolderName} listed file {file} but this file does not appear to exist inside the container.  Review permissions for {libraryFolder} and PUID/PGID container settings,,,,Dockerを使用しています。ルートフォルダー{rootFolderName}のCalibreサーバーがファイル{file}を示していますが、このファイルはコンテナ内に存在しないようです。{libraryFolder}の権限とコンテナのPUID/PGID設定を確認してください,
CalibreRootFolderCheckDockerFolderMissing,missing,,You are using docker; Calibre server for root folder {rootFolderName} places downloads in {libraryFolder} but this directory does not appear to exist inside the container.  Review your remote path mappings and container volume settings.,,,,Dockerを使用しています。ルートフォルダー{rootFolderName}のCalibreサーバーは{libraryFolder}にダウンロードを配置しますが、このディレクトリはコンテナ内に存在しないようです。リモートパスマッピングとコンテナのボリューム設定を確認してください。,
CalibreRootFolderCheckFilePermissions,missing,,Calibre server for root folder {rootFolderName} listed file {file} but {appName} cannot see this file.  Review permissions for {libraryFolder},,,,ルートフォルダー{rootFolderName}のCalibreサーバーがファイル{file}を示していますが、{appName}からこのファイルを参照できません。{libraryFolder}の権限を確認してください,
CalibreRootFolderCheckFolderPermissions,missing,,Calibre server for root folder {rootFolderName} places downloads in {libraryFolder} but {appName} cannot see this directory.  You may need to adjust the folder's permissions or add a remote path mapping if Calibre is running in docker,,,,ルートフォルダー{rootFolderName}のCalibreサーバーは{libraryFolder}にダウンロードを配置しますが、{appName}からこのディレクトリを参照できません。フォルダーの権限を調整するか、CalibreをDockerで実行している場合はリモートパスマッピングを追加する必要があるかもしれません,
CalibreRootFolderCheckLocalBadPath,missing,,Local Calibre server for root folder {rootFolderName} reports files in {libraryFolder} but this is not a valid {osName} path.  Review your download client settings.,,,,ルートフォルダー{rootFolderName}のローカルCalibreサーバーが{libraryFolder}内のファイルを報告していますが、これは有効な{osName}パスではありません。ダウンロードクライアントの設定を確認してください。,
CalibreRootFolderCheckPathMismatch,missing,,Calibre for root folder {rootFolderName} reports files in {libraryFolder} but this is not the same as the root folder path {rootFolderPath} you chose.  You may need to edit any remote path mapping or delete the root folder and re-create with the correct path,,,,ルートフォルダー{rootFolderName}のCalibreが{libraryFolder}内のファイルを報告していますが、選択したルートフォルダーのパス{rootFolderPath}と一致しません。リモートパスマッピングを編集するか、ルートフォルダーを削除して正しいパスで作成し直す必要があるかもしれません,
CalibreRootFolderCheckRemoteBadPath,missing,,Remote Calibre for root folder {rootFolderName} reports files in {libraryFolder} but this is not a valid {osName} path.  Review your remote path mappings and root folder settings.,,,,ルートフォルダー{rootFolderName}のリモートCalibreが{libraryFolder}内のファイルを報告していますが、これは有効な{osName}パスではありません。リモートパスマッピングとルートフォルダーの設定を確認してください。,
CalibreRootFolderCheckRemoteFileMissing,missing,,Remote Calibre server for root folder {rootFolderName} listed file {file} but this file does not appear to exist.  Review permissions for {libraryFolder},,,,ルートフォルダー{rootFolderName}のリモートCalibreサーバーがファイル{file}を示していますが、このファイルは存在しないようです。{libraryFolder}の権限を確認してください,
CalibreRootFolderCheckRemoteFolderMissing,missing,,Remote Calibre server for root folder {rootFolderName} places downloads in {libraryFolder} but this directory does not appear to exist.  Likely missing or incorrect remote path mapping.,,,,ルートフォルダー{rootFolderName}のリモートCalibreサーバーは{libraryFolder}にダウンロードを配置しますが、このディレクトリは存在しないようです。リモートパスマッピングがないか、正しくない可能性があります。,
CalibreServerDefaultLibrary,missing,,Server Default,,,,サーバーの既定,
CalibreServerDefaultLibraryNamed,missing,,Server Default ({name}),,,,サーバーの既定（{name}）,
CalibreSettings,missing,Calibre Settings,Calibre Settings,,,,Calibre設定,
CalibreUrlBase,missing,Calibre Url Base,Calibre URL Base,,,,Calibre URLベース,
CalibreUsername,missing,Calibre Username,Calibre Username,,,,Calibreユーザー名,
CatalogNumber,missing,Catalog Number,Catalog Number,,,,カタログ番号,
Categories,missing,,Categories,FileList Newznab,,,カテゴリー,
Category,missing,,Category,Deluge DownloadStation Hadouken Nzbget QBittorrent RTorrent Sabnzbd Transmission UTorrent,,,カテゴリー,
CertificateValidationHelpText,upstream,,Change how strict HTTPS certification validation is. Do not change unless you understand the risks.,,HTTPS認証検証の厳密さを変更する,,HTTPS証明書の検証の厳密さを変更します。リスクを理解していない場合は変更しないでください。,upstream fix: dropped the second sentence
ChangeCategory,missing,Change Category,Change Category,,,,カテゴリーを変更,
ChangeCategoryHint,missing,Changes download to the 'Post-Import Category' from Download Client,Changes download to the 'Post-Import Category' from Download Client,,,,ダウンロードクライアントの「インポート後のカテゴリー」にダウンロードを変更します,
ChangeCategoryMultipleHint,missing,Changes downloads to the 'Post-Import Category' from Download Client,Changes downloads to the 'Post-Import Category' from Download Client,,,,ダウンロードクライアントの「インポート後のカテゴリー」にダウンロードを変更します,
ChangeEdition,missing,,Change Edition,,,,エディションを変更,
ChangeFileDate,upstream,,Change File Date,,ファイルの日付を変更する,,ファイルの日付を変更,upstream fix: label register (no する)
Channel,missing,,Channel,Slack,,,チャンネル,
ChannelTags,missing,,Channel Tags,PushBullet,,,チャンネルタグ,
ChatID,missing,,Chat ID,Telegram,,,チャットID,
CheckDownloadClientForDetails,missing,,check download client for more details,,,,詳細はダウンロードクライアントを確認してください,"fills QueueDownloadWarning ""Download warning: {message}"""
ChmodFolderHelpText,upstream,,"Octal, applied during import/rename to media folders and files (without execute bits)",,8進数、メディアフォルダおよびファイルへのインポート/名前変更中に適用されます（実行ビットなし）,,8進数。インポート／名前変更時にメディアフォルダーとファイルに適用されます（実行ビットなし）,upstream fix: フォルダー; sentence
ChmodFolderHelpTextWarning,stale,This only works if the user running Readarr is the owner of the file. It's better to ensure the download client sets the permissions properly.,This only works if the user running Mangarr is the owner of the file. It's better to ensure the download client sets the permissions properly.,,これは、{appName}を実行しているユーザーがファイルの所有者である場合にのみ機能します。ダウンロードクライアントが権限を適切に設定していることを確認することをお勧めします。,,これは{appName}を実行しているユーザーがファイルの所有者である場合にのみ機能します。ダウンロードクライアントで権限を正しく設定することをおすすめします。,
ChooseAudiobookshelfLibrary,missing,,Choose a Library,,,,ライブラリを選択,
ChooseImportMethod,missing,Choose Import Method,Choose Import Method,,,,インポート方法を選択,
ChownGroup,missing,chown Group,chown Group,,,,chownグループ,
ChownGroupHelpTextWarning,stale,This only works if the user running Readarr is the owner of the file. It's better to ensure the download client uses the same group as Readarr.,This only works if the user running Mangarr is the owner of the file. It's better to ensure the download client uses the same group as Mangarr.,,これは、{appName}を実行しているユーザーがファイルの所有者である場合にのみ機能します。ダウンロードクライアントが{appName}と同じグループを使用するようにすることをお勧めします。,,これは{appName}を実行しているユーザーがファイルの所有者である場合にのみ機能します。ダウンロードクライアントで{appName}と同じグループを使用することをおすすめします。,
Clear,upstream,,Clear,,晴れ,,クリア,upstream fix: 晴れ = sunny weather
ClickToChangeIndexerFlags,missing,Click to change indexer flags,Click to change indexer flags,,,,クリックしてインデクサーフラグを変更,
ClickToChangeReleaseGroup,missing,Click to change release group,Click to change release group,,,,クリックしてリリースグループを変更,
ClickURL,missing,,Click URL,Ntfy,,,クリックURL,
ClientID,missing,,Client ID,MangaDex,,,クライアントID,
ClientPriority,upstream,,Client Priority,,クライアントの優先順位,,クライアントの優先度,"upstream fix: 優先度, as IndexerPriority"
ClientSecret,missing,,Client Secret,MangaDex,,,クライアントシークレット,
Clone,upstream,,Clone,,閉じる,,複製,upstream fix: 閉じる = close
CloneCondition,missing,Clone Condition,Clone Condition,,,,条件を複製,
CloneCustomFormat,upstream,,Clone Custom Format,,カスタムフォーマットのクローン,,カスタムフォーマットを複製,upstream fix: as CloneCondition
CloneIndexer,upstream,,Clone Indexer,,クローンインデクサー,,インデクサーを複製,upstream fix: クローンインデクサー = 'a clone indexer'
CloneProfile,upstream,,Clone Profile,,クローンプロファイル,,プロファイルを複製,upstream fix: クローンプロファイル = 'a clone profile'
CloseCurrentModal,missing,,Close Current Modal,,,,現在のダイアログを閉じる,
CollapseMultipleBooks,missing,Collapse Multiple Books,Collapse Multiple Volumes,,,,複数の巻をまとめる,
CollapseMultipleBooksHelpText,missing,Collapse multiple books releasing on the same day,Collapse multiple volumes releasing on the same day,,,,同じ日に発売される複数の巻をまとめて表示します,
Collections,missing,,Collections,,,,コレクション,
ColonReplacement,upstream,,Colon Replacement,,結腸の置換,,コロンの置換,upstream fix: 結腸 = the colon in the bowel
CombineWithExistingFiles,missing,,Combine With Existing Files,,,,既存のファイルと結合,
CombineWithExistingFilesStatus,missing,,Combine with existing files,,,,既存のファイルと結合,
ComingSoon,missing,,Coming Soon,,,,近日発売,
CompletedDownloadHandling,upstream,,Completed Download Handling,,完了したダウンロード処理,,完了したダウンロードの処理,upstream fix: read 'download handling that has completed'
Component,upstream,,Component,,成分,,コンポーネント,upstream fix: 成分 = chemical ingredient
Condition,missing,,Condition,GoodreadsOwnedBooksNotification,,,状態,Goodreads owned-copy condition
ConditionDescription,missing,,Condition Description,GoodreadsOwnedBooksNotification,,,状態の説明,
ConditionUsingRegularExpressions,missing,,This condition matches using Regular Expressions. Note that the characters <code>\^$.|?*+()[{</code> have special meanings and need escaping with a <code>\</code>,,,,この条件は正規表現で照合します。文字<code>\^$.|?*+()[{</code>には特別な意味があり、<code>\</code>でエスケープする必要があることに注意してください,
ConfirmImportExistingFilesWarning,missing,,"You already have files imported for the volumes listed below.  If you continue, the existing files {willBeDeleted} and the new files imported in their place. To avoid deleting existing files, press 'Cancel' and use the 'Combine with existing files' option.",,,,以下の巻にはすでにインポート済みのファイルがあります。続行すると、新しいファイルがインポートされ、既存のファイルは{willBeDeleted}。既存のファイルを削除しないようにするには、「キャンセル」を押して「既存のファイルと結合」オプションを使用してください。,"{willBeDeleted} (bold) = ConfirmImportWillBeDeleted 削除されます, ends the clause"
ConfirmImportWillBeDeleted,missing,,will be deleted,,,,削除されます,bold fragment inside ConfirmImportExistingFilesWarning
Connect,upstream,,Connect,,接続する,,接続,upstream fix: label register (settings page name)
ConnectSettingsSummary,upstream,,"Notifications, connections to media servers/players and custom scripts",,通知、メディアサーバー/プレーヤーへの接続、およびカスタムスクリプト,,通知、メディアサーバー／プレーヤーへの接続、およびカスタムスクリプト,upstream fix: full-width ／
ConnectToTwitter,missing,,Connect to Twitter,Twitter,,,Twitterに接続,
ConnectionLostReconnect,upstream,,"{appName} will try to connect automatically, or you can click reload below.",,{appName}は自動的に接続を試みます。または、下の[再読み込み]をクリックしてください。,,{appName}は自動的に接続を試みます。または、下の「再読み込み」をクリックしてください。,upstream fix: names the Reload button by its ja value; 「」
ConnectionLostToBackend,missing,{appName} has lost its connection to the backend and will need to be reloaded to restore functionality.,{appName} has lost its connection to the backend and will need to be reloaded to restore functionality.,,,,{appName}とバックエンドとの接続が切断されました。機能を回復するには再読み込みが必要です。,
ConnectionSettingsUrlBaseHelpText,missing,"Adds a prefix to the {connectionName} url, such as {url}","Adds a prefix to the {connectionName} url, such as {url}",PlexServer,,,{connectionName}のURLにプレフィックスを追加します（例：{url}）,
ConsoleLogLevel,missing,Console Log Level,Console Log Level,,,,コンソールのログレベル,
ConsumerKey,missing,,Consumer Key,Twitter,,,コンシューマーキー,
ConsumerSecret,missing,,Consumer Secret,Twitter,,,コンシューマーシークレット,
Continuing,missing,Continuing,Continuing,,,,連載中,series status
ContinuingAllBooksDownloaded,missing,Continuing (All books downloaded),Continuing (All volumes downloaded),,,,連載中（全巻ダウンロード済み）,
ContinuingMoreBooksAreExpected,missing,More books are expected,More volumes are expected,,,,今後も巻の発売が予定されています,
ContinuingNoAdditionalBooksAreExpected,missing,No additional books are expected,No additional volumes are expected,,,,今後の巻の発売は予定されていません,
ContinuingOnly,missing,,Continuing Only,,,,連載中のみ,
Convert,missing,,Convert,,,,変換,
ConvertLightNovelFormatConfirm,missing,,"Convert up to {count} ebook(s) in this series to {format}? Calibre converts one book at a time, so this may take a while.",,,,このシリーズの電子書籍を最大{count}件、{format}に変換しますか？Calibreは1冊ずつ変換するため、時間がかかる場合があります。,
ConvertLightNovelToFormat,missing,,Convert to {format},,,,{format}に変換,
ConvertLightNovelToFormatTooltip,missing,,Queue a Calibre conversion to {format} for every ebook in this series that doesn't already have it,,,,このシリーズの電子書籍のうち、{format}がまだないものすべてについて、Calibreでの変換をキューに追加します,
ConvertPdfToCbz,missing,,Convert PDF,,,,PDFを変換,
ConvertPdfToCbzTooltip,missing,,"Convert this volume's PDF to CBZ (lossless). The original PDF is moved to a holding folder, never deleted.",,,,この巻のPDFをCBZに変換します（ロスレス）。元のPDFは保管用フォルダーに移動され、削除されることはありません。,
ConvertToFormat,missing,Convert To Format,Convert To Format,,,,フォーマットに変換,
Cookie,missing,,Cookie,TorrentRssIndexer,,,Cookie,
CopyInPendingMessage,missing,,Import pending: the ebooks and audiobooks you already own are being imported; automatic searches wait until it finishes.,,,,インポート待ち：所有済みの電子書籍とオーディオブックをインポートしています。完了するまで自動検索は待機します。,
CopyInPendingSearchHeld,missing,,Searches wait until the files you already own are imported,,,,所有済みのファイルがインポートされるまで検索は待機します,
CopyUsingHardlinksHelpText,stale,Hardlinks allow Readarr to import seeding torrents to the the series folder without taking extra disk space or copying the entire contents of the file. Hardlinks will only work if the source and destination are on the same volume,Hardlinks allow Mangarr to import seeding torrents to the series folder without taking extra disk space or copying the entire contents of the file. Hardlinks will only work if the source and destination are on the same volume,,まだシードされているトレントからファイルをコピーする場合は、ハードリンクを使用します,,ハードリンクを使用すると、{appName}はシード中のトレントを、追加のディスク容量を使わず、ファイル全体をコピーすることもなくシリーズフォルダーにインポートできます。ハードリンクはコピー元とコピー先が同じボリューム上にある場合にのみ機能します,
CopyUsingHardlinksHelpTextWarning,stale,"Occasionally, file locks may prevent renaming files that are being seeded. You may temporarily disable seeding and use Readarr's rename function as a work around.","Occasionally, file locks may prevent renaming files that are being seeded. You may temporarily disable seeding and use Mangarr's rename function as a work around.",,場合によっては、ファイルロックにより、シードされているファイルの名前を変更できないことがあります。一時的にシードを無効にし、回避策として{appName}の名前変更機能を使用できます。,,シード中のファイルは、ファイルロックにより名前を変更できない場合があります。回避策として、一時的にシードを無効にして{appName}の名前変更機能を使用できます。,
CouldNotConnectSignalR,missing,,"Could not connect to SignalR, UI won't update",,,,SignalRに接続できませんでした。UIは更新されません,
CouldntFindAnyResultsForTerm,upstream,,Couldn't find any results for '{0}',,'{0}'の結果が見つかりませんでした,,「{0}」の結果が見つかりませんでした,upstream fix: quote style 「」
CountAuthorsSelected,missing,{selectedCount} author(s) selected,{selectedCount} series selected,,,,{selectedCount}件のシリーズを選択中,
CountDownloadClientsSelected,missing,{selectedCount} download client(s) selected,{selectedCount} download client(s) selected,,,,{selectedCount}件のダウンロードクライアントを選択中,
CountImportListsSelected,missing,{selectedCount} import list(s) selected,{selectedCount} import list(s) selected,,,,{selectedCount}件のインポートリストを選択中,
CountInLibrary,missing,,{count} of {total} in Library,,,,ライブラリ内：{count} / {total},
CountIndexersSelected,missing,{selectedCount} indexer(s) selected,{selectedCount} indexer(s) selected,,,,{selectedCount}件のインデクサーを選択中,
CountPages,missing,,{count} pages,,,,{count}ページ,
CountVolumes,missing,,{count} volumes,,,,{count}巻,"review note, not applied: standalone 「{count}巻」 can read as 'Vol. N'; 「全{count}巻」 would remove that; glossary / native-review call"
CountVolumesInParentheses,missing,,({count} Volumes),,,,（{count}巻）,
CountVolumesOne,missing,,1 volume,,,,1巻,"review note, not applied: standalone 「1巻」 can read as 'Vol. 1'; 「全1巻」 would remove that; glossary / native-review call"
Country,missing,Country,Country,,,,国,
CoverUrl,missing,,Cover URL,,,,カバーURL,
CoveredByVolume,missing,,Covered by Vol. {volume},,,,第{volume}巻に収録,
CoveredByVolumeInput,missing,,Covered by volume,,,,収録先の巻,
CoveredByVolumeInputHelpText,missing,,The volume whose audiobook file contains this one; blank = not covered,,,,この巻を含むオーディオブックファイルの巻。空欄 = 収録なし,
CreateEmptyAuthorFolders,vocab glossary:series stale,Create empty author folders,Create empty series folders,,空のムービーフォルダを作成する,,空のシリーズフォルダーを作成,
CreateEmptyAuthorFoldersHelpText,vocab glossary:series stale,Create missing author folders during disk scan,Create missing series folders during disk scan,,ディスクスキャン中に不足しているムービーフォルダを作成する,,ディスクスキャン中に見つからないシリーズフォルダーを作成します,
CurrentlyInstalled,upstream,,Currently Installed,,現在インストール中,,現在インストール済み,upstream fix: インストール中 = being installed right now
Custom,missing,,Custom,,,,カスタム,
CustomFilters,missing,,Custom Filters,,,,カスタムフィルター,
CustomFormatHelpText,missing,,"{appName} scores each release using the sum of scores for matching custom formats. If a new release would improve the score, at the same or better quality, then {appName} will grab it.",,,,{appName}は、一致するカスタムフォーマットのスコアの合計で各リリースを評価します。新しいリリースが同等以上の品質でスコアを上げる場合、{appName}はそれを取得します。,
CustomFormatJson,missing,,Custom Format JSON,,,,カスタムフォーマットのJSON,
CustomFormatScoreIconTitle,missing,,Custom format score,,,,カスタムフォーマットスコア,
CustomFormatsConditionsInfo,missing,,{appName} supports custom conditions against the release properties below.,,,,{appName}は、以下のリリースのプロパティに対するカスタム条件をサポートしています。,
CustomFormatsSettingsSummary,missing,,Custom Formats and Settings,,,,カスタムフォーマットと設定,
CustomFormatsSettingsTriggerInfo,missing,A Custom Format will be applied to a release or file when it matches at least one of each of the different condition types chosen.,A Custom Format will be applied to a release or file when it matches at least one of each of the different condition types chosen.,,,,カスタムフォーマットは、選択した各種類の条件のそれぞれについて少なくとも1つに一致した場合に、リリースまたはファイルに適用されます。,
CustomFormatsSpecificationFlag,missing,Flag,Flag,IndexerFlag,,,フラグ,
CustomFormatsSpecificationRegularExpression,missing,Regular Expression,Regular Expression,RegexSpecificationBase,,,正規表現,
CustomFormatsSpecificationRegularExpressionHelpText,missing,Custom Format RegEx is Case Insensitive,Custom Format RegEx is Case Insensitive,RegexSpecificationBase,,,カスタムフォーマットの正規表現は大文字と小文字を区別しません,
CustomScriptArgumentsHelpText,missing,,Arguments to pass to the script,CustomScript,,,スクリプトに渡す引数,
CutoffFormatScoreHelpText,vocab glossary:volume stale,Once this custom format score is reached Readarr will no longer grab book releases,Once this custom format score is reached Mangarr will no longer grab volume releases,,このカスタムフォーマットのスコアに達すると、{appName}は映画をダウンロードしなくなります,,このカスタムフォーマットスコアに達すると、{appName}は巻のリリースを取得しなくなります,
CutoffHelpText,vocab glossary:volume stale,Once this quality is reached Readarr will no longer download books,Once this quality is reached Mangarr will no longer download volumes,,この品質に達すると、{appName}は映画をダウンロードしなくなります,,この品質に達すると、{appName}は巻をダウンロードしなくなります,
CutoffNotMet,missing,,Cutoff Not Met,,,,カットオフ未達,
CutoffUnmet,glossary:exact glossary:cutoff-unmet,Cutoff Unmet,Cutoff Unmet,,カットオフアンメット,,カットオフ未達,
DashOrSpaceDashDependingOnName,missing,Dash or Space Dash depending on name,Dash or Space Dash depending on name,,,,名前に応じてダッシュ、またはスペースとダッシュ,
DataAllBooks,missing,Monitor all books,Monitor all volumes,,,,すべての巻を監視します,
DataExistingBooks,missing,Monitor books that have files or have not released yet,Monitor volumes that have files or have not released yet,,,,ファイルがある巻、またはまだ発売されていない巻を監視します,
DataFirstBook,missing,Monitor the first book. All other books will be ignored,Monitor the first volume. All other volumes will be ignored,,,,最初の巻を監視します。その他の巻はすべて無視されます,
DataFutureBooks,missing,Monitor books that have not released yet,Monitor volumes that have not released yet,,,,まだ発売されていない巻を監視します,
DataLatestBook,missing,Monitor the latest book and future books,Monitor the latest volume and future volumes,,,,最新の巻と今後の巻を監視します,
DataListMonitorAll,missing,Monitor authors and all books for each author included on the import list,Monitor series and all volumes for each series included on the import list,,,,インポートリストに含まれる各シリーズと、そのすべての巻を監視します,
DataListMonitorNone,missing,Do not monitor authors or books,Do not monitor series or volumes,,,,シリーズも巻も監視しません,
DataListMonitorSpecificBook,missing,"Monitor authors, but only monitor books explicitly included in the list","Monitor series, but only monitor volumes explicitly included in the list",,,,シリーズを監視しますが、巻はリストに明示的に含まれているものだけを監視します,
DataMissingBooks,missing,Monitor books that do not have files or have not released yet,Monitor volumes that do not have files or have not released yet,,,,ファイルがない巻、またはまだ発売されていない巻を監視します,
DataNewAllBooks,missing,Monitor all new books,Monitor all new volumes,,,,新しい巻をすべて監視します,
DataNewBooks,missing,Monitor new books released after the newest existing book,Monitor new volumes released after the newest existing volume,,,,既存の最新巻より後に発売される新しい巻を監視します,
DataNewNone,missing,Don't monitor any new books,Don't monitor any new volumes,,,,新しい巻は監視しません,
DataNone,missing,No books will be monitored,No volumes will be monitored,,,,巻は監視されません,
Database,missing,Database,Database,,,,データベース,
Date,missing,,Date,,,,日付,
DateAdded,missing,,Date Added,,,,追加日,
Day,missing,,Day,,,,日,
DefaultCase,missing,,Default Case,,,,既定の大文字・小文字,
DefaultDelayProfileSeries,missing,,This is the default profile. It applies to all series that don't have an explicit profile.,,,,これは既定のプロファイルです。個別のプロファイルが設定されていないすべてのシリーズに適用されます。,
DefaultMetadataProfileIdHelpText,missing,Default Metadata Profile for authors detected in this folder,Default Metadata Profile for series detected in this folder,,,,このフォルダーで検出されたシリーズの既定のメタデータプロファイル,
DefaultMonitorOptionHelpText,missing,Which books should be monitored on initial add for authors detected in this folder,Which volumes should be monitored on initial add for series detected in this folder,,,,このフォルダーで検出されたシリーズを最初に追加するとき、どの巻を監視するか,
DefaultNameCopied,missing,,{name} - Copy,,,,{name} - コピー,
DefaultQualityProfileIdHelpText,missing,Default Quality Profile for authors detected in this folder,Default Quality Profile for series detected in this folder,,,,このフォルダーで検出されたシリーズの既定の品質プロファイル,
DefaultReadarrTags,missing,Default Readarr Tags,Default Mangarr Tags,,,,{appName}の既定のタグ,
DefaultTagsHelpText,missing,Default Readarr Tags for authors detected in this folder,Default Mangarr Tags for series detected in this folder,,,,このフォルダーで検出されたシリーズに付ける{appName}の既定のタグ,
DelayMinutes,missing,,{delay} Minutes,,,,{delay}分,
DelayProfileProtocol,missing,,Protocol: {preferredProtocol},,,,プロトコル：{preferredProtocol},
DelayingDownloadUntilInterp,upstream,,Delaying download until {0} at {1},,{1}で{0}までダウンロードを遅らせる,,{0} {1}までダウンロードを延期しています,"upstream fix: {0} = date, {1} = time (TimeleftCell); read {0} as a download name, plain form"
DeleteBackup,upstream,,Delete Backup,,バックアップを削除する,,バックアップを削除,upstream fix: label register (no する)
DeleteBackupMessageText,tokens,Are you sure you want to delete the backup '{name}'?,Are you sure you want to delete the backup '{name}'?,,バックアップ「{0}」を削除してもよろしいですか？,,バックアップ「{name}」を削除してもよろしいですか？,
DeleteBookFile,missing,Delete Book File,Delete Volume File,,,,巻のファイルを削除,
DeleteBookFileMessageText,missing,Are you sure you want to delete {0}?,Are you sure you want to delete {0}?,,,,{0}を削除してもよろしいですか？,
DeleteCondition,missing,Delete Condition,Delete Condition,,,,条件を削除,
DeleteConditionMessageText,tokens,Are you sure you want to delete condition '{name}'?,Are you sure you want to delete condition '{name}'?,,リスト「{0}」を削除してもよろしいですか？,,条件「{name}」を削除してもよろしいですか？,
DeleteCustomFormat,upstream,,Delete Custom Format,,カスタムフォーマットを削除する,,カスタムフォーマットを削除,upstream fix: label register (no する)
DeleteCustomFormatMessageText,tokens,Are you sure you want to delete the custom format '{name}'?,Are you sure you want to delete the custom format '{name}'?,,インデクサー「{0}」を削除してもよろしいですか？,,カスタムフォーマット「{name}」を削除してもよろしいですか？,
DeleteDelayProfile,upstream,,Delete Delay Profile,,遅延プロファイルの削除,,遅延プロファイルを削除,"upstream fix: label register, as the other Delete* buttons"
DeleteDownloadClient,upstream,,Delete Download Client,,ダウンロードクライアントを削除する,,ダウンロードクライアントを削除,upstream fix: label register (no する)
DeleteDownloadClientMessageText,tokens,Are you sure you want to delete the download client '{name}'?,Are you sure you want to delete the download client '{name}'?,,ダウンロードクライアント「{0}」を削除してもよろしいですか？,,ダウンロードクライアント「{name}」を削除してもよろしいですか？,
DeleteEmptyFolders,upstream,,Delete empty folders,,空のフォルダを削除する,,空のフォルダーを削除,upstream fix: label register; フォルダー
DeleteEmptyFoldersHelpText,vocab glossary:series glossary:volume stale,Delete empty author folders during disk scan and when book files are deleted,Delete empty series folders during disk scan and when volume files are deleted,,ディスクスキャン中およびムービーファイルが削除されたときに空のムービーフォルダを削除します,,ディスクスキャン中、および巻のファイルが削除されたときに、空のシリーズフォルダーを削除します,
DeleteFile,missing,,Delete File,,,,ファイルを削除,
DeleteFiles,missing,,Delete Files,,,,ファイルを削除,
DeleteFilesHelpText,missing,Delete the book files and author folder,Delete the volume files and series folder,,,,巻のファイルとシリーズフォルダーを削除します,
DeleteFormat,missing,Delete Format,Delete Format,,,,フォーマットを削除,
DeleteFormatMessageText,upstream,,Are you sure you want to delete format tag '{0}'?,,フォーマットタグ{0}を削除してもよろしいですか？,,フォーマットタグ「{0}」を削除してもよろしいですか？,upstream fix: quote style 「」
DeleteImportList,missing,Delete Import List,Delete Import List,,,,インポートリストを削除,
DeleteImportListExclusion,upstream,,Delete Import List Exclusion,,インポートリストの除外を削除する,,インポートリストの除外を削除,upstream fix: label register (no する)
DeleteImportListMessageText,tokens,Are you sure you want to delete the list '{name}'?,Are you sure you want to delete the list '{name}'?,,リスト「{0}」を削除してもよろしいですか？,,リスト「{name}」を削除してもよろしいですか？,
DeleteIndexer,upstream,,Delete Indexer,,インデクサーを削除する,,インデクサーを削除,upstream fix: label register (no する)
DeleteIndexerMessageText,tokens,Are you sure you want to delete the indexer '{name}'?,Are you sure you want to delete the indexer '{name}'?,,インデクサー「{0}」を削除してもよろしいですか？,,インデクサー「{name}」を削除してもよろしいですか？,
DeleteMetadataProfile,missing,Delete Metadata Profile,Delete Metadata Profile,,,,メタデータプロファイルを削除,
DeleteMetadataProfileMessageText,tokens,Are you sure you want to delete the metadata profile '{name}'?,Are you sure you want to delete the metadata profile '{name}'?,,品質プロファイル{0}を削除してもよろしいですか,,メタデータプロファイル「{name}」を削除してもよろしいですか？,
DeleteNotificationMessageText,tokens,Are you sure you want to delete the notification '{name}'?,Are you sure you want to delete the notification '{name}'?,,通知「{0}」を削除してもよろしいですか？,,通知「{name}」を削除してもよろしいですか？,
DeleteQualityProfile,upstream,,Delete Quality Profile,,品質プロファイルを削除する,,品質プロファイルを削除,upstream fix: label register (no する)
DeleteQualityProfileMessageText,tokens,Are you sure you want to delete the quality profile '{name}'?,Are you sure you want to delete the quality profile '{name}'?,,品質プロファイル{0}を削除してもよろしいですか,,品質プロファイル「{name}」を削除してもよろしいですか？,
DeleteReleaseProfile,upstream,,Delete Release Profile,,遅延プロファイルの削除,,リリースプロファイルを削除,upstream fix: named the delay profile
DeleteReleaseProfileMessageText,upstream,,Are you sure you want to delete this Release Profile?,,この遅延プロファイルを削除してもよろしいですか？,,このリリースプロファイルを削除してもよろしいですか？,upstream fix: named the delay profile
DeleteRemotePathMapping,upstream,,Delete Remote Path Mapping,,リモートパスマッピングの編集,,リモートパスマッピングを削除,upstream fix: said 'edit'
DeleteRemotePathMappingMessageText,missing,Are you sure you want to delete this remote path mapping?,Are you sure you want to delete this remote path mapping?,,,,このリモートパスマッピングを削除してもよろしいですか？,
DeleteRootFolder,missing,Delete Root Folder,Delete Root Folder,,,,ルートフォルダーを削除,
DeleteRootFolderMessageText,tokens,Are you sure you want to delete the root folder '{name}'?,Are you sure you want to delete the root folder '{name}'?,,インデクサー「{0}」を削除してもよろしいですか？,,ルートフォルダー「{name}」を削除してもよろしいですか？,
DeleteSelected,missing,Delete Selected,Delete Selected,,,,選択項目を削除,
DeleteSelectedBookFiles,vocab glossary:volume stale,Delete Selected Book Files,Delete Selected Volume Files,,選択したムービーファイルを削除する,,選択した巻のファイルを削除,
DeleteSelectedBookFilesMessageText,vocab glossary:volume stale,Are you sure you want to delete the selected book files?,Are you sure you want to delete the selected volume files?,,選択したムービーファイルを削除してもよろしいですか？,,選択した巻のファイルを削除してもよろしいですか？,
DeleteSelectedDownloadClients,upstream,,Delete Download Client(s),,ダウンロードクライアントを削除する,,ダウンロードクライアントを削除,upstream fix: label register (no する)
DeleteSelectedDownloadClientsMessageText,missing,Are you sure you want to delete {count} selected download client(s)?,Are you sure you want to delete {count} selected download client(s)?,,,,選択した{count}件のダウンロードクライアントを削除してもよろしいですか？,
DeleteSelectedImportLists,missing,Delete Import List(s),Delete Import List(s),,,,インポートリストを削除,
DeleteSelectedImportListsMessageText,missing,Are you sure you want to delete {count} selected import list(s)?,Are you sure you want to delete {count} selected import list(s)?,,,,選択した{count}件のインポートリストを削除してもよろしいですか？,
DeleteSelectedIndexers,upstream,,Delete Indexer(s),,インデクサーを削除する,,インデクサーを削除,upstream fix: label register (no する)
DeleteSelectedIndexersMessageText,missing,Are you sure you want to delete {count} selected indexer(s)?,Are you sure you want to delete {count} selected indexer(s)?,,,,選択した{count}件のインデクサーを削除してもよろしいですか？,
DeleteSelectedSeries,missing,,Delete Selected Series,,,,選択したシリーズを削除,
DeleteSelectedSeriesMessageText,missing,,Are you sure you want to delete {count} selected series?,,,,選択した{count}件のシリーズを削除してもよろしいですか？,
DeleteSelectedSeriesWithFilesMessageText,missing,,Are you sure you want to delete {count} selected series and all their contents?,,,,選択した{count}件のシリーズと、その内容をすべて削除してもよろしいですか？,
DeleteSelectedVolumes,missing,,Delete Selected Volumes,,,,選択した巻を削除,
DeleteSelectedVolumesMessageText,missing,,Are you sure you want to delete {count} selected volume(s)?,,,,選択した{count}件の巻を削除してもよろしいですか？,
DeleteSelectedVolumesWithFilesMessageText,missing,,Are you sure you want to delete {count} selected volume(s) and their files?,,,,選択した{count}件の巻と、そのファイルを削除してもよろしいですか？,
DeleteSeriesFolder,missing,,Delete Series Folder,,,,シリーズフォルダーを削除,
DeleteSeriesFolderHelpText,missing,,Delete the series folder and its contents,,,,シリーズフォルダーとその内容を削除します,
DeleteSeriesFolders,missing,,Delete Series Folders,,,,シリーズフォルダーを削除,
DeleteSeriesFoldersHelpText,missing,,Delete the series folders and their contents,,,,シリーズフォルダーとその内容を削除します,
DeleteSeriesModalHeader,missing,,Delete - {authorName},,,,削除 - {authorName},
DeleteVolumeFilesCount,missing,,Delete {count} Volume Files,,,,巻のファイル{count}件を削除,
DeleteVolumeFilesHelpText,missing,,Delete the volume files,,,,巻のファイルを削除します,
DeleteVolumeModalHeader,missing,,Delete - {title},,,,削除 - {title},
DelugeMusicCategoryHelpText,missing,,"Adding a category specific to Mangarr avoids conflicts with unrelated non-Mangarr downloads. Using a category is optional, but strongly recommended.",Deluge NzbVortex Nzbget QBittorrent RTorrent Sabnzbd UTorrent,,,{appName}専用のカテゴリーを追加すると、{appName}以外の無関係なダウンロードとの競合を避けられます。カテゴリーの使用は任意ですが、強くおすすめします。,
DelugeMusicImportedCategoryHelpText,missing,,Category for Mangarr to set after it has imported the download. Mangarr will not remove torrents in that category even if seeding finished. Leave blank to keep same category.,Deluge RTorrent,,,ダウンロードをインポートした後に{appName}が設定するカテゴリーです。{appName}は、シードが完了していてもこのカテゴリーのトレントを削除しません。同じカテゴリーのままにする場合は空欄にします。,
DelugeOlderTvPriorityHelpText,missing,,Priority to use when grabbing books that were released over 14 days ago,Deluge,,,14日以上前に発売された巻を取得するときに使用する優先度,
DelugeRecentTvPriorityHelpText,missing,,Priority to use when grabbing books that were released within the last 14 days,Deluge,,,過去14日以内に発売された巻を取得するときに使用する優先度,
DelugeUrlBase,missing,,Url Base,Deluge Flood Hadouken NzbVortex Nzbget QBittorrent Sabnzbd Subsonic Transmission UTorrent,,,URLベース,
DelugeUrlBaseHelpText,missing,,"Adds a prefix to the deluge json url, see http://[host]:[port]/[urlBase]/json",Deluge,,,DelugeのJSON URLにプレフィックスを追加します。http://[host]:[port]/[urlBase]/json を参照してください,
DelugeUseSslHelpText,missing,,Use secure connection when connecting to Deluge,Deluge,,,Delugeへの接続に安全な接続を使用します,
Destination,missing,,Destination,Flood,,,保存先,
DetailedProgressBarHelpText,upstream,,Show text on progress bar,,プログレスバーにテキストを表示する,,プログレスバーにテキストを表示します,upstream fix: help-text register (ます)
Details,missing,,Details,,,,詳細,
Development,missing,Development,Development,,,,開発,
DeviceIDs,missing,,Device IDs,Join PushBullet,,,デバイスID,
DeviceNames,missing,,Device Names,Join,,,デバイス名,
Devices,missing,,Devices,Pushover,,,デバイス,
DirectMessage,missing,,Direct Message,Twitter,,,ダイレクトメッセージ,
Directory,missing,,Directory,DownloadStation RTorrent Transmission,,,ディレクトリ,
DiscCount,missing,Disc Count,Disc Count,,,,ディスク数,
DiscNumber,missing,Disc Number,Disc Number,,,,ディスク番号,
DiscographySeedTime,missing,,Discography Seed Time,SeedCriteria,,,全巻パックのシード時間,Lidarr's discography = a whole-series pack
DiscordAuthorHelpText,missing,,"Override the Host that shows for this notification, Blank is machine name",Discord,,,この通知に表示するホストを上書きします。空欄の場合はマシン名になります,
DiscordAvatarHelpText,missing,,Change the avatar that is used for messages from this integration,Discord,,,この連携からのメッセージに使用するアバターを変更します,
DiscordUsernameHelpText,missing,,"The username to post as, defaults to Discord webhook default",Discord,,,投稿に使用するユーザー名。既定はDiscord Webhookの既定値です,
DiscordWebHookUrlHelpText,missing,,Discord channel webhook url,Discord,,,DiscordチャンネルのWebhook URL,
DiskSpace,upstream,,Disk Space,,ディスクスペース,,ディスク容量,upstream fix: disk-space table beside FreeSpace 空き容量
DoNotBlocklist,missing,Do not Blocklist,Do not Blocklist,,,,ブロックリストに追加しない,
DoNotBlocklistHint,missing,Remove without blocklisting,Remove without blocklisting,,,,ブロックリストに追加せずに削除します,
DoNotPrefer,missing,,Do not Prefer,,,,優先しない,
DoNotUpgradeAutomatically,missing,,Do not Upgrade Automatically,,,,自動的にアップグレードしない,
DockerUpdater,upstream,,Update the docker container to receive the update,,Dockerコンテナを更新して、更新を受信します,,アップデートを受け取るには、Dockerコンテナを更新してください,upstream fix: app updates = アップデート
DoneEditingGroups,missing,,Done Editing Groups,,,,グループの編集を完了,
Download,missing,,Download,,,,ダウンロード,
DownloadClient,upstream,,Download Client,,クライアントのダウンロード,,ダウンロードクライアント,upstream fix: クライアントのダウンロード = 'downloading a client'
DownloadClientCheckDownloadingToRoot,upstream,,Download client {0} places downloads in the root folder {1}. You should not download to a root folder.,,ダウンロードクライアント{0}は、ダウンロードをルートフォルダ{1}に配置します。ルートフォルダにダウンロードしないでください。,,ダウンロードクライアント{0}は、ダウンロードをルートフォルダー{1}に配置します。ルートフォルダーにはダウンロードしないでください。,upstream fix: ルートフォルダー
DownloadClientDelugeSettingsDirectory,missing,Download Directory,Download Directory,Deluge,,,ダウンロードディレクトリ,
DownloadClientDelugeSettingsDirectoryCompleted,missing,Move When Completed Directory,Move When Completed Directory,Deluge,,,完了時の移動先ディレクトリ,
DownloadClientDelugeSettingsDirectoryCompletedHelpText,missing,"Optional location to move completed downloads to, leave blank to use the default Deluge location","Optional location to move completed downloads to, leave blank to use the default Deluge location",Deluge,,,完了したダウンロードの移動先（任意）。Delugeの既定の場所を使用する場合は空欄にします,
DownloadClientDelugeSettingsDirectoryHelpText,missing,"Optional location to put downloads in, leave blank to use the default Deluge location","Optional location to put downloads in, leave blank to use the default Deluge location",Deluge,,,ダウンロードの保存先（任意）。Delugeの既定の場所を使用する場合は空欄にします,
DownloadClientQbittorrentSettingsContentLayout,missing,Content Layout,Content Layout,QBittorrent,,,コンテンツのレイアウト,
DownloadClientQbittorrentSettingsContentLayoutHelpText,missing,"Whether to use qBittorrent's configured content layout, the original layout from the torrent or always create a subfolder (qBittorrent 4.3.2+)","Whether to use qBittorrent's configured content layout, the original layout from the torrent or always create a subfolder (qBittorrent 4.3.2+)",QBittorrent,,,qBittorrentで設定されたコンテンツのレイアウトを使うか、トレントの元のレイアウトを使うか、常にサブフォルダーを作成するか（qBittorrent 4.3.2以降）,
DownloadClientRemovesCompletedDownloadsHealthCheckMessage,missing,Download client {0} is set to remove completed downloads. This can result in downloads being removed from your client before {1} can import them.,Download client {0} is set to remove completed downloads. This can result in downloads being removed from your client before {1} can import them.,,,,ダウンロードクライアント{0}は、完了したダウンロードを削除するように設定されています。そのため、{1}がインポートする前にダウンロードがクライアントから削除される可能性があります。,
DownloadClientSettings,upstream,,Download Client Settings,,クライアント設定のダウンロード,,ダウンロードクライアントの設定,upstream fix: 'client settings download'
DownloadClientStatusCheckSingleClientMessage,upstream,,Download clients unavailable due to failures: {0},,失敗のためにダウンロードできないクライアント：{0},,障害のため利用できないダウンロードクライアント：{0},upstream fix: 'clients that cannot download'
DownloadClientTagHelpText,missing,Only use this download client for authors with at least one matching tag. Leave blank to use with all authors.,Only use this download client for series with at least one matching tag. Leave blank to use with all series.,,,,少なくとも1つのタグが一致するシリーズにのみ、このダウンロードクライアントを使用します。すべてのシリーズで使用する場合は空欄にします。,
DownloadClients,upstream,,Download Clients,,クライアントのダウンロード,,ダウンロードクライアント,upstream fix: クライアントのダウンロード = 'downloading a client'
DownloadClientsLoadError,missing,,Unable to load download clients.,,,,ダウンロードクライアントを読み込めません。,
DownloadClientsSettingsSummary,upstream,,"Download clients, download handling and remote path mappings",,クライアントのダウンロード、ダウンロード処理、リモートパスマッピング,,ダウンロードクライアント、ダウンロード処理、リモートパスマッピング,upstream fix: クライアントのダウンロード
DownloadCompleted,missing,,Download Completed,,,,ダウンロード完了,
DownloadFailed,missing,,Download Failed,,,,ダウンロード失敗,
DownloadIgnored,missing,,Download Ignored,,,,ダウンロード無視,
DownloadPropersAndRepacksHelpTextWarning,missing,,Use custom formats for automatic upgrades to propers/repacks,,,,PROPER/REPACKへの自動アップグレードにはカスタムフォーマットを使用してください,
DownloadPropersAndRepacksHelpTexts1,upstream,,Whether or not to automatically upgrade to Propers/Repacks,,Propers / Repacksに自動的にアップグレードするかどうか,,PROPER/REPACKに自動的にアップグレードするかどうか,upstream fix: PROPER/REPACK as elsewhere
DownloadPropersAndRepacksHelpTexts2,missing,Use 'Do not Prefer' to sort by preferred word score over propers/repacks,Use 'Do not Prefer' to sort by preferred word score over propers/repacks,,,,PROPER/REPACKよりも優先ワードのスコアで並べ替えるには「優先しない」を使用します,
DownloadStationMusicCategoryHelpText,missing,,"Adding a category specific to Mangarr avoids conflicts with unrelated non-Mangarr downloads. Using a category is optional, but strongly recommended. Creates a [category] subdirectory in the output directory.",DownloadStation,,,{appName}専用のカテゴリーを追加すると、{appName}以外の無関係なダウンロードとの競合を避けられます。カテゴリーの使用は任意ですが、強くおすすめします。出力ディレクトリに[category]サブディレクトリが作成されます。,
DownloadStationTvDirectoryHelpText,missing,,"Optional shared folder to put downloads into, leave blank to use the default Download Station location",DownloadStation,,,ダウンロードの保存先となる共有フォルダー（任意）。Download Stationの既定の場所を使用する場合は空欄にします,
DownloadStationUseSslHelpText,missing,,Use secure connection when connecting to Download Station,DownloadStation,,,Download Stationへの接続に安全な接続を使用します,
DownloadWarning,missing,,Download Warning,,,,ダウンロードの警告,
Downloaded,missing,,Downloaded,,,,ダウンロード済み,
DownloadedImportFailed,missing,,Downloaded – Import Failed,,,,ダウンロード済み – インポート失敗,
DownloadedImporting,missing,,Downloaded – Importing,,,,ダウンロード済み – インポート中,
DownloadedUnableToImport,missing,,Downloaded – Unable to Import,,,,ダウンロード済み – インポートできません,
DownloadedWaitingToImport,missing,,Downloaded – Waiting to Import,,,,ダウンロード済み – インポート待ち,
DownloadedWaitingToProcess,missing,,Downloaded – Waiting to Process,,,,ダウンロード済み – 処理待ち,
Downloading,missing,,Downloading,,,,ダウンロード中,
DownloadingProgress,missing,,Downloading {progress}%,,,,ダウンロード中：{progress}%,
Duration,missing,Duration,Duration,,,,所要時間,
EarlyDownloadLimit,missing,,Early Download Limit,FileList Gazelle IPTorrents Newznab Nyaa TorrentRssIndexer Torrentleech,,,早期ダウンロードの制限,
Ebook,missing,,Ebook,,,,電子書籍,
EbookEdition,missing,,Ebook Edition,,,,電子書籍版,
EbookQualityProfile,missing,,Ebook Quality Profile,,,,電子書籍品質プロファイル,
EbookQualityProfileNamed,missing,,Ebook Quality Profile: {name},,,,電子書籍品質プロファイル：{name},
EditAudiobookStorage,missing,,Edit Audiobook Storage,,,,オーディオブックの保存先を編集,
EditAuthor,missing,Edit Author,Edit Series,,,,シリーズを編集,
EditBook,missing,Edit Book,Edit Volume,,,,巻を編集,
EditBookModalHeader,missing,,Edit - {title},,,,編集 - {title},
EditConditionImplementation,missing,,Edit Condition - {implementationName},,,,条件を編集 - {implementationName},
EditConnectionImplementation,missing,,Edit Connection - {implementationName},,,,接続を編集 - {implementationName},
EditCustomFormat,missing,,Edit Custom Format,,,,カスタムフォーマットを編集,
EditDelayProfile,missing,,Edit Delay Profile,,,,遅延プロファイルを編集,
EditDownloadClientImplementation,missing,,Edit Download Client - {implementationName},,,,ダウンロードクライアントを編集 - {implementationName},
EditEbookStorage,missing,,Edit Ebook Storage,,,,電子書籍の保存先を編集,
EditGroups,missing,,Edit Groups,,,,グループを編集,
EditImportListExclusion,missing,,Edit Import List Exclusion,,,,インポートリストの除外を編集,
EditIndexerImplementation,missing,,Edit Indexer - {implementationName},,,,インデクサーを編集 - {implementationName},
EditList,missing,Edit List,Edit List,,,,リストを編集,
EditMetadata,missing,,Edit {metadataType} Metadata,,,,{metadataType}のメタデータを編集,
EditMetadataProfile,missing,,Edit Metadata Profile,,,,メタデータプロファイルを編集,
EditQualityProfile,missing,,Edit Quality Profile,,,,品質プロファイルを編集,
EditReleaseProfile,missing,,Edit Release Profile,,,,リリースプロファイルを編集,
EditRemotePathMapping,missing,,Edit Remote Path Mapping,,,,リモートパスマッピングを編集,
EditRootFolder,missing,,Edit Root Folder,,,,ルートフォルダーを編集,
EditSelectedDownloadClients,missing,Edit Selected Download Clients,Edit Selected Download Clients,,,,選択したダウンロードクライアントを編集,
EditSelectedImportLists,missing,Edit Selected Import Lists,Edit Selected Import Lists,,,,選択したインポートリストを編集,
EditSelectedIndexers,missing,Edit Selected Indexers,Edit Selected Indexers,,,,選択したインデクサーを編集,
EditSeriesModalHeader,missing,,Edit - {authorName},,,,編集 - {authorName},
Edition,glossary:exact,Edition,Edition,,版,,エディション,
EditionAuto,missing,,Auto: {edition},,,,自動：{edition},
EditionAutoEnglish,missing,,Auto: Falls back to English,,,,自動：英語にフォールバック,
EditionChangeHelpText,missing,,"Volumes take the edition's numbering, dates, ISBNs, covers and descriptions; files stay attached and nothing is searched",,,,巻はエディションの番号、日付、ISBN、表紙、説明を引き継ぎます。ファイルは紐付いたままで、検索は行われません,
EditionDifferentNumbering,missing,,Different numbering,,,,番号付けが異なる,
EditionFilesCount,missing,,{count} files,,,,{count}件のファイル,
EditionFilesCountOne,missing,,1 file,,,,1件のファイル,
EditionHelpText,missing,,"The market edition this series follows: its volumes, dates, covers and search language",,,,このシリーズが従う市場別のエディション（巻、日付、表紙、検索言語）,
EditionLines,missing,,{count} lines,,,,{count}ライン,OpenTome catalogue lines per market; ライン kept as opaque as English 'line'
EditionNoOptionsHelpText,missing,,No other edition of this series in the catalogue yet; a refresh binds its line,,,,カタログにはまだこのシリーズの他のエディションがありません。更新するとラインが紐付けられます,
EditionOptionLabel,missing,,{name} · {count} Vols,,,,{name} · {count}巻,
EditionOptionLabelOne,missing,,{name} · 1 Vol.,,,,{name} · 1巻,
EditionPreview,missing,,Preview,,,,プレビュー,
EditionRefreshRunning,missing,,A refresh is running for this series; try again when it finishes,,,,このシリーズの更新を実行中です。完了してからもう一度お試しください,
EditionRenameTo,missing,,"Rename to ""{name}""",,,,「{name}」に名前を変更,
EditionSameNumbering,missing,,Same numbering,,,,番号付けが同じ,
EditionsHelpText,missing,Change edition for this book,Change edition for this volume,,,,この巻のエディションを変更,
EmailAttachFilesHelpText,missing,,Add books as an attachment on import,Email,,,インポート時に巻のファイルを添付します,
EmailBccHelpText,missing,,Comma seperated list of email bcc recipients,Email,,,BCC受信者のメールアドレス（カンマ区切り）,
EmailCcHelpText,missing,,Comma seperated list of email cc recipients,Email,,,CC受信者のメールアドレス（カンマ区切り）,
EmailRequireEncryptionHelpText,missing,,Require SSL (Port 465 only) or StartTLS (any other port),Email,,,SSL（ポート465のみ）またはStartTLS（その他のポート）を必須にします,
EmailServerHelpText,missing,,Hostname or IP of Email server,Email,,,メールサーバーのホスト名またはIP,
EmailToHelpText,missing,,Comma seperated list of email recipients,Email,,,受信者のメールアドレス（カンマ区切り）,
EmbedMetadata,missing,,Embed Metadata,,,,メタデータの埋め込み,
EmbedMetadataConfirm,missing,,"Embed ComicInfo.xml (series, volume, dates, summary, reading direction) into every CBZ in your library so readers like Komga and Calibre show the metadata. Existing archives are rewritten in place with a verified backup per file; images are never altered. Continue?",,,,ライブラリ内のすべてのCBZにComicInfo.xml（シリーズ、巻、日付、あらすじ、読む方向）を埋め込み、KomgaやCalibreなどのリーダーでメタデータを表示できるようにします。既存のアーカイブは、ファイルごとに検証済みのバックアップを取ったうえでその場で書き換えられます。画像が変更されることはありません。続行しますか？,
EmbedMetadataHelpText,missing,Tell Calibre to write metadata into the actual book file,Tell Calibre to write metadata into the actual volume file,,,,巻のファイル自体にメタデータを書き込むようCalibreに指示します,
EmbedMetadataInBookFiles,missing,Embed Metadata in Book Files,Embed Metadata in Volume Files,,,,巻のファイルへのメタデータ埋め込み,
EnableAutomaticAddHelpText,missing,Add author/books to Readarr when syncs are performed via the UI or by Readarr,Add series/volumes to Mangarr when syncs are performed via the UI or by Mangarr,,,,UIまたは{appName}によって同期が実行されたときに、シリーズ／巻を{appName}に追加します,
EnableColorImpairedMode,upstream,,Enable Color-Impaired Mode,,色障害モードを有効にする,,色覚サポートモードを有効にする,upstream fix: 色障害 is not a term
EnableColorImpairedModeHelpText,upstream,,Altered style to allow color-impaired users to better distinguish color coded information,,色が損なわれたユーザーが色分けされた情報をよりよく区別できるようにスタイルを変更,,色覚に障害のあるユーザーが色分けされた情報を区別しやすいようにスタイルを変更します,upstream fix: 色が損なわれたユーザー = 'users whose colour is damaged'
EnableHelpText,upstream,,Enable metadata file creation for this metadata type,,このメタデータタイプのメタデータファイルの作成を有効にする,,このメタデータタイプのメタデータファイルの作成を有効にします,upstream fix: help-text register (ます)
EnableProfile,missing,Enable Profile,Enable Profile,,,,プロファイルを有効にする,
EnableRssHelpText,missing,Will be used when Readarr periodically looks for releases via RSS Sync,Will be used when Mangarr periodically looks for releases via RSS Sync,,,,{appName}がRSS同期で定期的にリリースを探すときに使用されます,
EnableSslHelpText,upstream,, Requires restart running as administrator to take effect,, 有効にするには、管理者として実行を再開する必要があります,, 有効にするには、管理者として実行して再起動する必要があります,upstream fix: 再開 = resume
EnabledHelpText,missing,Check to enable release profile,Check to enable release profile,,,,チェックするとリリースプロファイルが有効になります,
Ended,upstream,,Ended,,終了しました,,完結,"upstream fix: series status, as EndedOnly / EndedAllBooksDownloaded / StatusEndedEnded; the Tasks → Queued end-time column now has its own key QueuedTaskEndedColumn"
EndedAllBooksDownloaded,missing,Ended (All books downloaded),Ended (All volumes downloaded),,,,完結（全巻ダウンロード済み）,
EndedOnly,missing,,Ended Only,,,,完結のみ,
EntityName,missing,Entity Name,Entity Name,,,,エンティティ名,
Error,missing,,Error,,,,エラー,
ErrorBoundaryCaption,missing,,{appName} tripped over its own cables. The details are below.,,,,{appName}が自分のケーブルにつまずきました。詳細は以下のとおりです。,
ErrorFetchingCutoffUnmet,missing,,Error fetching cutoff unmet,,,,カットオフ未達の取得中にエラーが発生しました,
ErrorFetchingMissingItems,missing,,Error fetching missing items,,,,欠落項目の取得中にエラーが発生しました,
ErrorLoadingContent,missing,There was an error loading this content,There was an error loading this content,,,,このコンテンツの読み込み中にエラーが発生しました,
ErrorRestoringBackup,missing,,Error restoring backup,,,,バックアップの復元中にエラーが発生しました,
Event,missing,,Event,Simplepush,,,イベント,Simplepush event
EventType,missing,,Event Type,,,,イベントの種類,
ExistingBooks,missing,Existing Books,Existing Volumes,,,,既存の巻,
ExistingFilesWillBeDeleted,missing,,Existing files will be deleted,,,,既存のファイルは削除されます,
ExistingItems,missing,Existing Items,Existing Items,,,,既存の項目,
ExistingTagsScrubbed,missing,Existing tags scrubbed,Existing tags scrubbed,,,,既存のタグを消去しました,
Expire,missing,,Expire,Pushover,,,有効期限,Pushover emergency-priority expire interval
ExportCustomFormat,upstream,,Export Custom Format,,カスタムフォーマットのエクスポート,,カスタムフォーマットをエクスポート,"upstream fix: label register, as ImportCustomFormat"
External,missing,External,External,,,,外部,
ExternalUpdater,upstream,,{appName} is configured to use an external update mechanism,,{appName}は、外部更新メカニズムを使用するように構成されています,,{appName}は外部のアップデート機構を使用するように設定されています,upstream fix: app updates = アップデート
ExtraFileExtensionsHelpTextsExamples,upstream,,"Examples: '.sub, .nfo' or 'sub,nfo'",,例： '。sub、.nfo'または 'sub、nfo',,"例：「.sub, .nfo」または「sub,nfo」",upstream fix: the literal examples had been turned into full-width 。 and 、
FailedDownloadHandling,upstream,,Failed Download Handling,,ダウンロード処理の失敗,,失敗したダウンロードの処理,upstream fix: read 'failure of download handling'
FailedToAddToDownloadQueue,missing,,Failed to add to download queue,,,,ダウンロードキューへの追加に失敗しました,
FailedToFetchSettings,missing,Failed to fetch settings,Failed to fetch settings,,,,設定の取得に失敗しました,
FailedToFetchUpdates,missing,Failed to fetch updates,Failed to fetch updates,,,,アップデートの取得に失敗しました,
FailedToLoadQueue,upstream,,Failed to load Queue,,キューのロードに失敗しました,,キューの読み込みに失敗しました,"upstream fix: 読み込み, not ロード, as the rest of the file"
FailedToLoadSeriesFromApi,missing,,Failed to load series from API,,,,APIからシリーズを読み込めませんでした,
FailedToLoadVolumesFromApi,missing,,Failed to load volumes from API,,,,APIから巻を読み込めませんでした,
Faq,missing,,FAQ,,,,FAQ,
FeatureRequests,missing,,Feature Requests,,,,機能リクエスト,
FeedURL,missing,,Feed URL,IPTorrents,,,フィードURL,
File,missing,,File,,,,ファイル,
FileBrowser,missing,,File Browser,,,,ファイルブラウザー,
FileCount,missing,,File Count,,,,ファイル数,
FileDateHelpText,upstream,,Change file date on import/rescan,,インポート/再スキャン時にファイルの日付を変更する,,インポート／再スキャン時にファイルの日付を変更します,upstream fix: help-text register (ます)
FileDetails,missing,File Details,File Details,,,,ファイルの詳細,
FileListBaseUrlHelpText,missing,,Do not change this unless you know what you're doing. Since your API key will be sent to that host.,FileList,,,APIキーがそのホストに送信されるため、内容を理解していない場合は変更しないでください。,
FileListCategoriesHelpText,missing,,Categories for use in search and feeds,FileList,,,検索とフィードで使用するカテゴリー,
FileListEarlyReleaseLimitHelpText,missing,,"Time before release date Mangarr will download from this indexer, empty is no limit",FileList Gazelle IPTorrents Newznab Nyaa TorrentRssIndexer Torrentleech,,,{appName}がこのインデクサーから発売日前にダウンロードできる期間。空欄の場合は制限なし,
FileListMinimumSeedersHelpText,missing,,Minimum number of seeders required.,FileList Gazelle IPTorrents Nyaa TorrentRssIndexer Torrentleech Torznab,,,必要なシーダーの最小数。,
FileListRejectBlocklistedTorrentHashesWhileGrabbingHelpText,missing,,"If a torrent is blocked by hash it may not properly be rejected during RSS/Search for some indexers, enabling this will allow it to be rejected after the torrent is grabbed, but before it is sent to the client.",FileList Gazelle IPTorrents Nyaa TorrentRssIndexer Torrentleech Torznab,,,ハッシュでブロックされたトレントは、一部のインデクサーではRSS／検索時に正しく拒否されない場合があります。これを有効にすると、トレントを取得した後、クライアントに送信する前に拒否できます。,
FileNameTokens,missing,,File Name Tokens,,,,ファイル名のトークン,
FileParts,missing,,({count} parts),,,,（{count}パート）,
FileSize,missing,,Size,,,,サイズ,
FilesTotal,missing,Files  ({0}),Files  ({0}),,,,ファイル（{0}）,
Filter,missing,,Filter,,,,フィルター,
FilterAnalyticsEvents,missing,Filter Analytics Events,Filter Analytics Events,,,,分析イベントをフィルター,
FilterAuthor,missing,Filter Author,Filter Series,,,,シリーズをフィルター,
FilterContains,missing,,contains,,,,を含む,
FilterDoesNotContain,missing,,does not contain,,,,を含まない,
FilterDoesNotEndWith,missing,,does not end with,,,,で終わらない,
FilterDoesNotStartWith,missing,,does not start with,,,,で始まらない,
FilterEndsWith,missing,,ends with,,,,で終わる,
FilterEqual,missing,,equal,,,,等しい,
FilterGreaterThan,missing,,greater than,,,,より大きい,
FilterGreaterThanOrEqual,missing,,greater than or equal,,,,以上,
FilterInLast,missing,,in the last,,,,過去の期間内,
FilterInNext,missing,,in the next,,,,今後の期間内,
FilterIs,missing,,is,,,,である,
FilterIsAfter,missing,,is after,,,,より後,
FilterIsBefore,missing,,is before,,,,より前,
FilterIsNot,missing,,is not,,,,ではない,
FilterLessThan,missing,,less than,,,,より小さい,
FilterLessThanOrEqual,missing,,less than or equal,,,,以下,
FilterLightNovelAudio,missing,,Audiobooks,,,,オーディオブック,
FilterLightNovelBoth,missing,,Missing Both,,,,両方欠落,
FilterLightNovelBothCutoff,missing,,Both Below Cutoff,,,,両方カットオフ未満,
FilterLightNovelEbook,missing,,Ebooks,,,,電子書籍,
FilterNotEqual,missing,,not equal,,,,等しくない,
FilterNotInLast,missing,,not in the last,,,,過去の期間外,
FilterNotInNext,missing,,not in the next,,,,今後の期間外,
FilterPlaceHolder,missing,Filter Book,Filter Volume,,,,巻をフィルター,
FilterSentryEventsHelpText,missing,Filter known user error events from being sent as Analytics,Filter known user error events from being sent as Analytics,,,,既知のユーザーエラーイベントを分析データとして送信しないようにします,
FilterSeriesPack,missing,,Series Pack,,,,シリーズパック,
FilterSingleVolume,missing,,Single Volume,,,,単巻,
FilterStartsWith,missing,,starts with,,,,で始まる,
FilterValueFalse,missing,,false,,,,いいえ,
FilterValueTrue,missing,,true,,,,はい,
Filters,upstream,,Filters,,フィルタ,,フィルター,"upstream fix: one spelling, フィルター"
FirstAndLastFirst,missing,,First and Last First,QBittorrent,,,最初と最後のピースを優先,
FirstBook,missing,First Book,First Volume,,,,最初の巻,
FirstName,missing,,First Name,,,,名,
FirstPage,missing,,First page,,,,最初のページ,
FixMatch,missing,,Fix Match,,,,紐付けを修正,
FixMatchHelpText,missing,,"The AniList entry this series takes its poster, description and aliases from; kept across refreshes",,,,このシリーズのポスター、説明、別名の取得元となるAniListのエントリー。更新後も保持されます,
FixMatchPopularity,missing,,pop {popularity},,,,人気度：{popularity},
FixMatchSaveFailed,missing,,The match could not be saved. Check the log.,,,,紐付けを保存できませんでした。ログを確認してください。,
FixMatchSearchFailed,missing,,AniList could not be searched. Check the log and try again.,,,,AniListを検索できませんでした。ログを確認して、もう一度お試しください。,
FixMatchTooltip,missing,,"Bind this series to a different AniList entry (title, poster and volume count follow it)",,,,このシリーズを別のAniListエントリーに紐付けます（タイトル、ポスター、巻数もそれに従います）,
FixMatchVolumes,missing,,{volumes} vols,,,,{volumes}巻,
Fixed,upstream,,Fixed,,修繕,,修正,upstream fix: 修繕 = repairing a building (changelog heading)
FlipPageOrder,missing,,Flip Page Order,,,,ページ順を反転,
FlipPageOrderDisabledTooltip,missing,,Needs a CBZ file,,,,CBZファイルが必要です,
FlipPageOrderHint,missing,,"A correctly ordered volume shows its cover as the FIRST page. If the cover is on the right (last page), the file is reversed — flip it. Flipping again undoes it.",,,,正しい順序の巻では、表紙が「最初」のページに表示されます。表紙が右側（最後のページ）にある場合はファイルが逆順になっているので、反転してください。もう一度反転すると元に戻ります。,
FlipPageOrderModalHeader,missing,,Flip Page Order - {bookTitle},,,,ページ順を反転 - {bookTitle},
FlipPageOrderTooltip,missing,,Reverse the page order of this volume's CBZ (for right-to-left scans stored backwards),,,,この巻のCBZのページ順を逆にします（逆順で保存された右綴じのスキャン向け）,
FloodAdditionalTagsHelpText,missing,,Adds properties of media as tags. Hints are examples.,Flood,,,メディアのプロパティをタグとして追加します。ヒントは例です。,
FloodDestinationHelpText,missing,,Manually specifies download destination,Flood,,,ダウンロードの保存先を手動で指定します,
FloodPostImportTagsHelpText,missing,,Appends tags after a download is imported.,Flood,,,ダウンロードのインポート後にタグを追加します。,
FloodTagsHelpText,missing,,"Initial tags of a download. To be recognized, a download must have all initial tags. This avoids conflicts with unrelated downloads.",Flood,,,ダウンロードの初期タグです。ダウンロードとして認識されるには、すべての初期タグが付いている必要があります。これにより無関係なダウンロードとの競合を避けられます。,
FloodUrlBaseHelpText,missing,,"Optionally adds a prefix to Flood API, such as [protocol]://[host]:[port]/[urlBase]api",Flood,,,Flood APIにプレフィックスを追加します（任意）。例：[protocol]://[host]:[port]/[urlBase]api,
FloodUseSslHelpText,missing,,Use secure connection when connecting to Flood,Flood,,,Floodへの接続に安全な接続を使用します,
FocusSearchBox,missing,,Focus Search Box,,,,検索ボックスにフォーカス,
Folder,upstream,,Folder,,フォルダ,,フォルダー,"upstream fix: one spelling, フォルダー (Folders already says it)"
ForNewImportsOnly,missing,,For new imports only,,,,新しいインポートのみ,
Forecast,missing,,Forecast,,,,今後の予定,
ForeignId,missing,Foreign ID,Foreign ID,,,,外部ID,
ForeignIdHelpText,missing,The Foreign Id of the author/book to exclude,The Foreign Id of the series/volume to exclude,,,,除外するシリーズ／巻の外部ID,
FormatAgeDay,missing,,{age} day,,,,{age}日,
FormatAgeDays,missing,,{age} days,,,,{age}日,
FormatAgeHour,missing,,{age} hour,,,,{age}時間,
FormatAgeHours,missing,,{age} hours,,,,{age}時間,
FormatAgeMinute,missing,,{age} minute,,,,{age}分,
FormatAgeMinutes,missing,,{age} minutes,,,,{age}分,
FormatShortTimeSpanHours,missing,,{hours} hour(s),,,,{hours}時間,
FormatShortTimeSpanMinutes,missing,,{minutes} minute(s),,,,{minutes}分,
FormatShortTimeSpanSeconds,missing,,{seconds} second(s),,,,{seconds}秒,
FreeSpace,upstream,,Free Space,,フリースペース,,空き容量,upstream fix: 空き容量 as MinimumFreeSpace
From,missing,,From,,,,送信元,
FromAddress,missing,,From Address,Email Mailgun SendGrid,,,送信元アドレス,
FullRSSFeedURL,missing,,Full RSS Feed URL,TorrentRssIndexer,,,RSSフィードの完全なURL,
FullURL,missing,,Full URL,Readarr,,,完全なURL,
FutureBooks,missing,Future Books,Future Volumes,,,,今後の巻,
FutureDays,missing,Future Days,Future Days,,,,今後の日数,
FutureDaysHelpText,missing,Days for iCal feed to look into the future,Days for iCal feed to look into the future,,,,iCalフィードに含める今後の日数,
GazelleBaseUrl,missing,,URL,Gazelle Newznab Webhook,,,URL,
GazelleBaseUrlHelpText,missing,,Do not change this unless you know what you're doing. Since your cookie will be sent to that host.,Gazelle,,,Cookieがそのホストに送信されるため、内容を理解していない場合は変更しないでください。,
GazelleUseFreeleechTokenHelpText,missing,,Will cause grabbing to fail if you do not have any tokens available,Gazelle,,,利用可能なトークンがない場合、取得に失敗します,
GeneralSettingsSummary,upstream,,"Port, SSL, username/password, proxy, analytics and updates",,ポート、SSL、ユーザー名/パスワード、プロキシ、分析、更新,,ポート、SSL、ユーザー名／パスワード、プロキシ、分析、アップデート,"upstream fix: app updates = アップデート, as the Updates page"
Generated,missing,,Generated,,,,生成日時,
Genres,missing,,Genres,,,,ジャンル,
GoToAuthorListing,missing,Go to author listing,Go to series listing,,,,シリーズ一覧へ移動,
GoodreadsListImportListListIdHelpText,missing,,Goodreads list ID,GoodreadsListImportList,,,GoodreadsのリストID,
GoodreadsOwnedBooksNotificationLocationHelpText,missing,,Will be displayed on Goodreads website,GoodreadsOwnedBooksNotification,,,Goodreadsのウェブサイトに表示されます,
GoodreadsSeriesImportListSeriesIdHelpText,missing,,Goodreads series ID,GoodreadsSeriesImportList,,,GoodreadsのシリーズID,
GoodreadsSettingsBaseUserIdHelpText,missing,,User Id to import from. Leave blank to use the authenticated Goodreads user.,GoodreadsSettingsBase,,,インポート元のユーザーID。認証済みのGoodreadsユーザーを使用する場合は空欄にします。,
GoodreadsSettingsBaseUserName,missing,,User Name,GoodreadsSettingsBase Ntfy,,,ユーザー名,
GoogleBooks,missing,,Google Books,,,,Google Books,
GoogleBooksApiKey,missing,,Google Books API Key,,,,Google Books APIキー,
GoogleBooksApiKeyHelpText,missing,,Optional; raises the Google Books lookup quota,,,,任意。Google Booksの検索の割り当て量が増えます,
GotifyAppTokenHelpText,missing,,The Application Token generated by Gotify,Gotify,,,Gotifyで生成されたアプリケーショントークン,
GotifyPriorityHelpText,missing,,Priority of the notification,Gotify,,,通知の優先度,
GotifyServer,missing,,Gotify Server,Gotify,,,Gotifyサーバー,
GotifyServerHelpText,missing,,"Gotify server URL, including http(s):// and port if needed",Gotify,,,GotifyサーバーのURL（http(s)://と、必要に応じてポートを含む）,
Grab,upstream,,Grab,,つかむ,,取得,upstream fix: つかむ = physically grab; grab = 取得
GrabID,upstream,,Grab ID,,IDを取得,,ダウンロードID,upstream fix: IDを取得 = 'get the ID'; the value shown is the download id
GrabRelease,upstream,,Grab Release,,グラブリリース,,リリースを取得,upstream fix: グラブリリース
GrabReleaseMessageText,vocab glossary:series glossary:volume stale,Readarr was unable to determine which author and book this release was for. Readarr may be unable to automatically import this release. Do you want to grab '{0}'?,Mangarr was unable to determine which series and volume this release was for. Mangarr may be unable to automatically import this release. Do you want to grab '{0}'?,,{appName}は、このリリースの対象となる映画を特定できませんでした。 {appName}は、このリリースを自動的にインポートできない場合があります。 '{0}'を取得しますか？,,{appName}は、このリリースがどのシリーズのどの巻のものかを判別できませんでした。{appName}はこのリリースを自動的にインポートできない可能性があります。「{0}」を取得しますか？,
GrabSelected,upstream,,Grab Selected,,選択したグラブ,,選択項目を取得,upstream fix: 選択したグラブ = 'the selected grab'
Grabbed,missing,,Grabbed,,,,取得済み,
GroupIDPhoneNumber,missing,,Group ID / PhoneNumber,Signal,,,グループID／電話番号,
HadoukenUrlBaseHelpText,missing,,"Adds a prefix to the Hadouken url, e.g. http://[host]:[port]/[urlBase]/api",Hadouken,,,HadoukenのURLにプレフィックスを追加します（例：http://[host]:[port]/[urlBase]/api）,
HadoukenUseSslHelpText,missing,,Use secure connection when connecting to Hadouken,Hadouken,,,Hadoukenへの接続に安全な接続を使用します,
HardlinkCopyFiles,upstream,,Hardlink/Copy Files,,ファイルのハードリンク/コピー,,ファイルのハードリンク／コピー,upstream fix: full-width ／
HasMonitoredBooksNoMonitoredBooksForThisAuthor,missing,No monitored books for this author,No monitored volumes for this series,,,,このシリーズには監視中の巻がありません,
Health,missing,,Health,,,,ヘルスチェック,
HealthTypeNotice,missing,,Notice,,,,お知らせ,health-check type; 通知 is Notifications
HealthTypeWarning,missing,,Warning,,,,警告,
Here,missing,,Here,,,,こちら,
HideAdvanced,upstream,,Hide Advanced,,高度な非表示,,詳細設定を非表示,upstream fix: 高度な非表示 = 'advanced hiding'
HideBooks,missing,Hide books,Hide volumes,,,,巻を非表示,
History,glossary:exact,History,History,,歴史,,履歴,
HistoryDownloadFailedTooltip,missing,,Volume download failed,,,,巻のダウンロードに失敗しました,
HistoryDownloadIgnoredTooltip,missing,,Volume download ignored,,,,巻のダウンロードを無視しました,
HistoryFilterDeleted,missing,,Deleted,,,,削除済み,
HistoryFilterIgnored,missing,,Ignored,,,,無視,
HistoryFilterRenamed,missing,,Renamed,,,,名前変更済み,
HistoryFilterRetagged,missing,,Retagged,,,,タグ再書き込み済み,
HistoryGrabbedTooltip,missing,,Volume grabbed from {indexer} and sent to {downloadClient},,,,{indexer}から巻を取得し、{downloadClient}に送信しました,
HistorySeriesFolderImportedTooltip,missing,,Volume imported from series folder,,,,シリーズフォルダーから巻をインポートしました,
HistoryUnknownEventTooltip,missing,,Unknown event,,,,不明なイベント,
HistoryVolumeFileDeletedTooltip,missing,,Volume file deleted,,,,巻のファイルを削除しました,
HistoryVolumeFileImportedTooltip,missing,,Volume downloaded successfully and picked up from download client,,,,巻のダウンロードに成功し、ダウンロードクライアントから取り込みました,
HistoryVolumeFileRenamedTooltip,missing,,Volume file renamed,,,,巻のファイルの名前を変更しました,
HistoryVolumeFileRetaggedTooltip,missing,,Volume file tags updated,,,,巻のファイルのタグを更新しました,
HistoryVolumeImportIncompleteTooltip,missing,,Files downloaded but not all could be imported,,,,ファイルはダウンロードされましたが、すべてはインポートできませんでした,
HomePage,missing,,Home page,,,,ホームページ,
HostHelpText,missing,Calibre content server host,Calibre content server host,,,,Calibreコンテンツサーバーのホスト,
ICalHttpUrlHelpText,upstream,,Copy this URL to your client(s) or click to subscribe if your browser supports webcal,,このURLをクライアントにコピーするか、ブラウザがwebcalをサポートしている場合はクリックしてサブスクライブします,,このURLをクライアントにコピーするか、ブラウザーがwebcalに対応している場合はクリックして購読します,"upstream fix: spelling ブラウザー, as elsewhere"
IPTorrentsBaseUrlHelpText,missing,,"The full RSS feed url generated by IPTorrents, using only the categories you selected (HD, SD, x264, etc ...)",IPTorrents,,,IPTorrentsで生成された、選択したカテゴリー（HD、SD、x264など）のみを使うRSSフィードの完全なURL,
ISBN,missing,ISBN,ISBN,,,,ISBN,
Icon,missing,,Icon,Slack,,,アイコン,
IconForCutoffUnmet,glossary:cutoff-unmet,Icon for Cutoff Unmet,Icon for Cutoff Unmet,,カットオフアンメットのアイコン,,カットオフ未達のアイコン,
IfYouDontAddAnImportListExclusionAndTheAuthorHasAMetadataProfileOtherThanNoneThenThisBookMayBeReaddedDuringTheNextAuthorRefresh,missing,If you don't add an import list exclusion and the author has a metadata profile other than 'None' then this book may be re-added during the next author refresh.,If you don't add an import list exclusion and the series has a metadata profile other than 'None' then this volume may be re-added during the next series refresh.,,,,インポートリストの除外を追加せず、シリーズのメタデータプロファイルが「なし」以外の場合、この巻は次回のシリーズ更新時に再び追加される可能性があります。,
IgnoreDeletedBooks,missing,Ignore Deleted Books,Ignore Deleted Volumes,,,,削除した巻を無視,
IgnoreDownload,missing,Ignore Download,Ignore Download,,,,ダウンロードを無視,
IgnoreDownloadHint,missing,Stops {appName} from processing this download further,Stops {appName} from processing this download further,,,,{appName}がこのダウンロードをこれ以上処理しないようにします,
IgnoreDownloads,missing,Ignore Downloads,Ignore Downloads,,,,ダウンロードを無視,
IgnoreDownloadsHint,missing,Stops {appName} from processing these downloads further,Stops {appName} from processing these downloads further,,,,{appName}がこれらのダウンロードをこれ以上処理しないようにします,
IgnoredMetaHelpText,missing,Books will be ignored if they contains one or more of terms (case insensitive),Volumes will be ignored if they contains one or more of terms (case insensitive),,,,いずれかの語句を含む巻は無視されます（大文字と小文字は区別しません）,
Images,missing,,Images,,,,画像,
Implementation,missing,Implementation,Implementation,,,,実装,
Import,missing,,Import,,,,インポート,
ImportCountSeries,missing,,Import {count} Series,,,,{count}件のシリーズをインポート,
ImportCustomFormat,missing,,Import Custom Format,,,,カスタムフォーマットをインポート,
ImportExisting,missing,,Import Existing,,,,既存のファイルをインポート,
ImportExistingSeries,missing,,Import Existing Series,,,,既存のシリーズをインポート,
ImportExistingTooltip,missing,,"Import the ebooks (Calibre) and audiobooks (Audiobookshelf) you already own, in place; nothing is copied",,,,所有済みの電子書籍（Calibre）とオーディオブック（Audiobookshelf）をその場でインポートします。コピーは行われません,
ImportExtraFilesHelpText,vocab glossary:volume stale,"Import matching extra files (subtitles, nfo, etc) after importing an book file","Import matching extra files (subtitles, nfo, etc) after importing a volume file",,ムービーファイルをインポートした後、一致する追加ファイル（字幕、nfoなど）をインポートします,,巻のファイルをインポートした後、一致する追加ファイル（字幕、nfoなど）をインポートします,
ImportFailed,missing,,Import Failed,,,,インポート失敗,
ImportFailures,missing,Import failures,Import failures,,,,インポートの失敗,
ImportListExclusions,upstream,,Import List Exclusions,,インポートリストの除外を削除する,,インポートリストの除外,upstream fix: said 'delete the import list exclusion'
ImportListGroup,missing,,{type} List,,,,{type}リスト,
ImportListGroupOther,missing,,Other List,,,,その他のリスト,
ImportListGroupProgram,missing,,Program List,,,,プログラムリスト,
ImportListMissingRoot,missing,Missing root folder for import list(s): {0},Missing root folder for import list(s): {0},,,,インポートリストのルートフォルダーが欠落しています：{0},
ImportListMultipleMissingRoots,missing,Multiple root folders are missing for import lists: {0},Multiple root folders are missing for import lists: {0},,,,インポートリストの複数のルートフォルダーが欠落しています：{0},
ImportListSettings,missing,General Import List Settings,General Import List Settings,,,,インポートリストの全般設定,
ImportListSpecificSettings,missing,Import List Specific Settings,Import List Specific Settings,,,,インポートリスト固有の設定,
ImportListStatusCheckSingleClientMessage,upstream,,Lists unavailable due to failures: {0},,失敗のため利用できないリスト：{0},,障害のため利用できないリスト：{0},upstream fix: status-check family wording (障害のため)
ImportLists,upstream,,Import Lists,,リスト,,インポートリスト,upstream fix: said just 'lists'
ImportListsLoadError,missing,,Unable to load import lists.,,,,インポートリストを読み込めません。,
ImportMechanismHealthCheckMessage,upstream,,Enable Completed Download Handling,,完了したダウンロード処理を有効にする,,完了したダウンロードの処理を有効にしてください,upstream fix: as CompletedDownloadHandling; health message register
IncludeCustomFormatWhenRenaming,missing,,Include Custom Format when Renaming,,,,名前変更時にカスタムフォーマットを含める,
IncludeCustomFormatWhenRenamingHelpText,upstream,,'Include in {Custom Formats} renaming format',,{カスタムフォーマット}の名前変更フォーマットに含める,,{Custom Formats}の名前変更フォーマットに含める,upstream fix: the naming token {Custom Formats} had been translated
IncludeHealthWarningsHelpText,upstream,,Include Health Warnings,,健康上の警告を含める,,ヘルスチェックの警告を含める,upstream fix: 健康 = bodily health
IncludeUnknownAuthorItemsHelpText,vocab glossary:series glossary:volume stale,"Show items without a author in the queue, this could include removed authors, books or anything else in Readarr's category","Show items without a series in the queue, this could include removed series, volumes or anything else in Mangarr's category",,キューに映画がないアイテムを表示します。これには、削除された映画や、ラダーのカテゴリに含まれるその他のものが含まれる可能性があります,,シリーズのない項目をキューに表示します。削除されたシリーズや巻、{appName}のカテゴリー内のその他のものが含まれる場合があります,
IncludeUnmonitored,upstream,,Include Unmonitored,,監視されていないものを含める,,未監視を含める,upstream fix: Unmonitored = 未監視
IndexerDownloadClientHealthCheckMessage,missing,Indexers with invalid download clients: {0}.,Indexers with invalid download clients: {0}.,,,,無効なダウンロードクライアントが設定されたインデクサー：{0}。,
IndexerDownloadClientHelpText,missing,Specify which download client is used for grabs from this indexer,Specify which download client is used for grabs from this indexer,,,,このインデクサーから取得するときに使用するダウンロードクライアントを指定します,
IndexerFlags,upstream,,Indexer Flags,,インデクサフラグ,,インデクサーフラグ,upstream fix: インデクサー
IndexerIdHelpText,missing,Specify what indexer the profile applies to,Specify what indexer the profile applies to,,,,プロファイルを適用するインデクサーを指定します,
IndexerIdHelpTextWarning,missing,Using a specific indexer with preferred words can lead to duplicate releases being grabbed,Using a specific indexer with preferred words can lead to duplicate releases being grabbed,,,,優先ワードとともに特定のインデクサーを使用すると、重複したリリースが取得される可能性があります,
IndexerJackettAll,missing,Indexers using the unsupported Jackett 'all' endpoint: {0},Indexers using the unsupported Jackett 'all' endpoint: {0},,,,サポートされていないJackettの「all」エンドポイントを使用しているインデクサー：{0},
IndexerLongTermStatusCheckAllClientMessage,upstream,,All indexers are unavailable due to failures for more than 6 hours,,6時間以上の障害のため、すべてのインデクサーが使用できなくなります,,6時間以上続く障害のため、すべてのインデクサーを利用できません,upstream fix: future tense; status-check family wording
IndexerLongTermStatusCheckSingleClientMessage,upstream,,Indexers unavailable due to failures for more than 6 hours: {0},,6時間以上の障害のため、インデクサーを使用できません：{0},,6時間以上続く障害のため利用できないインデクサー：{0},upstream fix: status-check family wording
IndexerPriority,upstream,,Indexer Priority,,インデクサの優先順位,,インデクサーの優先度,"upstream fix: インデクサー, 優先度 as elsewhere"
IndexerPriorityHelpText,stale,"Indexer Priority from 1 (Highest) to 50 (Lowest). Default: 25. Used when grabbing releases as a tiebreaker for otherwise equal releases, Readarr will still use all enabled indexers for RSS Sync and Searching.","Indexer Priority from 1 (Highest) to 50 (Lowest). Default: 25. Used when grabbing releases as a tiebreaker for otherwise equal releases, Mangarr will still use all enabled indexers for RSS Sync and Searching.",,インデクサーの優先度は1（最高）から50（最低）です。デフォルト：25。,,インデクサーの優先度（1が最高、50が最低）。既定：25。リリースの取得時に、その他の点で同等のリリースから選ぶ際に使用されます。{appName}はRSS同期と検索には引き続き有効なすべてのインデクサーを使用します。,
IndexerRssHealthCheckNoIndexers,stale,"No indexers available with RSS sync enabled, Readarr will not grab new releases automatically","No indexers available with RSS sync enabled, Mangarr will not grab new releases automatically",,RSS同期が有効になっているインデクサーは利用できません。{appName}は新しいリリースを自動的に取得しません,,RSS同期が有効なインデクサーがありません。{appName}は新しいリリースを自動的に取得しません,
IndexerSearchCheckNoAutomaticMessage,stale,"No indexers available with Automatic Search enabled, Readarr will not provide any automatic search results","No indexers available with Automatic Search enabled, Mangarr will not provide any automatic search results",,自動検索が有効になっているインデクサーはありません。{appName}は自動検索結果を提供しません,,自動検索が有効なインデクサーがありません。{appName}は自動検索の結果を提供しません,
IndexerSearchCheckNoInteractiveMessage,stale,"No indexers available with Interactive Search enabled, Readarr will not provide any interactive search results","No indexers available with Interactive Search enabled, Mangarr will not provide any interactive search results",,インタラクティブ検索が有効になっているインデクサーはありません。{appName}はインタラクティブ検索結果を提供しません,,インタラクティブ検索が有効なインデクサーがありません。{appName}はインタラクティブ検索の結果を提供しません,
IndexerSettings,upstream,,Indexer Settings,,インデクサ設定,,インデクサーの設定,upstream fix: インデクサー
IndexerSettingsSeedRatio,missing,Seed Ratio,Seed Ratio,SeedCriteria,,,シード比率,
IndexerSettingsSeedRatioHelpText,missing,"The ratio a torrent should reach before stopping, empty uses the download client's default. Ratio should be at least 1.0 and follow the indexers rules","The ratio a torrent should reach before stopping, empty uses the download client's default. Ratio should be at least 1.0 and follow the indexers rules",SeedCriteria,,,トレントを停止するまでに達するべき比率。空欄の場合はダウンロードクライアントの既定値を使用します。比率は1.0以上とし、インデクサーのルールに従ってください,
IndexerSettingsSeedTime,missing,Seed Time,Seed Time,SeedCriteria,,,シード時間,
IndexerSettingsSeedTimeHelpText,missing,"The time a torrent should be seeded before stopping, empty uses the download client's default","The time a torrent should be seeded before stopping, empty uses the download client's default",SeedCriteria,,,トレントを停止するまでにシードする時間。空欄の場合はダウンロードクライアントの既定値を使用します,
IndexerStatusCheckAllClientMessage,upstream,,All indexers are unavailable due to failures,,障害のため、すべてのインデクサーを使用できません,,障害のため、すべてのインデクサーを利用できません,upstream fix: status-check family wording (利用)
IndexerStatusCheckSingleClientMessage,upstream,,Indexers unavailable due to failures: {0},,失敗のためインデクサーを利用できません：{0},,障害のため利用できないインデクサー：{0},upstream fix: status-check family wording (障害のため)
IndexerTagsHelpText,missing,Only use this indexer for authors with at least one matching tag. Leave blank to use with all authors.,Only use this indexer for series with at least one matching tag. Leave blank to use with all series.,,,,少なくとも1つのタグが一致するシリーズにのみ、このインデクサーを使用します。すべてのシリーズで使用する場合は空欄にします。,
IndexersLoadError,missing,,Unable to load indexers.,,,,インデクサーを読み込めません。,
InfoUrl,missing,,Info URL,,,,情報URL,
InitialState,missing,,Initial State,QBittorrent UTorrent,,,初期状態,
Install,missing,Install,Install,,,,インストール,
InstallLatest,upstream,,Install Latest,,最新のインストール,,最新版をインストール,upstream fix: 'the latest installation'
InstallMajorVersionUpdate,missing,Install Update,Install Update,,,,アップデートをインストール,
InstallMajorVersionUpdateMessage,missing,This update will install a new major version and may not be compatible with your system. Are you sure you want to install this update?,This update will install a new major version and may not be compatible with your system. Are you sure you want to install this update?,,,,このアップデートは新しいメジャーバージョンをインストールするため、お使いのシステムと互換性がない可能性があります。このアップデートをインストールしてもよろしいですか？,
InstallMajorVersionUpdateMessageLink,missing,Please check [{domain}]({url}) for more information.,Please check [{domain}]({url}) for more information.,,,,詳細は[{domain}]({url})を確認してください。,
InstanceName,missing,Instance Name,Instance Name,,,,インスタンス名,
InstanceNameHelpText,missing,Instance name in tab and for Syslog app name,Instance name in tab and for Syslog app name,,,,タブに表示され、Syslogのアプリ名にも使われるインスタンス名,
InteractiveImport,missing,,Interactive Import,,,,インタラクティブインポート,
InteractiveImportAdditionalFileTooltip,missing,,This file is already in your library for a release you are currently importing,,,,このファイルは、現在インポート中のリリースのファイルとしてすでにライブラリにあります,
InteractiveImportErrorImportMode,missing,,An import mode must be selected,,,,インポートモードを選択してください,
InteractiveImportErrorQuality,missing,,Quality must be chosen for each selected file,,,,選択した各ファイルの品質を選択してください,
InteractiveImportErrorSeries,missing,,Series must be chosen for each selected file,,,,選択した各ファイルのシリーズを選択してください,
InteractiveImportErrorVolume,missing,,Volume must be chosen for each selected file,,,,選択した各ファイルの巻を選択してください,
InteractiveSearch,missing,,Interactive Search,,,インタラクティブ検索,インタラクティブ検索,
InteractiveSearchLoadError,missing,,Unable to load results for this volume search. Try again later,,,,この巻の検索結果を読み込めません。しばらくしてからもう一度お試しください,
InteractiveSearchModalHeaderBookAuthor,missing,Interactive Search - {bookTitle} by {authorName},Interactive Search - {bookTitle} by {authorName},,,,インタラクティブ検索 - {bookTitle}（{authorName}）,
InvalidFormat,missing,,Invalid Format,,,,無効なフォーマット,
InvalidUILanguage,missing,"Your UI is set to an invalid language, correct it and save your settings","Your UI is set to an invalid language, correct it and save your settings",,,,UIに無効な言語が設定されています。修正して設定を保存してください,
IsCalibreLibraryHelpText,missing,Use Calibre Content Server to manipulate library,Use Calibre Content Server to manipulate library,,,,Calibreコンテンツサーバーを使用してライブラリを操作します,
IsCutoffCutoff,upstream,,Cutoff,,を中断する,,カットオフ,upstream fix: を中断する = 'interrupt'
IsExpandedHideBooks,missing,Hide books,Hide volumes,,,,巻を非表示,
IsExpandedHideFileInfo,missing,Hide file info,Hide file info,,,,ファイル情報を非表示,
IsExpandedShowBooks,missing,Show books,Show volumes,,,,巻を表示,
IsExpandedShowFileInfo,missing,Show file info,Show file info,,,,ファイル情報を表示,
IsInUseCantDeleteAMetadataProfileThatIsAttachedToAnAuthorOrImportList,missing,Can't delete a metadata profile that is attached to an author or import list,Can't delete a metadata profile that is attached to a series or import list,,,,シリーズまたはインポートリストに割り当てられているメタデータプロファイルは削除できません,
IsInUseCantDeleteAQualityProfileThatIsAttachedToAnAuthorOrImportList,missing,Can't delete a quality profile that is attached to an author or import list,Can't delete a quality profile that is attached to a series or import list,,,,シリーズまたはインポートリストに割り当てられている品質プロファイルは削除できません,
IsShowingMonitoredMonitorSelected,missing,Monitor Selected,Monitor Selected,,,,選択項目を監視,
IsShowingMonitoredUnmonitorSelected,missing,Unmonitor Selected,Unmonitor Selected,,,,選択項目の監視を解除,
Isbn13,missing,,ISBN-13,,,,ISBN-13,
Iso639-3,missing,"ISO 639-3 language codes, or 'null', comma separated","ISO 639-3 language codes, or 'null', comma separated",,,,ISO 639-3の言語コード、または「null」（カンマ区切り）,
ItemTypeSeries,missing,,series,,,,シリーズ,fills AllItemsHiddenByFilter / NoItemsFoundGetStarted
ItemTypeVolumes,missing,,volumes,,,,巻,fills AllItemsHiddenByFilter / NoItemsFoundGetStarted
ItsEasyToAddANewAuthorOrBookJustStartTypingTheNameOfTheItemYouWantToAdd,missing,It's easy to add a New Author or Book just start typing the name of the item you want to add,It's easy to add a new series or volume: just start typing the name of the item you want to add,,,,新しいシリーズや巻は簡単に追加できます。追加したい項目の名前を入力してください,
JoinApiKeyHelpText,missing,,The API Key from your Join account settings (click Join API button).,Join,,,JoinのアカウントのAPIキーです（Join APIボタンをクリック）。,
JoinDeviceIdsHelpText,missing,,"Deprecated, use Device Names instead. Comma separated list of Device IDs you'd like to send notifications to. If unset, all devices will receive notifications.",Join,,,非推奨です。代わりにデバイス名を使用してください。通知を送信するデバイスIDのカンマ区切りリストです。未設定の場合は、すべてのデバイスに通知が送信されます。,
JoinDeviceNamesHelpText,missing,,"Comma separated list of full or partial device names you'd like to send notifications to. If unset, all devices will receive notifications.",Join,,,通知を送信するデバイス名（完全一致または部分一致）のカンマ区切りリストです。未設定の場合は、すべてのデバイスに通知が送信されます。,
KavitaUseSslHelpText,missing,,Connect to Kavita over HTTPS instead of HTTP,Kavita,,,HTTPではなくHTTPSでKavitaに接続します,
Key,missing,,Key,Simplepush,,,キー,Simplepush key
KeyValueKeyPlaceholder,missing,,Key,,,,キー,
KeyValueValuePlaceholder,missing,,Value,,,,値,
KeyboardShortcuts,missing,,Keyboard Shortcuts,,,,キーボードショートカット,
KilobitsPerSecond,missing,,Kilobits Per Second,,,,キロビット毎秒,
Label,missing,Label,Label,,,,ラベル,
LabelIsRequired,missing,Label is required,Label is required,,,,ラベルは必須です,
LastCheck,missing,,Last Check,,,,最終チェック,
LastDuration,upstream,,Last Duration,,lastDuration,,前回の所要時間,upstream fix: untranslated 'lastDuration'
LastExecution,upstream,,Last Execution,,最後の実行,,前回の実行,upstream fix: scheduled-task columns beside LastDuration 前回の所要時間
LastName,missing,,Last Name,,,,姓,
LastPage,missing,,Last page,,,,最後のページ,
LastSearched,missing,Last Searched,Last Searched,,,,最終検索,
LastUsed,missing,,Last Used,,,,最終使用,
LastVolume,missing,,Last Volume,,,,最後の巻,
LatestBook,missing,Latest Book,Latest Volume,,,,最新の巻,
LaunchBrowserHelpText,stale, Open a web browser and navigate to Readarr homepage on app start., Open a web browser and navigate to Mangarr homepage on app start.,, Webブラウザーを開き、アプリの起動時に{appName}ホームページに移動します。,, アプリの起動時にWebブラウザーを開き、{appName}のホームページに移動します。,
LeechersCount,missing,,{count} leechers,,,,{count}リーチャー,
Library,missing,Library,Library,,,,ライブラリ,
LibraryHelpText,missing,Calibre content server library name.  Leave blank for default.,Calibre content server library name.  Leave blank for default.,,,,Calibreコンテンツサーバーのライブラリ名。既定のライブラリを使う場合は空欄にします。,
LibraryImport,missing,,Library Import,,,,ライブラリのインポート,
LibraryImportHelpText,missing,,Choose the root folder that holds the series folders to import,,,,インポートするシリーズフォルダーを含むルートフォルダーを選択してください,
LibraryImportImported,missing,,Imported {count} series,,,,{count}件のシリーズをインポートしました,
LibraryImportNoRootFolders,missing,,No root folders yet. Add one in Settings → Media Management,,,,ルートフォルダーがまだありません。設定 → メディア管理で追加してください,
LibraryImportNoUnmappedFolders,missing,,Every folder in this root folder is already in the library,,,,このルートフォルダー内のフォルダーはすべてライブラリに登録済みです,
LibraryImportNotImported,missing,,{count} not imported — see System → Logs,,,,{count}件はインポートされませんでした — システム → ログを参照してください,
LightNovel,missing,,Light Novel,,,,ライトノベル,
LightNovelAudioHome,missing,,Audiobooks Go To,,,,オーディオブックの保存先,
LightNovelAudioHomeHelpText,missing,,Where new audiobooks are stored. Affects new imports only.,,,,新しいオーディオブックの保存先です。新しいインポートにのみ適用されます。,
LightNovelAudiobooks,missing,,Audiobooks,,,,オーディオブック,
LightNovelEbookHome,missing,,Ebooks Go To,,,,電子書籍の保存先,
LightNovelEbookHomeHelpText,missing,,Where new ebooks are stored. Affects new imports only.,,,,新しい電子書籍の保存先です。新しいインポートにのみ適用されます。,
LightNovelEbooks,missing,,Ebooks,,,,電子書籍,
LightNovelFormatAzw3Kindle,missing,,AZW3 (Kindle),,,,AZW3（Kindle）,
LightNovelFormatEpubNoConversion,missing,,EPUB (no conversion),,,,EPUB（変換なし）,
LightNovelFormatKepubKobo,missing,,KEPUB (Kobo),,,,KEPUB（Kobo）,
LightNovelHomeAudiobookshelf,missing,,Audiobookshelf Library,,,,Audiobookshelfライブラリ,
LightNovelHomeCalibre,missing,,Calibre Library,,,,Calibreライブラリ,
LightNovelHomeEntryFolder,missing,,Entry Folder,,,,エントリーフォルダー,
LightNovelLibraryHelpText,missing,,Listed by the server; press Test after changing the address to refresh the list,,,,サーバーから取得した一覧です。アドレスを変更した後は「テスト」を押して一覧を更新してください,
LightNovelNotInCatalogue,missing,,Not in the OpenTome catalogue yet —,,,,まだOpenTomeのカタログにありません —,followed by the SuggestItOnOpenTome link
LightNovelStorage,missing,,Light Novel Storage,,,,ライトノベルの保存先,
LightNovelStorageAudiobookshelfCheck,missing,,Light-novel audiobooks cannot reach Audiobookshelf: {0},,,,ライトノベルのオーディオブックをAudiobookshelfに保存できません：{0},
LightNovelStorageAudiobookshelfFolderNotMapped,missing,,{0} is not inside the library's folder ({1}) — Path As Audiobookshelf Sees It,,,,{0}はライブラリのフォルダー（{1}）内にありません — Audiobookshelfから見たパス,tail = the ja field label PathAsAudiobookshelfSeesIt
LightNovelStorageAudiobookshelfKeyRejected,missing,,Audiobookshelf rejected the API key — Audiobookshelf API Key,,,,AudiobookshelfがAPIキーを拒否しました — Audiobookshelf APIキー,tail = the ja field label AudiobookshelfApiKey
LightNovelStorageAudiobookshelfLibraryMissing,missing,,Audiobookshelf has no library {0} — Audiobookshelf Library,,,,Audiobookshelfにライブラリ{0}がありません — Audiobookshelfライブラリ,tail = the ja field label AudiobookshelfLibrary
LightNovelStorageAudiobookshelfLibraryNotChosen,missing,,No Audiobookshelf library is chosen — Audiobookshelf Library,,,,Audiobookshelfのライブラリが選択されていません — Audiobookshelfライブラリ,tail = the ja field label AudiobookshelfLibrary
LightNovelStorageAudiobookshelfPathMissing,missing,,{0} does not exist inside Mangarr — Path As Mangarr Sees It,,,,{0}は{appName}内に存在しません — {appName}から見たパス,tail = the ja field label PathAsMangarrSeesIt
LightNovelStorageAudiobookshelfUnreachable,missing,,Audiobookshelf did not answer at {0} — Audiobookshelf URL,,,,Audiobookshelfが{0}で応答しませんでした — Audiobookshelf URL,tail = the ja field label AudiobookshelfUrl
LightNovelStorageAudiobookshelfUrlMissing,missing,,The Audiobookshelf URL is not set — Audiobookshelf URL,,,,Audiobookshelf URLが設定されていません — Audiobookshelf URL,tail = the ja field label AudiobookshelfUrl
LightNovelStorageCalibreCheck,missing,,Light-novel ebooks cannot reach Calibre: {0},,,,ライトノベルの電子書籍をCalibreに保存できません：{0},
LightNovelStorageCalibreLibraryMissing,missing,,Calibre has no library '{0}' — Calibre Library,,,,Calibreにライブラリ「{0}」がありません — Calibreライブラリ,tail = the ja field label CalibreLibrary
LightNovelStorageCalibreLoginRejected,missing,,Calibre rejected the login — Calibre Username / Calibre Password,,,,Calibreがログインを拒否しました — Calibreユーザー名 / Calibreパスワード,tail = the ja field labels CalibreUsername / CalibrePassword
LightNovelStorageCalibreNoWriteAccess,missing,,"Calibre refuses writes from Mangarr — use a Calibre user with write access, or add this container to Calibre's trusted_ips",,,,Calibreが{appName}からの書き込みを拒否しています — 書き込み権限のあるCalibreユーザーを使用するか、このコンテナをCalibreのtrusted_ipsに追加してください,
LightNovelStorageCalibrePathMissing,missing,,{0} does not exist inside Mangarr — Path As Mangarr Sees It,,,,{0}は{appName}内に存在しません — {appName}から見たパス,tail = the ja field label PathAsMangarrSeesIt
LightNovelStorageCalibreUnreachable,missing,,Calibre did not answer at {0} — Calibre Content Server URL,,,,Calibreが{0}で応答しませんでした — CalibreコンテンツサーバーのURL,tail = the ja field label CalibreContentServerUrl
LightNovelStorageCalibreUrlInvalid,missing,,'{0}' is not an http(s) address — Calibre Content Server URL,,,,「{0}」はhttp(s)アドレスではありません — CalibreコンテンツサーバーのURL,tail = the ja field label CalibreContentServerUrl
LightNovelStorageCalibreUrlMissing,missing,,The Calibre content server URL is not set — Calibre Content Server URL,,,,CalibreコンテンツサーバーのURLが設定されていません — CalibreコンテンツサーバーのURL,tail = the ja field label CalibreContentServerUrl
LightNovelStorageTestFailed,missing,,Could not reach Mangarr's server to run the test,,,,テストを実行するための{appName}サーバーに接続できませんでした,
LightNovelStorageTestPassed,missing,,Everything checks out,,,,すべて問題ありません,
LightNovelVolumes,missing,,Light Novel · {count} volumes,,,,ライトノベル · {count}巻,
LightNovels,missing,,Light Novels,,,,ライトノベル,
LinkHere,missing,,here,,,,こちら,
Links,missing,,Links,,,,リンク,
ListID,missing,,List ID,GoodreadsListImportList,,,リストID,
ListRefreshInterval,missing,List Refresh Interval,List Refresh Interval,,,,リストの更新間隔,
ListWillRefreshEveryInterp,missing,List will refresh every {0},List will refresh every {0},,,,リストは{0}ごとに更新されます,
ListsSettingsSummary,upstream,,Import Lists,,リスト,,インポートリスト,upstream fix: said just 'lists'
Loading,missing,loading,loading,,,,読み込み中,
LoadingBookFilesFailed,vocab glossary:volume stale,Loading book files failed,Loading volume files failed,,動画ファイルの読み込みに失敗しました,,巻のファイルの読み込みに失敗しました,
LoadingBooksFailed,vocab glossary:volume stale,Loading books failed,Loading volumes failed,,動画ファイルの読み込みに失敗しました,,巻の読み込みに失敗しました,
LoadingEditionsFailed,missing,Loading editions failed,Loading editions failed,,,,エディションの読み込みに失敗しました,
Local,upstream,,Local,,地元,,ローカル,upstream fix: 地元 = hometown
LogFilesLocation,missing,,Log files are located in: {location},,,,ログファイルの場所：{location},
LogLevelDebug,missing,,Debug,,,,Debug,
LogLevelDefaultsTip,missing,,The log level defaults to 'Info' and can be changed in {generalSettings},,,,ログレベルの既定は「Info」で、{generalSettings}で変更できます,
LogLevelInfo,missing,,Info,,,,Info,
LogLevelTrace,missing,,Trace,,,,Trace,
LogLevelWarn,missing,,Warn,,,,Warn,
LogRotateHelpText,missing,Max number of log files to keep saved in logs folder,Max number of log files to keep saved in logs folder,,,,ログフォルダーに保存しておくログファイルの最大数,
LogRotation,missing,Log Rotation,Log Rotation,,,,ログのローテーション,
LogSQL,missing,Log SQL,Log SQL,,,,SQLをログに記録,
LogSqlHelpText,missing,Log all SQL queries from Readarr,Log all SQL queries from Mangarr,,,,{appName}のすべてのSQLクエリをログに記録します,
Login,missing,,Login,Signal,,,ログイン,
Logout,missing,,Logout,,,,ログアウト,
Lowercase,missing,,Lowercase,,,,小文字,
MagnetFileExtension,missing,,Magnet File Extension,TorrentBlackhole,,,マグネットファイルの拡張子,
MailgunApiKeyHelpText,missing,,The API key generated from MailGun,Mailgun,,,MailGunで生成されたAPIキー,
MailgunUseEuEndpointHelpText,missing,,You can choose to use the EU MailGun endpoint with this,Mailgun,,,MailGunのEUエンドポイントを使用できます,
MainSeries,missing,,Main Series,,,,本編シリーズ,
ManageClients,missing,Manage Clients,Manage Clients,,,,クライアントを管理,
ManageDownloadClients,missing,Manage Download Clients,Manage Download Clients,,,,ダウンロードクライアントを管理,
ManageImportLists,missing,Manage Import Lists,Manage Import Lists,,,,インポートリストを管理,
ManageIndexers,missing,Manage Indexers,Manage Indexers,,,,インデクサーを管理,
ManageLists,missing,Manage Lists,Manage Lists,,,,リストを管理,
Manga,missing,,Manga,,,,マンガ,
MangaDexClientIdHelpText,missing,,Personal API client ID (MangaDex Settings -> API Clients; the client must be approved),MangaDex,,,個人用のAPIクライアントID（MangaDexの設定 -> API Clients。クライアントが承認されている必要があります）,
MangaDexUsernameHelpText,missing,,MangaDex username; the follows of this account are imported,MangaDex,,,MangaDexのユーザー名。このアカウントのフォローがインポートされます,
Manual,missing,,Manual,,,,手動,
ManualDownload,missing,Manual Download,Manual Download,,,,手動ダウンロード,
ManualDownloadParseFailedMessage,missing,,This release failed parsing checks and was manually downloaded from an interactive search.  Import is likely to fail.,,,,このリリースは解析チェックに失敗し、インタラクティブ検索から手動でダウンロードされました。インポートは失敗する可能性が高いです。,
ManualImportSelectEdition,vocab glossary:edition,Manual Import - Select Edition,Manual Import - Select Edition,,手動インポート-ムービーを選択,,手動インポート - エディションを選択,
ManualImportSelectFolder,missing,,Manual Import - Select Folder,,,,手動インポート - フォルダーを選択,
ManualImportSelectQuality,missing,,Manual Import - Select Quality,,,,手動インポート - 品質を選択,
ManualImportSelectSeries,missing,,Manual Import - Select Series,,,,手動インポート - シリーズを選択,
ManualImportSelectVolume,missing,,Manual Import - Select Volume,,,,手動インポート - 巻を選択,
ManualImportSetIndexerFlags,missing,,Manual Import - Set indexer Flags,,,,手動インポート - インデクサーフラグを設定,
ManualImportSetReleaseGroup,missing,,Manual Import - Set Release Group,,,,手動インポート - リリースグループを設定,
ManualImportTitle,missing,,Manual Import - {title},,,,手動インポート - {title},
MappedNetworkDrivesWindowsService,missing,,"Mapped network drives are not available when running as a Windows Service, see the {faq} for more information.",,,,Windowsサービスとして実行している場合、マップされたネットワークドライブは使用できません。詳細は{faq}を参照してください。,
MarkAsFailedMessageText,upstream,,Are you sure you want to mark '{0}' as failed?,,'{0}'を失敗としてマークしてもよろしいですか？,,「{0}」を失敗としてマークしてもよろしいですか？,upstream fix: quote style 「」
MassBookSearch,missing,Mass Book Search,Mass Volume Search,,,,巻の一括検索,
MassBookSearchWarning,missing,Are you sure you want to perform mass book search for {0} books?,Are you sure you want to perform mass volume search for {0} volumes?,,,,{0}件の巻を一括検索してもよろしいですか？,
MatchedTo,missing,,Matched to AniList #{id},,,,AniList #{id}に紐付け済み,
MaxVolume,missing,,Max Volume,,,,最大巻,
MaxVolumeHelpText,missing,,Highest volume to monitor; 0 uses the highest volume found by search,,,,監視する最大の巻。0の場合は検索で見つかった最大の巻を使用します,
MaximumSizeHelpText,upstream,,Maximum size for a release to be grabbed in MB. Set to zero to set to unlimited.,,取得するリリースの最大サイズ（MB単位）。ゼロに設定して無制限に設定,,取得するリリースの最大サイズ（MB）。0に設定すると無制限になります。,upstream fix: garbled 'set to zero and set to unlimited'
MediaManagementSettingsSummary,missing,"Naming, file management settings and root folders","Naming, file management settings and root folders",,,,命名、ファイル管理の設定、ルートフォルダー,
Mention,missing,,Mention,Twitter,,,メンション,
MenuButton,missing,,Menu Button,,,,メニューボタン,
MetadataAutoUpdate,missing,,Automatic Updates,,,,自動アップデート,
MetadataAutoUpdateHelpText,missing,,Check the manifest once a day and install a newer artifact automatically,,,,1日に1回マニフェストを確認し、新しいアーティファクトを自動的にインストールします,
MetadataConsumers,missing,Metadata Consumers,Metadata Consumers,,,,メタデータコンシューマー,
MetadataManifestUrl,missing,,Manifest URL,,,,マニフェストURL,
MetadataManifestUrlHelpText,missing,,Where to look for the artifact's version manifest (version.json). Leave blank for the built-in default,,,,アーティファクトのバージョンマニフェスト（version.json）の取得先。組み込みの既定値を使う場合は空欄にします,
MetadataPinError,missing,,Could not read or write the pins file; check the log and that /config/metadata is writable.,,,,固定ファイルを読み書きできませんでした。ログと、/config/metadataが書き込み可能かどうかを確認してください。,
MetadataProfile,missing,Metadata Profile,Metadata Profile,,,,メタデータプロファイル,
MetadataProfileIdHelpText,missing,Metadata Profile list items should be added with,Metadata Profile list items should be added with,,,,リストの項目を追加するときに使用するメタデータプロファイル,
MetadataProfileNoneHelpText,missing,,Select 'None' to only include items manually added via search or that match files on disk,,,,検索から手動で追加した項目、またはディスク上のファイルに一致する項目だけを含めるには「なし」を選択します,
MetadataProfiles,missing,Metadata Profiles,Metadata Profiles,,,,メタデータプロファイル,
MetadataProviderSource,missing,Metadata Provider Source,Metadata Provider Source,,,,メタデータプロバイダーのソース,
MetadataSettingsSummary,missing,Create metadata files when books are imported or author are refreshed,Create metadata files when volumes are imported or series are refreshed,,,,巻のインポート時やシリーズの更新時にメタデータファイルを作成します,
MetadataSource,missing,Metadata Source,Metadata Source,,,,メタデータソース,
MetadataSourceArtifact,missing,,Metadata Artifact,,,,メタデータアーティファクト,
MetadataSourceHelpText,missing,Alternative Metadata Source (Leave blank for default),Alternative Metadata Source (Leave blank for default),,,,代替のメタデータソース（既定値を使う場合は空欄）,
MetadataSourceNoArtifact,missing,,"No metadata artifact is loaded. Series and volume structure comes from the live sources (AniList, MangaUpdates, MangaDex) only.",,,,メタデータアーティファクトが読み込まれていません。シリーズと巻の構成は、ライブソース（AniList、MangaUpdates、MangaDex）のみから取得されます。,
MetadataSourceSettings,missing,,Metadata Source Settings,,,,メタデータソースの設定,
MetadataSourceSettingsSummary,missing,,"Metadata artifact, automatic updates and the Google Books key",,,,メタデータアーティファクト、自動アップデート、Google Booksのキー,
MetadataSourceUpdates,missing,,Updates,,,更新,アップデート,
Method,missing,,Method,Webhook,,,メソッド,
MinPagesHelpText,missing,Ignore books with fewer pages than this,Ignore volumes with fewer pages than this,,,,ページ数がこれより少ない巻を無視します,
MinPopularityHelpText,missing,Popularity is average rating * number of votes,Popularity is average rating * number of votes,,,,人気度 = 平均評価 × 投票数,
MinimumAge,upstream,,Minimum Age,,最低年齢,,最小経過時間,upstream fix: 最低年齢 = a person's minimum age
MinimumAgeHelpText,upstream,,Usenet only: Minimum age in minutes of NZBs before they are grabbed. Use this to give new releases time to propagate to your usenet provider.,,Usenetのみ：NZBが取得されるまでの最小年齢（分単位）。これを使用して、新しいリリースがusenetプロバイダーに伝播する時間を与えます。,,Usenetのみ：NZBを取得するまでの最小経過時間（分）。新しいリリースがUsenetプロバイダーに行き渡るまでの時間を確保するために使用します。,upstream fix: 年齢 = a person's age
MinimumCustomFormatScoreHelpText,missing,Minimum Custom Format Score required to bypass delay for the preferred protocol,Minimum Custom Format Score required to bypass delay for the preferred protocol,,,,優先プロトコルの遅延をスキップするために必要な最小カスタムフォーマットスコア,
MinimumFreeSpaceWhenImportingHelpText,upstream,,Prevent import if it would leave less than this amount of disk space available,,使用可能なディスク容量がこの量より少ない場合は、インポートを防止してください,,使用可能なディスク容量がこの量を下回る場合はインポートしません,upstream fix: read as an instruction to the user
MinimumPages,missing,Minimum Pages,Minimum Pages,,,,最小ページ数,
MinimumPopularity,missing,Minimum Popularity,Minimum Popularity,,,,最小人気度,
MinimumSeeders,missing,,Minimum Seeders,FileList Gazelle IPTorrents Nyaa TorrentRssIndexer Torrentleech Torznab,,,最小シーダー数,
MinimumSize,missing,,Minimum Size,Size,,,最小サイズ,
Missing,glossary:exact glossary:missing,Missing,Missing,,行方不明,,欠落,
MissingBooks,missing,Missing Books,Missing Volumes,,,,欠落している巻,
MissingBooksAuthorMonitored,missing,Missing Books (Author monitored),Missing Volumes (Series monitored),,,,欠落している巻（シリーズ監視中）,
MissingBooksAuthorNotMonitored,missing,Missing Books (Author not monitored),Missing Volumes (Series not monitored),,,,欠落している巻（シリーズ未監視）,
MissingFromDisk,glossary:volume stale,Readarr was unable to find the file on disk so the file was unlinked from the book in the database,Mangarr was unable to find the file on disk so the file was unlinked from the volume in the database,,{appName}はディスク上でファイルを見つけることができなかったため、削除されました,,{appName}はディスク上でファイルを見つけられなかったため、データベース上で巻とファイルの紐付けを解除しました,
MissingOrWrongVolumes,missing,,Missing or wrong volumes?,,,,巻が欠落している、または間違っていますか？,
Monday,missing,,Monday,,,,月曜日,
Monitor,upstream,,Monitor,,モニター,,監視,upstream fix: モニター = a display monitor
MonitorAuthor,missing,Monitor Author,Monitor Series,,,,シリーズを監視,
MonitorBook,missing,Monitor Book,Monitor Volume,,,,巻を監視,
MonitorBookExistingOnlyWarning,missing,This is a one off adjustment of the monitored setting for each book.  Use the option under Author/Edit to control what happens for newly added books,This is a one off adjustment of the monitored setting for each volume.  Use the option under Series/Edit to control what happens for newly added volumes,,,,これは各巻の監視設定を1回だけ調整するものです。新しく追加される巻の扱いは、シリーズ／編集のオプションで設定してください,
MonitorExistingBooks,missing,Monitor Existing Books,Monitor Existing Volumes,,,,既存の巻を監視,
MonitorFirstVolume,missing,,Only First Volume,,,,最初の巻のみ,
MonitorLatestVolume,missing,,Only Latest Volume,,,,最新の巻のみ,
MonitorNewBooks,missing,Monitor New Books,Monitor New Volumes,,,,新しい巻を監視,
MonitorNewItems,missing,Monitor New Books,Monitor New Volumes,,,,新しい巻を監視,
MonitorNewItemsHelpText,missing,Which new books should be monitored,Which new volumes should be monitored,,,,監視する新しい巻,
MonitorNewItemsNew,missing,,New,,,新着,新規,
MonitorThisVolume,missing,,Only This Volume,,,,この巻のみ,
MonitorToggleDisabledSeriesUnmonitored,missing,,Cannot toggle monitored state when series is unmonitored,,,,シリーズが未監視の間は監視状態を切り替えられません,
Monitored,glossary:exact,Monitored,Monitored,,監視,,監視中,
MonitoredAuthorIsMonitored,missing,Author is monitored,Series is monitored,,,,シリーズは監視中です,
MonitoredAuthorIsUnmonitored,missing,Author is unmonitored,Series is unmonitored,,,,シリーズは未監視です,
MonitoredClickToUnmonitor,missing,,"Monitored, click to unmonitor",,,,監視中。クリックすると監視を解除します,
MonitoredHelpText,missing,Readarr will search for and download book,Mangarr will search for and download volume,,,,{appName}は巻を検索してダウンロードします,
MonitoredOnly,missing,,Monitored Only,,,,監視中のみ,
MonitoredStatus,missing,,Monitored/Status,,,,監視／状態,
Monitoring,missing,Monitoring,Monitoring,,,,監視,
MonitoringOptions,missing,Monitoring Options,Monitoring Options,,,,監視オプション,
MonitoringOptionsHelpText,missing,Which books should be monitored after the author is added (one-time adjustment),Which volumes should be monitored after the series is added (one-time adjustment),,,,シリーズの追加後に監視する巻（1回限りの調整）,
Month,missing,,Month,,,,月,
More,missing,,More,,,,その他,
MoreDetails,missing,,More details,,,,詳細,
MountCheckMessage,vocab glossary:series stale,Mount containing an author path is mounted read-only: ,Mount containing a series path is mounted read-only: ,,ムービーパスを含むマウントは読み取り専用でマウントされます。 ,,シリーズのパスを含むマウントが読み取り専用でマウントされています： ,
MoveAutomatically,missing,,Move Automatically,,,,自動的に移動,
MoveDown,missing,,Move Down,,,,下へ移動,
MoveFilesNo,missing,,"No, I'll Move the Files Myself",,,,いいえ、自分でファイルを移動します,
MoveFilesYes,missing,,"Yes, Move the Files",,,,はい、ファイルを移動します,
MoveSeriesFilesMessageText,missing,,Would you like to move the series files from '{originalPath}' to '{destinationPath}'?,,,,シリーズのファイルを「{originalPath}」から「{destinationPath}」に移動しますか？,
MoveSeriesFoldersMessageText,missing,,Would you like to move the series folders to '{destinationRootFolder}'?,,,,シリーズフォルダーを「{destinationRootFolder}」に移動しますか？,
MoveUp,missing,,Move Up,,,,上へ移動,
MultiPartVolume,missing,,Multi-part Volume,,,,複数パートの巻,
MusicBrainzAuthorID,missing,MusicBrainz Author ID,MusicBrainz Series ID,,,,MusicBrainzシリーズID,
MusicBrainzBookID,missing,MusicBrainz Book ID,MusicBrainz Volume ID,,,,MusicBrainz巻ID,
MusicBrainzRecordingID,missing,MusicBrainz Recording ID,MusicBrainz Recording ID,,,,MusicBrainzレコーディングID,
MusicBrainzReleaseID,missing,MusicBrainz Release ID,MusicBrainz Release ID,,,,MusicBrainzリリースID,
MusicBrainzTrackID,missing,MusicBrainz Track ID,MusicBrainz Track ID,,,,MusicBrainzトラックID,
MustContain,upstream,,Must Contain,,含まれている必要があります,,含む必要がある,upstream fix: pair register with MustNotContain
MustNotContain,upstream,,Must Not Contain,,含まれてはならない,,含んではならない,upstream fix: pair register with MustContain
MyComputer,missing,,My Computer,,,,マイコンピューター,
NETCore,missing,.NET Core,.NET Core,,,,.NET Core,
NameFirstLast,missing,First Name Last Name,First Name Last Name,,,,名 姓,
NameLastFirst,missing,"Last Name, First Name","Last Name, First Name",,,,姓、名,
NameStyle,missing,Author Name Style,Series Name Style,,,,シリーズ名のスタイル,
NamingExample,missing,,Example: {example},,,,例：{example},
NamingSettings,upstream,,Naming Settings,,ネーミング設定,,命名設定,upstream fix: 命名 as elsewhere
NamingTokensNote,missing,,"Tokens keep their Readarr names: Author tokens are the series, Book tokens the volume.",,,,トークンはReadarrでの名前のままです。Authorトークンはシリーズ、Bookトークンは巻を表します。,
Negate,missing,,Negate,,,,否定,
NegateHelpText,upstream,,"If checked, the custom format will not apply if this {0} condition matches.",,オンにすると、この{0}条件が一致する場合、カスタム形式は適用されません。,,オンにすると、この{0}条件に一致する場合、カスタムフォーマットは適用されません。,upstream fix: カスタムフォーマット as elsewhere
Never,missing,,Never,,,,なし,option (Always / After Manual Refresh / Never) and an empty last-checked date: なし reads in both
New,upstream,,New,,新着,,新機能,upstream fix: 新着 = new arrivals (changelog heading)
NewBooks,missing,New Books,New Volumes,,,,新しい巻,
NewznabAdditionalParametersHelpText,missing,,Additional Newznab parameters,Newznab,,,Newznabの追加パラメーター,
NewznabApiPathHelpText,missing,,"Path to the api, usually /api",Newznab,,,APIへのパス（通常は/api）,
NewznabCategoriesHelpText,missing,,Drop down list; at least one category must be selected.,Newznab,,,ドロップダウンリスト。少なくとも1つのカテゴリーを選択する必要があります。,
NextExecution,upstream,,Next Execution,,次の実行,,次回の実行,upstream fix: scheduled-task columns beside LastDuration 前回の所要時間
NextExecutionNow,missing,,now,,,,今すぐ,
NextExecutionQueued,missing,,queued,,,,キュー待ち,
NextVolume,missing,,Next Volume,,,,次の巻,
No,glossary:exact,No,No,,番号,,いいえ,
NoChange,upstream,,No Change,,変化なし,,変更なし,"upstream fix: 変化 → 変更, as RecentChanges / HasPendingChangesNoChanges"
NoCollectionsYet,missing,,No collections yet; one appears when a series in the library has other arcs or side stories.,,,,コレクションはまだありません。ライブラリ内のシリーズに別のアークや外伝があると表示されます。,
NoCutoffUnmetItems,missing,No cutoff unmet items,No cutoff unmet items,,,,カットオフ未達の項目はありません,
NoDelay,missing,,No Delay,,,,遅延なし,
NoDownloadClientsFound,missing,No download clients found,No download clients found,,,,ダウンロードクライアントが見つかりません,
NoFiles,missing,,No files,,,,ファイルがありません,
NoHistoryBlocklist,missing,No history blocklist,No history blocklist,,,,ブロックリストの履歴はありません,
NoImportListsFound,missing,No import lists found,No import lists found,,,,インポートリストが見つかりません,
NoIndexersFound,missing,No indexers found,No indexers found,,,,インデクサーが見つかりません,
NoItemsFoundGetStarted,missing,,"No {itemType} found; to get started, import your existing series or add a new series.",,,,{itemType}が見つかりません。まずは既存のシリーズをインポートするか、新しいシリーズを追加してください。,{itemType} = シリーズ / 巻
NoLimitForAnyRuntime,upstream,,No limit for any runtime,,ランタイムに制限はありません,,再生時間に関係なく上限なし,upstream fix: ランタイム = a software runtime (Radarr movie calque)
NoLinks,missing,,No links,,,,リンクなし,
NoMatchCandidates,missing,,AniList returned no candidates for this search,,,,AniListはこの検索で候補を返しませんでした,
NoMatchFound,missing,,No Match Found,,,,一致するものが見つかりません,
NoMinimumForAnyRuntime,upstream,,No minimum for any runtime,,ランタイムの最小値はありません,,再生時間に関係なく下限なし,upstream fix: ランタイム = a software runtime (Radarr movie calque)
NoMissingItems,missing,No missing items,No missing items,,,,欠落している項目はありません,
NoName,missing,Do not show name,Do not show name,,,,名前を表示しない,
NoSeriesAddedYet,missing,,You haven't added any series yet; do you want to import your existing series?,,,,まだシリーズが追加されていません。既存のシリーズをインポートしますか？,
NoTagsHaveBeenAddedYet,missing,"No tags have been added yet. Add tags to link authors with delay profiles, restrictions, or notifications. Click {0} to find out more about tags in Readarr.","No tags have been added yet. Add tags to link series with delay profiles, restrictions, or notifications. Click {0} to find out more about tags in Mangarr.",,,,タグはまだ追加されていません。タグを追加すると、シリーズを遅延プロファイル、制限、通知と関連付けられます。{appName}のタグについて詳しくは{0}をクリックしてください。,
NoTagsHaveBeenAddedYetMessageText,missing,,"No tags have been added yet. Add tags to link series with delay profiles, restrictions, or notifications. Click {wikiLink} to find out more about tags in {appName}.",,,,タグはまだ追加されていません。タグを追加すると、シリーズを遅延プロファイル、制限、通知と関連付けられます。{appName}のタグについて詳しくは{wikiLink}をクリックしてください。,{wikiLink} = LinkHere こちら
NoVolumeFilesFoundInFolder,missing,,No volume files were found in the selected folder,,,,選択したフォルダーに巻のファイルが見つかりませんでした,
NoVolumeFilesToManage,missing,,No volume files to manage.,,,,管理する巻のファイルはありません。,
NoVolumes,missing,,No volumes,,,,巻がありません,
NotFoundCaption,missing,,This page got isekai'd.,,,,このページは異世界転生しました。,isekai pun
NotFoundMessage,missing,,"You must be lost, nothing to see here.",,,,迷子になったようです。ここには何もありません。,
NotInLibrary,missing,,Not in Library,,,,ライブラリにありません,
NotMonitored,upstream,,Not Monitored,,監視されていません,,未監視,upstream fix: Unmonitored = 未監視
NotYet,missing,,Not Yet,,,,未発売,shown in place of a count when no audiobook exists yet
NotifiarrAPIKeyHelpText,missing,,Your API key from your profile,Notifiarr,,,プロフィールのAPIキー,
NotificationPriority,missing,,Notification Priority,Join,,,通知の優先度,
NotificationStatusAllClientHealthCheckMessage,upstream,,All notifications are unavailable due to failures,,障害のため、すべてのリストを利用できません,,障害のため、すべての通知を利用できません,upstream fix: said lists
NotificationStatusSingleClientHealthCheckMessage,upstream,,Notifications unavailable due to failures: {0},,失敗のため利用できないリスト：{0},,障害のため利用できない通知：{0},upstream fix: said lists
NotificationTriggersHelpText,missing,,Select which events should trigger this notification,,,,この通知をトリガーするイベントを選択してください,
NotificationsPlexSettingsAuthToken,missing,Auth Token,Auth Token,PlexServer,,,認証トークン,
NotificationsPlexSettingsAuthenticateWithPlexTv,missing,Authenticate with Plex.tv,Authenticate with Plex.tv,PlexServer,,,Plex.tvで認証,
NotificationsSettingsUpdateLibrary,missing,Update Library,Update Library,Kavita PlexServer Subsonic SynologyIndexer,,,ライブラリを更新,
NotificationsSettingsUpdateMapPathsFrom,missing,Map Paths From,Map Paths From,PlexServer,,,パスのマッピング元,
NotificationsSettingsUpdateMapPathsFromHelpText,missing,"{appName} path, used to modify series paths when {serviceName} sees library path location differently from {appName} (Requires 'Update Library')","{appName} path, used to modify series paths when {serviceName} sees library path location differently from {appName} (Requires 'Update Library')",PlexServer,,,{appName}側のパス。{serviceName}から見たライブラリのパスが{appName}と異なる場合に、シリーズのパスを変更するために使用します（「ライブラリを更新」が必要）,
NotificationsSettingsUpdateMapPathsTo,missing,Map Paths To,Map Paths To,PlexServer,,,パスのマッピング先,
NotificationsSettingsUpdateMapPathsToHelpText,missing,"{serviceName} path, used to modify series paths when {serviceName} sees library path location differently from {appName} (Requires 'Update Library')","{serviceName} path, used to modify series paths when {serviceName} sees library path location differently from {appName} (Requires 'Update Library')",PlexServer,,,{serviceName}側のパス。{serviceName}から見たライブラリのパスが{appName}と異なる場合に、シリーズのパスを変更するために使用します（「ライブラリを更新」が必要）,
NotificationsSettingsUseSslHelpText,missing,Connect to {serviceName} over HTTPS instead of HTTP,Connect to {serviceName} over HTTPS instead of HTTP,PlexServer,,,HTTPではなくHTTPSで{serviceName}に接続します,
NotifyWithChatMessage,missing,,Notify with Chat Message,Subsonic,,,チャットメッセージで通知,
NtfyAccessTokenHelpText,missing,,Optional token-based authorization. Takes priority over username/password,Ntfy,,,任意のトークンベースの認証。ユーザー名／パスワードより優先されます,
NtfyClickUrlHelpText,missing,,Optional link when user clicks notification,Ntfy,,,ユーザーが通知をクリックしたときに開くリンク（任意）,
NtfyPasswordHelpText,missing,,Optional Password,Ntfy,,,パスワード（任意）,
NtfyServerUrlHelpText,missing,,Leave blank to use public server (https://ntfy.sh),Ntfy,,,公開サーバー（https://ntfy.sh）を使用する場合は空欄にします,
NtfyTagsAndEmojis,missing,,Ntfy Tags and Emojis,Ntfy,,,Ntfyのタグと絵文字,
NtfyTagsHelpText,missing,,Optional list of tags or emojis to use,Ntfy,,,使用するタグまたは絵文字のリスト（任意）,
NtfyTopicsHelpText,missing,,List of Topics to send notifications to,Ntfy,,,通知を送信するトピックのリスト,
NtfyUserNameHelpText,missing,,Optional Authorization,Ntfy,,,認証（任意）,
Number,missing,,Number,,,,番号,
NyaaAdditionalParametersHelpText,missing,,Please note if you change the category you will have to add required/restricted rules about the subgroups to avoid foreign language releases.,Nyaa,,,カテゴリーを変更した場合、外国語のリリースを避けるために、サブグループに関する必須／制限ルールを追加する必要があることに注意してください。,
NzbFolder,missing,,Nzb Folder,Pneumatic UsenetBlackhole,,,NZBフォルダー,
NzbVortexOlderTvPriorityHelpText,missing,,Priority to use when grabbing books released over 14 days ago,NzbVortex Nzbget QBittorrent RTorrent Sabnzbd Transmission UTorrent,,,14日以上前に発売された巻を取得するときに使用する優先度,
NzbVortexRecentTvPriorityHelpText,missing,,Priority to use when grabbing books released within the last 14 days,NzbVortex Nzbget QBittorrent RTorrent Sabnzbd Transmission UTorrent,,,過去14日以内に発売された巻を取得するときに使用する優先度,
NzbVortexUrlBaseHelpText,missing,,"Adds a prefix to the NZBVortex url, e.g. http://[host]:[port]/[urlBase]/api",NzbVortex,,,NZBVortexのURLにプレフィックスを追加します（例：http://[host]:[port]/[urlBase]/api）,
NzbgetAddPausedHelpText,missing,,This option requires at least NzbGet version 16.0,Nzbget,,,このオプションにはNzbGetバージョン16.0以降が必要です,
NzbgetUrlBaseHelpText,missing,,"Adds a prefix to the nzbget url, e.g. http://[host]:[port]/[urlBase]/jsonrpc",Nzbget,,,nzbgetのURLにプレフィックスを追加します（例：http://[host]:[port]/[urlBase]/jsonrpc）,
NzbgetUseSslHelpText,missing,,Use secure connection when connecting to NZBGet,Nzbget,,,NZBGetへの接続に安全な接続を使用します,
OAuthPopupMessage,missing,,Pop-ups are being blocked by your browser,,,,ブラウザーでポップアップがブロックされています,
Ok,missing,,Ok,,,,OK,
OkConfirm,missing,,OK,,,,OK,
OlderPriority,missing,,Older Priority,Deluge NzbVortex Nzbget QBittorrent RTorrent Sabnzbd Transmission UTorrent,,,過去のリリースの優先度,
OnApplicationUpdate,missing,On Application Update,On Application Update,,,,アプリケーションのアップデート時,
OnApplicationUpdateHelpText,missing,On Application Update,On Application Update,,,,アプリケーションのアップデート時,
OnAuthorAdded,missing,On Author Added,On Series Added,,,,シリーズの追加時,
OnAuthorAddedHelpText,missing,On Author Added,On Series Added,,,,シリーズの追加時,
OnAuthorDelete,missing,On Author Delete,On Series Delete,,,,シリーズの削除時,
OnAuthorDeleteHelpText,missing,On Author Delete,On Series Delete,,,,シリーズの削除時,
OnBookDelete,missing,On Book Delete,On Volume Delete,,,,巻の削除時,
OnBookDeleteHelpText,missing,On Book Delete,On Volume Delete,,,,巻の削除時,
OnBookFileDelete,vocab glossary:volume stale,On Book File Delete,On Volume File Delete,,ムービーファイルの削除について,,巻のファイルの削除時,
OnBookFileDeleteForUpgrade,vocab glossary:volume stale,On Book File Delete For Upgrade,On Volume File Delete For Upgrade,,アップグレードのためのムービーファイルの削除,,アップグレードによる巻のファイルの削除時,
OnBookFileDeleteForUpgradeHelpText,vocab glossary:volume stale,On Book File Delete For Upgrade,On Volume File Delete For Upgrade,,アップグレードのためのムービーファイルの削除,,アップグレードによる巻のファイルの削除時,
OnBookFileDeleteHelpText,vocab glossary:volume stale,On Book File Delete,On Volume File Delete,,ムービーファイルの削除について,,巻のファイルの削除時,
OnBookRetagHelpText,missing,On Book Retag,On Volume Retag,,,,巻のタグ再書き込み時,
OnBookTagUpdate,missing,On Book Tag Update,On Volume Tag Update,,,,巻のタグ更新時,
OnDownloadFailure,missing,On Download Failure,On Download Failure,,,,ダウンロードの失敗時,
OnDownloadFailureHelpText,missing,On Download Failure,On Download Failure,,,,ダウンロードの失敗時,
OnGrab,upstream,,On Grab,,グラブで,,取得時,upstream fix: グラブで; grab = 取得
OnGrabHelpText,upstream,,On Grab,,グラブで,,取得時,upstream fix: グラブで; grab = 取得
OnHealthIssue,upstream,,On Health Issue,,健康問題について,,ヘルスチェックの問題発生時,upstream fix: 健康問題 = a health problem
OnHealthIssueHelpText,upstream,,On Health Issue,,健康問題について,,ヘルスチェックの問題発生時,upstream fix: 健康問題 = a health problem
OnImportFailure,missing,On Import Failure,On Import Failure,,,,インポートの失敗時,
OnImportFailureHelpText,missing,On Import Failure,On Import Failure,,,,インポートの失敗時,
OnReleaseImport,missing,On Release Import,On Release Import,,,,リリースのインポート時,
OnReleaseImportHelpText,missing,On Release Import,On Release Import,,,,リリースのインポート時,
OnRename,upstream,,On Rename,,名前の変更について,,名前変更時,upstream fix: 名前の変更について = 'about renaming'
OnRenameHelpText,upstream,,On Rename,,名前の変更について,,名前変更時,upstream fix: 名前の変更について = 'about renaming'
OneLeecher,missing,,1 leecher,,,,1リーチャー,
OneMinute,missing,,1 Minute,,,,1分,
OneSeeder,missing,,1 seeder,,,,1シーダー,
OnlyTorrent,missing,,Only Torrent,,,,Torrentのみ,
OnlyUsenet,missing,,Only Usenet,,,,Usenetのみ,
OpenBrowserOnStart,upstream,,Open browser on start,,起動時にブラウザを開く,,起動時にブラウザーを開く,upstream fix: spelling ブラウザー
OpenThisModal,missing,,Open This Modal,,,,このダイアログを開く,
OptionAny,missing,,(Any),,,,（任意）,
OptionMixed,missing,,(Mixed),,,,（混在）,
Or,missing,,or,,,,または,
Organize,missing,,Organize,,,,整理,
OrganizeAndRename,missing,,Organize & Rename,,,,整理と名前変更,
OrganizeNamingPattern,missing,,Naming pattern:,,,,命名パターン：,
OrganizeRenamePreviewTip,missing,,"Tip: To preview a rename, select ""Cancel"", then select any series name and use the{icon}",,,,ヒント：名前変更をプレビューするには、「キャンセル」を選択してから任意のシリーズ名を選択し、{icon}を使用してください,
OrganizeSelectedSeries,missing,,Organize Selected Series,,,,選択したシリーズを整理,
OrganizeSelectedSeriesMessage,missing,,Are you sure you want to organize all files in the {count} selected author?,,,,選択した{count}件のシリーズのすべてのファイルを整理してもよろしいですか？,
Original,upstream,,Original,,元の,,オリジナル,upstream fix: 元の is a dangling adjective (naming fieldset legend)
Other,missing,Other,Other,,,,その他,
OutputFormatHelpText,missing,Optionally ask Calibre to convert to other formats on import. Comma separated list.,Optionally ask Calibre to convert to other formats on import. Comma separated list.,,,,インポート時に他のフォーマットへの変換をCalibreに依頼できます（任意）。カンマ区切りのリストです。,
Overview,glossary:exact,Overview,Overview,,概要概要,,概要,
OverviewOptions,missing,,Overview Options,,,,概要のオプション,
OverviewView,missing,,Overview,,,,概要,
PackageVersionByAuthor,missing,,{packageVersion}  by  {packageAuthor},,,,{packageVersion}（パッケージ提供：{packageAuthor}）,
PageCount,missing,,Page Count,,,,ページ数,
PageCountShort,missing,,{pageCount}p,,,,{pageCount}ページ,
PageSizeMaximum,missing,,Page size must not exceed 250,,,,ページサイズは250以下にしてください,
PageSizeMinimum,missing,,Page size must be at least 5,,,,ページサイズは5以上にしてください,
Pages,missing,,Pages,,,,ページ,
PartOf,missing,,Part of,,,,所属：,followed by a link to the parent collection
Partial,missing,,Partial,,,,一部,
Passkey,missing,,Passkey,FileList,,,パスキー,
PasswordConfirmation,missing,Password Confirmation,Password Confirmation,,,,パスワードの確認,
PasswordHelpText,missing,Calibre content server password,Calibre content server password,,,,Calibreコンテンツサーバーのパスワード,
PastDays,missing,Past Days,Past Days,,,,過去の日数,
PastDaysHelpText,missing,Days for iCal feed to look into the past,Days for iCal feed to look into the past,,,,iCalフィードに含める過去の日数,
Path,glossary:exact,Path,Path,CustomScript,道,,パス,
PathAsAudiobookshelfSeesIt,missing,,Path As Audiobookshelf Sees It,,,,Audiobookshelfから見たパス,
PathAsCalibreSeesIt,missing,,Path As Calibre Sees It,,,,Calibreから見たパス,
PathAsMangarrSeesIt,missing,,Path As Mangarr Sees It,,,,{appName}から見たパス,
PathHelpText,missing,Root Folder containing your book library,Root Folder containing your volume library,,,,巻のライブラリを含むルートフォルダー,
PathHelpTextWarning,missing,This must be different to the directory where your download client puts files,This must be different to the directory where your download client puts files,,,,ダウンロードクライアントがファイルを保存するディレクトリとは別のディレクトリにする必要があります,
Paused,missing,,Paused,,,,一時停止中,
Peers,missing,,Peers,,,,ピア,
Pending,missing,,Pending,,,,保留中,
PendingChangesDiscardChanges,missing,,Discard changes and leave,,,,変更を破棄して移動,
PendingChangesMessage,missing,,"You have unsaved changes, are you sure you want to leave this page?",,,,保存されていない変更があります。このページから移動してもよろしいですか？,
PendingChangesStayReview,missing,,Stay and review changes,,,,このページに留まって変更を確認,
PendingDownloadClientUnavailable,missing,,Pending - Download client is unavailable,,,,保留中 - ダウンロードクライアントを利用できません,
PinMetadata,missing,,Pin Metadata,,,,メタデータを固定,
PinMetadataHint,missing,,A pinned value replaces what the metadata sources return and survives every refresh; leave a field blank to let them decide.,,,,固定した値はメタデータソースから返される値を置き換え、更新しても保持されます。ソースに任せる場合は空欄にしてください。,
PinReleaseDateHelpText,missing,,yyyy-MM-dd,,,,yyyy-MM-dd,date format hint; kept as the literal pattern
PinSourceHelpText,missing,,Where the value was checked; a pin outranks every metadata provider,,,,値を確認した場所。固定値はすべてのメタデータプロバイダーより優先されます,
PinWriter,missing,,Pin Writer,,,,著者を固定,
PinWriterHelpText,missing,,Pin the real writer Calibre files this series under,,,,Calibreがこのシリーズを登録する実際の著者を固定します,
PinWriterHint,missing,,The pinned writer replaces what the metadata sources return and survives every refresh; Remove Pin lets them decide again.,,,,固定した著者はメタデータソースから返される値を置き換え、更新しても保持されます。「固定を解除」すると再びソースが決定します。,
PinnedOn,missing,,Pinned on {date}.,,,,{date}に固定しました。,
PneumaticNzbFolderHelpText,missing,,This folder will need to be reachable from XBMC,Pneumatic,,,このフォルダーはXBMCからアクセスできる必要があります,
PneumaticStrmFolderHelpText,missing,,.strm files in this folder will be import by drone,Pneumatic,,,このフォルダー内の.strmファイルはdroneによってインポートされます,
Port,upstream,,Port,Aria2 Deluge DownloadStation Email Flood Hadouken Kavita NzbVortex Nzbget PlexServer QBittorrent RTorrent Sabnzbd Signal Subsonic Transmission UTorrent,港,,ポート,upstream fix: 港 = harbour
PortHelpText,missing,Calibre content server port,Calibre content server port,,,,Calibreコンテンツサーバーのポート,
PostImportCategory,missing,,Post-Import Category,Deluge QBittorrent RTorrent UTorrent,,,インポート後のカテゴリー,
PostImportTags,missing,,Post-Import Tags,Flood,,,インポート後のタグ,
PosterOptions,missing,,Poster Options,,,,ポスターのオプション,
Posters,missing,,Posters,,,,ポスター,
PreferAndUpgrade,missing,,Prefer and Upgrade,,,,優先してアップグレード,
PreferTorrent,missing,,Prefer Torrent,,,,Torrentを優先,
PreferUsenet,missing,,Prefer Usenet,,,,Usenetを優先,
PreferredEdition,missing,,Preferred Edition,,,,優先エディション,
PreferredEditionHelpText,missing,,Default for new series; existing series keep their edition,,,,新しいシリーズの既定値。既存のシリーズは現在のエディションを維持します,
PreferredEditionOtherSeries,missing,,{count} series use another edition ({breakdown}) — change them from the series list,,,,{count}件のシリーズが別のエディション（{breakdown}）を使用しています — シリーズ一覧から変更してください,
PreferredLightNovelFormatHelpText,missing,,Calibre adds this format to each imported book; the EPUB is always kept.,,,,Calibreはインポートした各巻にこのフォーマットを追加します。EPUBは常に保持されます。,
Presets,missing,,Presets,,,,プリセット,
PreviewRename,upstream,,Preview Rename,,プレビューの名前変更,,名前変更のプレビュー,upstream fix: 'renaming of the preview'
PreviewRetag,missing,Preview Retag,Preview Retag,,,,タグの再書き込みをプレビュー,
PreviouslyInstalled,missing,Previously Installed,Previously Installed,,,,以前にインストール済み,
Priority,missing,,Priority,Gotify Ntfy Prowl Pushover,,,優先度,
PriorityValue,missing,,Priority: {priority},,,,優先度：{priority},
Proceed,missing,,Proceed,,,,続行,
ProfilesSettingsSummary,missing,"Quality, Metadata, Delay, and Release profiles","Quality, Metadata, Delay, and Release profiles",,,,品質、メタデータ、遅延、リリースの各プロファイル,
ProgressBarProgress,missing,,Progress Bar at {progress}%,,,,プログレスバー：{progress}%,
Proper,upstream,,Proper,,適切な,,PROPER,upstream fix: 適切な = 'appropriate'; PROPER is a release type
PropersAndRepacks,upstream,,Propers and Repacks,,適切なものと再梱包,,PROPERとREPACK,upstream fix: 適切なものと再梱包 = 'appropriate things and re-packing'
ProviderMoreInfo,missing,,More info,,,,詳細情報,
ProxyBypassFilterHelpText,upstream,,"Use ',' as a separator, and '*.' as a wildcard for subdomains",,'、'を区切り文字として使用し、 '*。'を使用します。サブドメインのワイルドカードとして,,"区切り文字には「,」を、サブドメインのワイルドカードには「*.」を使用します",upstream fix: the literal separators had been turned into full-width 、 and 。
ProxyTypeSocks5,missing,,Socks5 (Support TOR),,,,Socks5（TOR対応）,
Publisher,missing,Publisher,Publisher,,,,出版社,
PurchaseLocation,missing,,Purchase Location,GoodreadsOwnedBooksNotification,,,購入場所,
PushBulletChannelTagsHelpText,missing,,List of Channel Tags to send notifications to,PushBullet,,,通知を送信するチャンネルタグのリスト,
PushBulletDeviceIdsHelpText,missing,,List of device IDs (leave blank to send to all devices),PushBullet,,,デバイスIDのリスト（すべてのデバイスに送信する場合は空欄）,
PushBulletSenderIdHelpText,missing,,"The device ID to send notifications from, use device_iden in the device's URL on pushbullet.com (leave blank to send from yourself)",PushBullet,,,通知の送信元デバイスID。pushbullet.comのデバイスのURLにあるdevice_idenを使用します（自分から送信する場合は空欄）,
PushoverDevicesHelpText,missing,,List of device names (leave blank to send to all devices),Pushover,,,デバイス名のリスト（すべてのデバイスに送信する場合は空欄）,
PushoverExpireHelpText,missing,,"Maximum time to retry Emergency alerts, maximum 86400 seconds",Pushover,,,緊急アラートを再試行する最大時間（最大86400秒）,
PushoverRetryHelpText,missing,,"Interval to retry Emergency alerts, minimum 30 seconds",Pushover,,,緊急アラートを再試行する間隔（最小30秒）,
PushoverSoundHelpText,missing,,"Notification sound, leave blank to use the default",Pushover,,,通知音。既定の音を使う場合は空欄にします,
QBittorrentFirstAndLastHelpText,missing,,Download first and last pieces first (qBittorrent 4.1.0+),QBittorrent,,,最初と最後のピースを先にダウンロードします（qBittorrent 4.1.0以降）,
QBittorrentInitialStateHelpText,missing,,Initial state for torrents added to qBittorrent. Note that Forced Torrents do not abide by seed restrictions,QBittorrent,,,qBittorrentに追加するトレントの初期状態。強制トレントはシードの制限に従わないことに注意してください,
QBittorrentMusicImportedCategoryHelpText,missing,,Category for Mangarr to set after it has imported the download. Mangarr will not remove the torrent if seeding has finished. Leave blank to keep same category.,QBittorrent UTorrent,,,ダウンロードをインポートした後に{appName}が設定するカテゴリーです。{appName}はシードが完了してもトレントを削除しません。同じカテゴリーのままにする場合は空欄にします。,
QBittorrentSequentialOrderHelpText,missing,,Download in sequential order (qBittorrent 4.1.0+),QBittorrent,,,順番にダウンロードします（qBittorrent 4.1.0以降）,
QBittorrentUrlBaseHelpText,missing,,"Adds a prefix to the qBittorrent url, e.g. http://[host]:[port]/[urlBase]/api",QBittorrent,,,qBittorrentのURLにプレフィックスを追加します（例：http://[host]:[port]/[urlBase]/api）,
QBittorrentUseSslHelpText,missing,,Use a secure connection. See Options -> Web UI -> 'Use HTTPS instead of HTTP' in qBittorrent.,QBittorrent,,,安全な接続を使用します。qBittorrentの「オプション -> Web UI -> 'Use HTTPS instead of HTTP'」を参照してください。,
Qualities,missing,,Qualities,,,,品質,
QualitiesHelpText,missing,,Qualities higher in the list are more preferred. Qualities within the same group are equal. Only checked qualities are wanted,,,,リストの上位にある品質ほど優先されます。同じグループ内の品質は同等です。チェックした品質のみが検索対象になります,
QualityClassArchives,missing,,Archives (manga),,,,アーカイブ（マンガ）,
QualityClassAudio,missing,,Audiobook,,,,オーディオブック,
QualityClassEbook,missing,,Ebook,,,,電子書籍,
QualityCutoffNotMet,missing,,Quality cutoff has not been met,,,,品質のカットオフに達していません,
QualityDefinitionMax,missing,,Max,,,,最大,
QualityDefinitionMin,missing,,Min,,,,最小,
QualityLimitsAudiobookDurationHelpText,missing,,Limits are automatically adjusted for the audiobook duration.,,,,制限はオーディオブックの長さに合わせて自動的に調整されます。,
QualityOrderExplainer,missing,,Top is most preferred. Cutoff: stop upgrading once this quality is reached.,,,,上にあるものほど優先されます。カットオフ：この品質に達するとアップグレードを停止します。,
QualityProfileIdHelpText,missing,Quality Profile list items should be added with,Quality Profile list items should be added with,,,,リストの項目を追加するときに使用する品質プロファイル,
QualityProfileNamed,missing,,Quality Profile: {name},,,,品質プロファイル：{name},
QueueDownloadFailed,missing,,Download failed,,,,ダウンロードに失敗しました,
QueueDownloadWarning,missing,,Download warning: {message},,,,ダウンロードの警告：{message},
QueueDownloadedImporting,missing,,Downloaded - Importing,,,,ダウンロード済み - インポート中,
QueueDownloadedWaitingToImport,missing,,Downloaded - Waiting to Import,,,,ダウンロード済み - インポート待ち,
QueueDownloadedWaitingToProcess,missing,,Downloaded - Waiting to Process,,,,ダウンロード済み - 処理待ち,
QueueImportFailed,missing,,Import failed: {sourceTitle},,,,インポートに失敗しました：{sourceTitle},
Queued,upstream,,Queued,,キューに入れられました,,キュー待ち,upstream fix: キューに入れられました is a sentence (task status)
QueuedTaskEndedColumn,missing,,Ended,,,,終了,Tasks → Queued end-time column header (split from Ended)
QueuedTaskQueuedColumn,missing,,Queued,,,,キュー待ち,Tasks → Queued queued-time column header (split from Queued)
RTorrentAddStoppedHelpText,missing,,Enabling will add torrents and magnets to rTorrent in a stopped state. This may break magnet files.,RTorrent,,,有効にすると、トレントとマグネットを停止状態でrTorrentに追加します。マグネットファイルが壊れる可能性があります。,
RTorrentMusicDirectoryHelpText,missing,,"Optional location to put downloads in, leave blank to use the default rTorrent location",RTorrent,,,ダウンロードの保存先（任意）。rTorrentの既定の場所を使用する場合は空欄にします,
RTorrentUrlBaseHelpText,missing,,"Path to the XMLRPC endpoint, see http(s)://[host]:[port]/[urlPath]. This is usually RPC2 or [path to ruTorrent]/plugins/rpc/rpc.php when using ruTorrent.",RTorrent,,,XMLRPCエンドポイントへのパス。http(s)://[host]:[port]/[urlPath] を参照してください。ruTorrentを使用している場合、通常はRPC2または[ruTorrentへのパス]/plugins/rpc/rpc.phpです。,
RTorrentUseSslHelpText,missing,,Use secure connection when connecting to rTorrent,RTorrent,,,rTorrentへの接続に安全な接続を使用します,
Rating,missing,,Rating,,,,評価,
ReResolveMetadata,missing,,Re-resolve Metadata,,,,メタデータを再解決,
ReResolveMetadataHelpText,missing,,"Clears the stored release dates and page counts for every volume, then looks them up again",,,,すべての巻について保存済みの発売日とページ数を消去し、再度取得します,
ReResolveMetadataTooltip,missing,,"Clears stored dates and pages, then looks them up again",,,,保存済みの日付とページ数を消去し、再度取得します,
ReadOnly,missing,,Read Only,TorrentBlackhole,,,読み取り専用,
ReadarrApiKeyHelpText,missing,,Apikey of the Readarr instance to import from,Readarr,,,インポート元のReadarrインスタンスのAPIキー,
ReadarrBaseUrlHelpText,missing,,"URL, including port, of the Readarr instance to import from",Readarr,,,インポート元のReadarrインスタンスのURL（ポートを含む）,
ReadarrProfileIdsHelpText,missing,,Profiles from the source instance to import from,Readarr,,,インポート元インスタンスのプロファイル,
ReadarrRootFolderPathsHelpText,missing,,Root Folders from the source instance to import from,Readarr,,,インポート元インスタンスのルートフォルダー,
ReadarrSupportsAnyDownloadClient,stale,Readarr supports many popular torrent and usenet download clients.,Mangarr supports many popular torrent and usenet download clients.,,{appName}は、Newznab標準を使用するすべてのダウンロードクライアント、および以下にリストされている他のダウンロードクライアントをサポートします。,,{appName}は、一般的なトレントやUsenetのダウンロードクライアントを多数サポートしています。,
ReadarrSupportsAnyIndexerThatUsesTheNewznabStandardAsWellAsOtherIndexersListedBelow,stale,"Readarr supports any indexer that uses the Newznab standard, as well as other indexers listed below.","Mangarr supports any indexer that uses the Newznab standard, as well as other indexers listed below.",,{appName}は、Newznab標準を使用するすべてのインデクサー、および以下にリストされている他のインデクサーをサポートします。,,{appName}は、Newznab標準を使用するすべてのインデクサーと、以下に示すその他のインデクサーをサポートしています。,
ReadarrSupportsMultipleListsForImportingBooksAndAuthorsIntoTheDatabase,missing,Readarr supports multiple lists for importing Books and Authors into the database.,Mangarr supports multiple lists for importing Volumes and Series into the database.,,,,{appName}は、巻やシリーズをデータベースにインポートするための複数のリストをサポートしています。,
ReadarrTagIdsHelpText,missing,,Tags from the source instance to import from,Readarr,,,インポート元インスタンスのタグ,
ReadarrTags,stale,Readarr Tags,Mangarr Tags,,{appName}タグ,,{appName}のタグ,
Real,upstream,,Real,,リアル,,REAL,"upstream fix: release type, as PROPER"
RecentChanges,upstream,,Recent Changes,,最近の変化,,最近の変更,"upstream fix: 変化 = a change in state, not a code change"
RecentPriority,missing,,Recent Priority,Deluge NzbVortex Nzbget QBittorrent RTorrent Sabnzbd Transmission UTorrent,,,最近のリリースの優先度,
RecipientAddressEs,missing,,Recipient Address(es),Email Mailgun SendGrid,,,受信者アドレス,
RecycleBinHelpText,vocab glossary:volume stale,Book files will go here when deleted instead of being permanently deleted,Volume files will go here when deleted instead of being permanently deleted,,ムービーファイルは、完全に削除されるのではなく、削除されるとここに移動します,,巻のファイルは、削除時に完全に削除されるのではなく、ここに移動されます,
RecycleBinUnableToWriteHealthCheck,missing,Unable to write to configured recycling bin folder: {0}. Ensure this path exists and is writable by the user running Readarr,Unable to write to configured recycling bin folder: {0}. Ensure this path exists and is writable by the user running Mangarr,,,,設定されたごみ箱フォルダーに書き込めません：{0}。このパスが存在し、{appName}を実行しているユーザーが書き込み可能であることを確認してください,
RecyclingBin,upstream,,Recycling Bin,,リサイクルビン,,ごみ箱,"upstream fix: one term, ごみ箱 (RecyclingBinCleanup already says it)"
RedownloadFailed,upstream,,Redownload Failed,,ダウンロードに失敗しました,,失敗したものを再ダウンロード,upstream fix: read 'the download failed'
RefreshAuthor,missing,Refresh Author,Refresh Series,,,,シリーズを更新,
RefreshBook,missing,Refresh Book,Refresh Volume,,,,巻を更新,
RefreshInformation,missing,Refresh information,Refresh information,,,,情報を更新,
RefreshInformationAndScanDisk,upstream,,Refresh information and scan disk,,情報を更新してディスクをスキャンする,,情報を更新してディスクをスキャン,upstream fix: tooltip register (no する)
RegularExpressionsCanBeTested,missing,,Regular expressions can be tested {link},,,,正規表現は{link}でテストできます,{link} = Here こちら
RejectBlocklistedTorrentHashesWhileGrabbing,missing,,Reject Blocklisted Torrent Hashes While Grabbing,FileList Gazelle IPTorrents Nyaa TorrentRssIndexer Torrentleech Torznab,,,取得時にブロックリストのトレントハッシュを拒否,
RejectionCount,missing,,Rejection Count,,,,拒否数,
Rejections,missing,Rejections,Rejections,,,,拒否,
ReleaseBranchCheckOfficialBranchMessage,stale,"Branch {0} is not a valid Readarr release branch, you will not receive updates","Branch {0} is not a valid Mangarr release branch, you will not receive updates",,ブランチ{0}は有効な{appName}リリースブランチではありません。更新を受け取りません。,,ブランチ{0}は有効な{appName}のリリースブランチではありません。アップデートを受け取れません,
ReleaseDate,upstream,,Release Date,,リリース日,,発売日,upstream fix: 発売日 as the volume date elsewhere
ReleaseDateWithDate,missing,,ReleaseDate: {date},,,,発売日：{date},
ReleaseLines,missing,,Release Lines,,,,リリースライン,"OpenTome publishing lines, as EditionLines"
ReleaseProfiles,missing,Release Profiles,Release Profiles,,,,リリースプロファイル,
ReleaseWillBeProcessedInterp,upstream,,Release will be processed {0},,リリースは処理されます{0},,リリースの処理予定：{0},upstream fix: {0} = a relative time (moment fromNow) had been tacked on after the verb
ReleasedRelativeDate,missing,,Released {date},,,,{date}に発売,
Reload,upstream,,Reload,,リロード,,再読み込み,"upstream fix: one term with ConnectionLostReconnect / UILanguageHelpTextWarning / AppUpdatedVersion, which name this button"
RemotePathMappingCheckBadDockerPath,missing,You are using docker; download client {0} places downloads in {1} but this is not a valid {2} path.  Review your remote path mappings and download client settings.,You are using docker; download client {0} places downloads in {1} but this is not a valid {2} path.  Review your remote path mappings and download client settings.,,,,Dockerを使用しています。ダウンロードクライアント{0}は{1}にダウンロードを配置しますが、これは有効な{2}パスではありません。リモートパスマッピングとダウンロードクライアントの設定を確認してください。,
RemotePathMappingCheckDockerFolderMissing,missing,You are using docker; download client {0} places downloads in {1} but this directory does not appear to exist inside the container.  Review your remote path mappings and container volume settings.,You are using docker; download client {0} places downloads in {1} but this directory does not appear to exist inside the container.  Review your remote path mappings and container volume settings.,,,,Dockerを使用しています。ダウンロードクライアント{0}は{1}にダウンロードを配置しますが、このディレクトリはコンテナ内に存在しないようです。リモートパスマッピングとコンテナのボリューム設定を確認してください。,
RemotePathMappingCheckDownloadPermissions,missing,Readarr can see but not access downloaded book {0}.  Likely permissions error.,Mangarr can see but not access downloaded volume {0}.  Likely permissions error.,,,,{appName}はダウンロードされた巻{0}を認識できますが、アクセスできません。権限エラーの可能性があります。,
RemotePathMappingCheckFileRemoved,missing,File {0} was removed part way through processing.,File {0} was removed part way through processing.,,,,ファイル{0}は処理の途中で削除されました。,
RemotePathMappingCheckFilesBadDockerPath,missing,You are using docker; download client {0} reported files in {1} but this is not a valid {2} path.  Review your remote path mappings and download client settings.,You are using docker; download client {0} reported files in {1} but this is not a valid {2} path.  Review your remote path mappings and download client settings.,,,,Dockerを使用しています。ダウンロードクライアント{0}は{1}内のファイルを報告しましたが、これは有効な{2}パスではありません。リモートパスマッピングとダウンロードクライアントの設定を確認してください。,
RemotePathMappingCheckFilesGenericPermissions,missing,Download client {0} reported files in {1} but Readarr cannot see this directory.  You may need to adjust the folder's permissions.,Download client {0} reported files in {1} but Mangarr cannot see this directory.  You may need to adjust the folder's permissions.,,,,ダウンロードクライアント{0}は{1}内のファイルを報告しましたが、{appName}からこのディレクトリを参照できません。フォルダーの権限を調整する必要があるかもしれません。,
RemotePathMappingCheckFilesLocalWrongOSPath,missing,Local download client {0} reported files in {1} but this is not a valid {2} path.  Review your download client settings.,Local download client {0} reported files in {1} but this is not a valid {2} path.  Review your download client settings.,,,,ローカルのダウンロードクライアント{0}は{1}内のファイルを報告しましたが、これは有効な{2}パスではありません。ダウンロードクライアントの設定を確認してください。,
RemotePathMappingCheckFilesWrongOSPath,missing,Remote download client {0} reported files in {1} but this is not a valid {2} path.  Review your remote path mappings and download client settings.,Remote download client {0} reported files in {1} but this is not a valid {2} path.  Review your remote path mappings and download client settings.,,,,リモートのダウンロードクライアント{0}は{1}内のファイルを報告しましたが、これは有効な{2}パスではありません。リモートパスマッピングとダウンロードクライアントの設定を確認してください。,
RemotePathMappingCheckFolderPermissions,missing,Readarr can see but not access download directory {1}.  Likely permissions error.,Mangarr can see but not access download directory {1}.  Likely permissions error.,,,,{appName}はダウンロードディレクトリ{1}を認識できますが、アクセスできません。権限エラーの可能性があります。,
RemotePathMappingCheckGenericPermissions,missing,Download client {0} places downloads in {1} but Readarr cannot see this directory.  You may need to adjust the folder's permissions.,Download client {0} places downloads in {1} but Mangarr cannot see this directory.  You may need to adjust the folder's permissions.,,,,ダウンロードクライアント{0}は{1}にダウンロードを配置しますが、{appName}からこのディレクトリを参照できません。フォルダーの権限を調整する必要があるかもしれません。,
RemotePathMappingCheckImportFailed,missing,Readarr failed to import a book.  Check your logs for details.,Mangarr failed to import a volume.  Check your logs for details.,,,,{appName}は巻のインポートに失敗しました。詳細はログを確認してください。,
RemotePathMappingCheckLocalFolderMissing,missing,Remote download client {0} places downloads in {1} but this directory does not appear to exist.  Likely missing or incorrect remote path mapping.,Remote download client {0} places downloads in {1} but this directory does not appear to exist.  Likely missing or incorrect remote path mapping.,,,,リモートのダウンロードクライアント{0}は{1}にダウンロードを配置しますが、このディレクトリは存在しないようです。リモートパスマッピングがないか、正しくない可能性があります。,
RemotePathMappingCheckLocalWrongOSPath,missing,Local download client {0} places downloads in {1} but this is not a valid {2} path.  Review your download client settings.,Local download client {0} places downloads in {1} but this is not a valid {2} path.  Review your download client settings.,,,,ローカルのダウンロードクライアント{0}は{1}にダウンロードを配置しますが、これは有効な{2}パスではありません。ダウンロードクライアントの設定を確認してください。,
RemotePathMappingCheckRemoteDownloadClient,missing,Remote download client {0} reported files in {1} but this directory does not appear to exist.  Likely missing remote path mapping.,Remote download client {0} reported files in {1} but this directory does not appear to exist.  Likely missing remote path mapping.,,,,リモートのダウンロードクライアント{0}は{1}内のファイルを報告しましたが、このディレクトリは存在しないようです。リモートパスマッピングがない可能性があります。,
RemotePathMappingCheckWrongOSPath,missing,Remote download client {0} places downloads in {1} but this is not a valid {2} path.  Review your remote path mappings and download client settings.,Remote download client {0} places downloads in {1} but this is not a valid {2} path.  Review your remote path mappings and download client settings.,,,,リモートのダウンロードクライアント{0}は{1}にダウンロードを配置しますが、これは有効な{2}パスではありません。リモートパスマッピングとダウンロードクライアントの設定を確認してください。,
RemotePathMappingsInfo,missing,"Remote Path Mappings are very rarely required, if {app} and your download client are on the same system it is better to match your paths. For more information see the [wiki]({wikiLink}).","Remote Path Mappings are very rarely required, if {app} and your download client are on the same system it is better to match your paths. For more information see the [wiki]({wikiLink}).",,,,リモートパスマッピングが必要になることはほとんどありません。{app}とダウンロードクライアントが同じシステム上にある場合は、パスを一致させることをおすすめします。詳細は[Wiki]({wikiLink})を参照してください。,
Remove,upstream,,Remove,,削除する,,削除,upstream fix: label register (no する)
RemoveCompleted,missing,Remove Completed,Remove Completed,,,,完了したものを削除,
RemoveCompletedDownloads,missing,Remove Completed Downloads,Remove Completed Downloads,,,,完了したダウンロードを削除,
RemoveDownloadsAlert,missing,The Remove settings were moved to the individual Download Client settings in the table above.,The Remove settings were moved to the individual Download Client settings in the table above.,,,,削除の設定は、上の表にある各ダウンロードクライアントの設定に移動しました。,
RemoveFailed,missing,Remove Failed,Remove Failed,,,,失敗したものを削除,
RemoveFailedDownloads,missing,Remove Failed Downloads,Remove Failed Downloads,,,,失敗したダウンロードを削除,
RemoveFailedDownloadsHelpText,upstream,,Remove failed downloads from download client history,,ダウンロードクライアント履歴から失敗したダウンロードを削除する,,ダウンロードクライアントの履歴から失敗したダウンロードを削除します,upstream fix: help-text register (ます)
RemoveFilter,upstream,,Remove filter,,フィルタを取り外します,,フィルターを削除,upstream fix: 取り外します = physically detach; フィルター
RemoveFromBlocklist,upstream,,Remove from blocklist,,ブラックリストから削除する,,ブロックリストから削除,upstream fix: ブロックリスト; label register
RemoveFromBookshelves,missing,,Remove from Bookshelves,GoodreadsBookshelfNotification,,,本棚から削除,
RemoveFromDownloadClientHint,missing,Removes download and file(s) from download client,Removes download and file(s) from download client,,,,ダウンロードとファイルをダウンロードクライアントから削除します,
RemoveMultipleFromDownloadClientHint,missing,Removes downloads and files from download client,Removes downloads and files from download client,,,,ダウンロードとファイルをダウンロードクライアントから削除します,
RemovePin,missing,,Remove Pin,,,,固定を解除,
RemoveQueueItem,missing,Remove - {sourceTitle},Remove - {sourceTitle},,,,削除 - {sourceTitle},
RemoveQueueItemConfirmation,tokens,Are you sure you want to remove '{sourceTitle}' from the queue?,Are you sure you want to remove '{sourceTitle}' from the queue?,,キューから{0}アイテム{1}を削除してもよろしいですか？,,「{sourceTitle}」をキューから削除してもよろしいですか？,
RemoveQueueItemRemovalMethod,missing,Removal Method,Removal Method,,,,削除方法,
RemoveQueueItemRemovalMethodHelpTextWarning,missing,'Remove from Download Client' will remove the download and the file(s) from the download client.,'Remove from Download Client' will remove the download and the file(s) from the download client.,,,,「ダウンロードクライアントから削除」を選択すると、ダウンロードとファイルがダウンロードクライアントから削除されます。,
RemoveQueueItemsRemovalMethodHelpTextWarning,missing,'Remove from Download Client' will remove the downloads and the files from the download client.,'Remove from Download Client' will remove the downloads and the files from the download client.,,,,「ダウンロードクライアントから削除」を選択すると、ダウンロードとファイルがダウンロードクライアントから削除されます。,
RemoveSelected,upstream,,Remove Selected,,削除選択,,選択項目を削除,upstream fix: 削除選択 = 'deletion selection'
RemoveSelectedItem,missing,Remove Selected Item,Remove Selected Item,,,,選択した項目を削除,
RemoveSelectedItemBlocklistMessageText,upstream,,Are you sure you want to remove the selected items from the blocklist?,,選択したアイテムをブラックリストから削除してもよろしいですか？,,選択した項目をブロックリストから削除してもよろしいですか？,upstream fix: ブロックリスト
RemoveSelectedItemQueueMessageText,tokens,Are you sure you want to remove 1 item from the queue?,Are you sure you want to remove 1 item from the queue?,,キューから{0}アイテム{1}を削除してもよろしいですか？,,キューから1件の項目を削除してもよろしいですか？,
RemoveSelectedItems,missing,Remove Selected Items,Remove Selected Items,,,,選択した項目を削除,
RemoveSelectedItemsQueueMessageText,tokens,Are you sure you want to remove {0} items from the queue?,Are you sure you want to remove {0} items from the queue?,,キューから{0}アイテム{1}を削除してもよろしいですか？,,キューから{0}件の項目を削除してもよろしいですか？,
RenameBooks,missing,Rename Books,Rename Volumes,,,,巻の名前を変更,
RenameBooksHelpText,stale,Readarr will use the existing file name if renaming is disabled,Mangarr will use the existing file name if renaming is disabled,,名前の変更が無効になっている場合、{appName}は既存のファイル名を使用します,,名前の変更が無効な場合、{appName}は既存のファイル名を使用します,
RenameFiles,upstream,,Rename Files,,ファイルの名前を変更する,,ファイルの名前を変更,upstream fix: label register (no する)
Reorder,upstream,,Reorder,,再注文,,並べ替え,upstream fix: 再注文 = re-order a purchase
Repack,missing,,Repack,,,,REPACK,
Replace,missing,,Replace,,,,置換,
ReplaceExistingFiles,missing,,Replace Existing Files,,,,既存のファイルを置換,
ReplaceIllegalCharacters,upstream,,Replace Illegal Characters,,不正な文字を置き換える,,使用できない文字を置換,upstream fix: label register (no する)
ReplaceIllegalCharactersHelpText,stale,"Replace illegal characters. If unchecked, Readarr will remove them instead","Replace illegal characters. If unchecked, Mangarr will remove them instead",,不正な文字を置き換えます。チェックされていない場合、{appName}は代わりにそれらを削除します,,使用できない文字を置き換えます。チェックを外すと、{appName}はそれらの文字を削除します,
ReplaceWithDash,upstream,,Replace with Dash,,ダッシュに置き換えます,,ダッシュに置換,upstream fix: option register (no ます)
ReplaceWithSpaceDash,upstream,,Replace with Space Dash,,スペースダッシュに置き換えます,,スペースとダッシュに置換,upstream fix: option register (no ます)
ReplaceWithSpaceDashSpace,upstream,,Replace with Space Dash Space,,スペースダッシュスペースに置き換えます,,スペース・ダッシュ・スペースに置換,upstream fix: option register (no ます)
RequestTokenSecret,missing,,Request Token Secret,GoodreadsSettingsBase,,,リクエストトークンシークレット,
RequireEncryption,missing,,Require Encryption,Email,,,暗号化を必須にする,
RequiredHelpText,tokens,This {0} condition must match for the custom format to apply.  Otherwise a single {0} match is sufficient.,This {0} condition must match for the custom format to apply.  Otherwise a single {0} match is sufficient.,,リリースには、これらの用語の少なくとも1つが含まれている必要があります（大文字と小文字は区別されません）,,カスタムフォーマットを適用するには、この{0}条件に一致する必要があります。それ以外の場合は、{0}のいずれか1つに一致すれば十分です。,
RescanAfterRefreshHelpText,vocab glossary:series stale,Rescan the author folder after refreshing the author,Rescan the series folder after refreshing the series,,ムービーを更新した後、ムービーフォルダを再スキャンします,,シリーズの更新後にシリーズフォルダーを再スキャンします,
RescanAfterRefreshHelpTextWarning,stale,Readarr will not automatically detect changes to files when not set to 'Always,Mangarr will not automatically detect changes to files when not set to 'Always,,「常に」に設定されていない場合、{appName}はファイルへの変更を自動的に検出しません,,「常に」に設定されていない場合、{appName}はファイルの変更を自動的に検出しません,
RescanAuthorFolderAfterRefresh,vocab glossary:series stale,Rescan author folder after Refresh,Rescan series folder after Refresh,,更新後にムービーフォルダを再スキャンする,,更新後にシリーズフォルダーを再スキャン,
ResetDefinitionTitlesHelpText,missing,Reset definition titles as well as values,Reset definition titles as well as values,,,,値だけでなく定義のタイトルもリセットします,
ResetDefinitions,missing,Reset Definitions,Reset Definitions,,,,定義をリセット,
ResetQualityDefinitions,missing,Reset Quality Definitions,Reset Quality Definitions,,,,品質の定義をリセット,
ResetQualityDefinitionsMessageText,missing,Are you sure you want to reset quality definitions?,Are you sure you want to reset quality definitions?,,,,品質の定義をリセットしてもよろしいですか？,
ResetTitles,missing,Reset Titles,Reset Titles,,,,タイトルをリセット,
RestartReadarr,stale,Restart Readarr,Restart Mangarr,,{appName}を再起動します,,{appName}を再起動,
RestartReloadNote,stale,Note: Readarr will automatically restart and reload the UI during the restore process.,Note: Mangarr will automatically restart and reload the UI during the restore process.,,注：{appName}は、復元プロセス中にUIを自動的に再起動して再読み込みします。,,注：{appName}は復元処理中に自動的に再起動し、UIを再読み込みします。,
RestartRequiredMessage,missing,,"{appName} requires a restart to apply changes, do you want to restart now?",,,,変更を適用するには{appName}の再起動が必要です。今すぐ再起動しますか？,
RestartRequiredWindowsServiceMessage,missing,,Depending which user is running the {appName} service you may need to restart {appName} as admin once before the service will start automatically.,,,,{appName}サービスを実行しているユーザーによっては、サービスが自動的に起動するようになる前に、一度{appName}を管理者として再起動する必要がある場合があります。,
Restore,upstream,,Restore,,戻す,,復元,upstream fix: 復元 as RestoreBackup
Retag,missing,,Retag,,,,タグを再書き込み,
RetagPreviewTip,missing,,"Tip: To preview the tags that will be written... select ""Cancel"" then click any series name and use the{icon}",,,,ヒント：書き込まれるタグをプレビューするには、「キャンセル」を選択してから任意のシリーズ名をクリックし、{icon}を使用してください,
RetagSelectedSeries,missing,,Retag Selected Series,,,,選択したシリーズのタグを再書き込み,
RetagSelectedSeriesMessage,missing,,Are you sure you want to re-tag all files in the {count} selected author?,,,,選択した{count}件のシリーズのすべてのファイルのタグを再書き込みしてもよろしいですか？,
Retry,missing,,Retry,Pushover,,,再試行間隔,Pushover emergency-priority retry interval
RetryingDownloadInterp,upstream,,Retrying download {0} at {1},,{1}でダウンロード{0}を再試行しています,,{0} {1}にダウンロードを再試行します,"upstream fix: {0} = date, {1} = time (TimeleftCell); read {0} as a download name"
RightSeriesWrongDatesOrPageCounts,missing,,"Right Series, Wrong Dates or Page Counts?",,,,シリーズは正しいのに、日付やページ数が間違っていますか？,
RootFolder,upstream,,Root Folder,,ルートフォルダ,,ルートフォルダー,upstream fix: ルートフォルダー
RootFolderCheckMultipleMessage,upstream,,Multiple root folders are missing: {0},,複数のルートフォルダがありません：{0},,複数のルートフォルダーが欠落しています：{0},upstream fix: ルートフォルダー; Missing = 欠落
RootFolderCheckSingleMessage,glossary:missing,Missing root folder: {0},Missing root folder: {0},,ルートフォルダがありません：{0},,ルートフォルダーが欠落しています：{0},
RootFolderMissing,missing,,Missing,,,,欠落,
RootFolderNotWritableCheckMessage,missing,,Unable to write to root folder {0}; check its owner and permissions,,,,ルートフォルダー{0}に書き込めません。所有者と権限を確認してください,
RootFolderPathHelpText,missing,Root Folder list items will be added to,Root Folder list items will be added to,,,,リストの項目を追加するルートフォルダー,
RootFolderSelectFreeSpace,missing,,{freeSpace} Free,,,,空き：{freeSpace},
RootFolders,upstream,,Root Folders,Readarr,ルートフォルダ,,ルートフォルダー,upstream fix: ルートフォルダー
RssSyncIntervalHelpText,upstream,,Interval in minutes. Set to zero to disable (this will stop all automatic release grabbing),,分単位の間隔。無効にするにはゼロに設定します（これにより、すべての自動リリースグラブが停止します）,,分単位の間隔。無効にするには0に設定します（リリースの自動取得がすべて停止します）,upstream fix: リリースグラブ; grab = 取得
Runtime,missing,,Runtime,,,,再生時間,audiobook tab: the page-count column relabelled for audio
SabnzbdUrlBaseHelpText,missing,,"Adds a prefix to the Sabnzbd url, e.g. http://[host]:[port]/[urlBase]/api",Sabnzbd,,,SabnzbdのURLにプレフィックスを追加します（例：http://[host]:[port]/[urlBase]/api）,
SabnzbdUseSslHelpText,missing,,Use secure connection when connecting to Sabnzbd,Sabnzbd,,,Sabnzbdへの接続に安全な接続を使用します,
Save,upstream,,Save,,保存する,,保存,upstream fix: label register (no する)
SaveMagnetFiles,missing,,Save Magnet Files,TorrentBlackhole,,,マグネットファイルを保存,
SaveSettings,missing,,Save Settings,,,,設定を保存,
Score,missing,,Score,,,,スコア,
Script,upstream,,Script,,脚本,,スクリプト,upstream fix: 脚本 = a film/theatre script
Search,glossary:exact,Search,Search,,探す,,検索,
SearchAllCutoffUnmetMessageText,missing,,Are you sure you want to search for all {totalRecords} Cutoff Unmet books?,,,,カットオフ未達の{totalRecords}件の巻をすべて検索してもよろしいですか？,
SearchAllMissingMessageText,missing,,Are you sure you want to search for all {totalRecords} missing books?,,,,欠落している{totalRecords}件の巻をすべて検索してもよろしいですか？,
SearchAudiobook,missing,,Search Audiobook,,,,オーディオブックを検索,
SearchAudiobookTooltip,missing,,Search for the audiobook of this volume,,,,この巻のオーディオブックを検索します,
SearchBook,missing,Search Book,Search Volume,,,,巻を検索,
SearchBoxPlaceHolder,missing,"e.g. War and Peace, goodreads:656, isbn:067003469X, asin:B00JCDK5ME","e.g. Berserk, One Piece, Chainsaw Man",,,,例：Berserk、One Piece、Chainsaw Man,
SearchEbook,missing,,Search Ebook,,,,電子書籍を検索,
SearchEbookTooltip,missing,,Search for the ebook of this volume,,,,この巻の電子書籍を検索します,
SearchFiltered,upstream,,Search Filtered,,フィルタリングされた検索,,フィルター結果を検索,upstream fix: 'a filtered search'
SearchForAllCutoffUnmetBooks,missing,Search for all Cutoff Unmet books,Search for all Cutoff Unmet volumes,,,,カットオフ未達の巻をすべて検索,
SearchForAllMissingBooks,missing,Search for all missing books,Search for all missing volumes,,,,欠落している巻をすべて検索,
SearchForMissing,glossary:missing,Search for Missing,Search for Missing,,行方不明者を検索,,欠落を検索,
SearchForMonitoredBooks,missing,Search for monitored books,Search for monitored volumes,,,,監視中の巻を検索,
SearchForNewItems,missing,Search for New Items,Search for New Items,,,,新しい項目を検索,
SearchForQuery,missing,,Search for {query},,,,{query}を検索,
SearchMonitored,missing,Search Monitored,Search Monitored,,,,監視中を検索,
SearchSelected,upstream,,Search Selected,,選択した検索,,選択項目を検索,upstream fix: 選択した検索 = 'the selected search'
SearchVolumeTooltip,missing,,Search for this volume,,,,この巻を検索します,
SecretToken,missing,,Secret token,Aria2,,,シークレットトークン,
SeedCriteriaDiscographySeedTimeHelpText,missing,,"The time a torrent should be seeded before stopping, empty is download client's default",SeedCriteria,,,トレントを停止するまでにシードする時間。空欄の場合はダウンロードクライアントの既定値を使用します,
Seeders,missing,,Seeders,,,,シーダー,
SeedersCount,missing,,{count} seeders,,,,{count}シーダー,
Select,missing,,Select,,,,選択,
SelectBook,missing,Select Book,Select Volume,,,,巻を選択,
SelectColumn,missing,,Select,,,,選択,
SelectDropdown,upstream,,Select...,,'選択する...,,選択...,"upstream fix: stray quote, 選択する"
SelectEdition,missing,Select Edition,Select Edition,,,,エディションを選択,
SelectEditionDisablesAutomatic,missing,,disable automatic edition selection,,,,エディションの自動選択が無効になります,fills SelectEditionOverrideWarning
SelectEditionOverrideWarning,missing,,Overriding an edition here will {disableAutomatic} for that book in future.,,,,ここでエディションを指定すると、今後その巻の{disableAutomatic}。,{disableAutomatic} = SelectEditionDisablesAutomatic; en 'book' = the volume
SelectIndexerFlags,missing,Select Indexer Flags,Select Indexer Flags,,,,インデクサーフラグを選択,
SelectReleaseGroup,missing,Select Release Group,Select Release Group,,,,リリースグループを選択,
SelectSeries,missing,,Select Series,,,,シリーズを選択,
SelectedCountAuthorsSelectedInterp,missing,{0} Author(s) Selected,{0} Series Selected,,,,{0}件のシリーズを選択中,
SelectedCountBooksSelectedInterp,vocab glossary:volume stale,{0} Book(s) Selected,{0} Volume(s) Selected,,{0}選択された映画,,{0}件の巻を選択中,
SendAnonymousUsageData,upstream,,Send Anonymous Usage Data,,匿名の使用状況データを送信する,,匿名の使用状況データを送信,upstream fix: label register (no する)
SendGridApiKeyHelpText,missing,,The API Key generated by SendGrid,SendGrid,,,SendGridで生成されたAPIキー,
SendMetadataToCalibre,missing,Send Metadata to Calibre,Send Metadata to Calibre,,,,メタデータをCalibreに送信,
SendSilently,missing,,Send Silently,Telegram,,,通知音なしで送信,
SenderDomain,missing,,Sender Domain,Mailgun,,,送信者ドメイン,
SenderID,missing,,Sender ID,PushBullet,,,送信者ID,
SenderNumber,missing,,Sender Number,Signal,,,送信者番号,
SeparatorDash,missing,,Dash (-),,,,ダッシュ（-）,
SeparatorPeriod,missing,,Period (.),,,,ピリオド（.）,
SeparatorSpace,missing,,Space ( ),,,,スペース（ ）,
SeparatorUnderscore,missing,,Underscore (_),,,,アンダースコア（_）,
SequentialOrder,missing,,Sequential Order,QBittorrent,,,順番にダウンロード,
Series,missing,Series,Series,,,,シリーズ,
SeriesID,missing,,Series ID,GoodreadsSeriesImportList,,,シリーズID,
SeriesLineTooltip,missing,,The OpenTome line this series belongs to,,,,このシリーズが属するOpenTomeのライン,
SeriesName,missing,,Series Name,,,,シリーズ名,
SeriesNavLabel,missing,,Series,,,,シリーズ,
SeriesNumber,missing,Series Number,Series Number,,,,シリーズ番号,
SeriesTitle,missing,,"Series, Title",,,,シリーズ、タイトル,
SeriesTotal,missing,Series ({0}),Arcs ({0}),,,,アーク（{0}）,
Server,missing,,Server,Email,,,サーバー,Email SMTP server
ServerUrl,missing,,Server Url,Ntfy,,,サーバーURL,
SetIndexerFlags,missing,Set Indexer Flags,Set Indexer Flags,,,,インデクサーフラグを設定,
SetPermissions,upstream,,Set Permissions,,権限を設定する,,権限を設定,upstream fix: label register (no する)
SetPermissionsLinuxHelpText,upstream,,Should chmod be run when files are imported/renamed?,,ファイルのインポート/名前変更時にchmodを実行する必要がありますか？,,ファイルのインポート／名前変更時にchmodを実行する必要がありますか？,upstream fix: full-width ／
SetReadarrTags,missing,Set Readarr Tags,Set Mangarr Tags,,,,{appName}のタグを設定,
SetReleaseGroup,missing,,Set Release Group,,,,リリースグループを設定,
SetTags,upstream,,Set Tags,,タグを設定する,,タグを設定,upstream fix: label register (no する)
SettingsRemotePathMappingLocalPathHelpText,stale,Path that Readarr should use to access the remote path locally,Path that Mangarr should use to access the remote path locally,,{appName}がリモートパスにローカルにアクセスするために使用する必要があるパス,,{appName}がリモートパスにローカルでアクセスするために使用するパス,
ShouldMonitorExisting,missing,Monitor existing books,Monitor existing volumes,,,,既存の巻を監視,
ShouldMonitorExistingHelpText,missing,Automatically monitor books on this list which are already in Readarr,Automatically monitor volumes on this list which are already in Mangarr,,,,このリストにある巻のうち、すでに{appName}にあるものを自動的に監視します,
ShouldMonitorHelpText,missing,Monitor new authors and books added from this list,Monitor new series and volumes added from this list,,,,このリストから追加された新しいシリーズと巻を監視します,
ShouldSearchHelpText,missing,Search indexers for newly added items.  Use with caution for large lists.,Search indexers for newly added items.  Use with caution for large lists.,,,,新しく追加された項目をインデクサーで検索します。大きなリストでは注意して使用してください。,
ShowAdvanced,upstream,,Show Advanced,,高度な表示,,詳細設定を表示,upstream fix: 高度な表示 = 'advanced display'
ShowBanners,missing,Show Banners,Show Banners,,,,バナーを表示,
ShowBannersHelpText,missing,Show banners instead of names,Show banners instead of names,,,,名前の代わりにバナーを表示します,
ShowBookCount,missing,Show Book Count,Show Volume Count,,,,巻数を表示,
ShowBookTitleHelpText,vocab glossary:volume stale,Show book title under poster,Show volume title under poster,,ポスターの下に映画のタイトルを表示する,,ポスターの下に巻のタイトルを表示します,
ShowCutoffUnmetIconHelpText,upstream,,Show icon for files when the cutoff hasn't been met,,カットオフに達していないときにファイルのアイコンを表示する,,カットオフに達していないファイルにアイコンを表示します,upstream fix: help-text register (ます)
ShowDateAdded,upstream,,Show Date Added,,追加された日付を表示,,追加日を表示,"upstream fix: 追加日, as Added / DateAdded"
ShowLastBook,missing,Show Last Book,Show Last Volume,,,,最後の巻を表示,
ShowMonitored,upstream,,Show Monitored,,監視対象を表示,,監視状態を表示,upstream fix: 監視対象を表示 reads as a filter; matches ShowMonitoredHelpText
ShowMonitoredHelpText,upstream,,Show monitored status under poster,,ポスターの下に監視ステータスを表示する,,ポスターの下に監視状態を表示します,upstream fix: help-text register (ます)
ShowName,missing,Show Name,Show Name,,,,名前を表示,
ShowQualityProfileHelpText,upstream,,Show quality profile under poster,,ポスターの下に品質プロファイルを表示する,,ポスターの下に品質プロファイルを表示します,upstream fix: help-text register (ます)
ShowRelativeDates,upstream,,Show Relative Dates,,相対的な日付を表示する,,相対日付を表示,upstream fix: label register (no する)
ShowRelativeDatesHelpText,upstream,,Show relative (Today/Yesterday/etc) or absolute dates,,相対（今日/昨日など）または絶対日付を表示する,,相対日付（今日／昨日など）または絶対日付を表示します,upstream fix: help-text register (ます)
ShowReleaseDate,upstream,,Show Release Date,,リリース日を表示,,発売日を表示,upstream fix: 発売日 as elsewhere
ShowSearchActionHelpText,upstream,,Show search button on hover,,ホバー時に検索ボタンを表示する,,ホバー時に検索ボタンを表示します,upstream fix: help-text register (ます)
ShowTitleHelpText,missing,Show author name under poster,Show series name under poster,,,,ポスターの下にシリーズ名を表示します,
ShowUnknownAuthorItems,vocab glossary:series stale,Show Unknown Author Items,Show Unknown Series Items,,不明な映画アイテムを表示する,,不明なシリーズの項目を表示,
Shutdown,missing,,Shutdown,,,,シャットダウン,
SignalAuthPasswordHelpText,missing,,Password used to authenticate requests toward signal-api,Signal,,,signal-apiへのリクエストの認証に使用するパスワード,
SignalAuthUsernameHelpText,missing,,Username used to authenticate requests toward signal-api,Signal,,,signal-apiへのリクエストの認証に使用するユーザー名,
SignalHostHelpText,missing,,localhost,Signal,,,localhost,
SignalPortHelpText,missing,,8080,Signal,,,8080,
SignalReceiverIdHelpText,missing,,GroupID / PhoneNumber of the receiver,Signal,,,受信者のグループID／電話番号,
SignalSenderNumberHelpText,missing,,Phone number of the sender register in signal-api,Signal,,,signal-apiに登録されている送信者の電話番号,
SignalUseSslHelpText,missing,,Use a secure connection.,Signal,,,安全な接続を使用します。,
SimplepushEventHelpText,missing,,Customize the behavior of push notifications,Simplepush,,,プッシュ通知の動作をカスタマイズします,
SingleVolume,missing,,Single Volume,,,,単巻,
SizeLimit,missing,Size Limit,Size Limit,,,,サイズ制限,
SizeMaxHelpText,missing,,Release must be less than or equal to this size,Size,,,リリースはこのサイズ以下である必要があります,
SizeMinHelpText,missing,,Release must be greater than this size,Size,,,リリースはこのサイズより大きい必要があります,
SizeOnDisk,missing,,Size on Disk,,,,ディスク上のサイズ,
SkipBooksWithMissingReleaseDate,missing,Skip books with missing release date,Skip volumes with missing release date,,,,発売日のない巻をスキップ,
SkipBooksWithNoISBNOrASIN,missing,Skip books with no ISBN or ASIN,Skip volumes with no ISBN or ASIN,,,,ISBNまたはASINのない巻をスキップ,
SkipFreeSpaceCheck,upstream,,Skip Free Space Check,,フリースペースチェックをスキップする,,空き容量のチェックをスキップ,upstream fix: label register; 空き容量 as elsewhere
SkipFreeSpaceCheckWhenImportingHelpText,vocab glossary:series stale,Use when Readarr is unable to detect free space from your author root folder,Use when Mangarr is unable to detect free space from your series root folder,,{appName}がムービールートフォルダから空き領域を検出できない場合に使用します,,{appName}がシリーズのルートフォルダーの空き容量を検出できない場合に使用します,
SkipPartBooksAndSets,missing,Skip part books and sets,Skip part volumes and sets,,,,分冊の巻とセットをスキップ,
SkipRedownload,missing,Skip Redownload,Skip Redownload,,,,再ダウンロードをスキップ,
SkipRedownloadHelpText,missing,Prevents Readarr from trying download alternative releases for the removed items,Prevents Mangarr from trying download alternative releases for the removed items,,,,{appName}が削除した項目の代わりのリリースをダウンロードしないようにします,
SkipSecondarySeriesBooks,missing,Skip secondary series books,Skip secondary series volumes,,,,サブシリーズの巻をスキップ,
SlackChannelHelpText,missing,,Overrides the default channel for the incoming webhook (#other-channel),Slack,,,受信Webhookの既定のチャンネルを上書きします（#other-channel）,
SlackIconHelpText,missing,,Change the icon that is used for messages from this integration (Emoji or URL),Slack,,,この連携からのメッセージに使用するアイコンを変更します（絵文字またはURL）,
SlackUsernameHelpText,missing,,Choose the username that this integration will post as,Slack,,,この連携が投稿に使用するユーザー名を選択します,
SlackWebHookUrlHelpText,missing,,Slack channel webhook url,Slack,,,SlackチャンネルのWebhook URL,
Small,upstream,,Small,,小さい,,小,upstream fix: pair with 大 / 中
SmartReplace,missing,Smart Replace,Smart Replace,,,,スマート置換,
SorryThatAuthorCannotBeFound,vocab glossary:series stale,"Sorry, that author cannot be found.","Sorry, that series cannot be found.",,申し訳ありませんが、その映画は見つかりません。,,申し訳ありませんが、そのシリーズは見つかりません。,
SorryThatBookCannotBeFound,vocab glossary:volume stale,"Sorry, that book cannot be found.","Sorry, that volume cannot be found.",,申し訳ありませんが、その映画は見つかりません。,,申し訳ありませんが、その巻は見つかりません。,
Sort,missing,,Sort,,,,並べ替え,
Sound,missing,,Sound,Pushover,,,サウンド,
SourceCode,missing,,Source,,,ソース,ソースコード,
SpecificBook,missing,Specific Book,Specific Volume,,,,特定の巻,
StalledNoRecentVolumes,missing,,The English release stopped behind the original and nothing has come out in two years; new volumes are still watched for,,,,英語版の刊行が原作に追いつかないまま止まり、2年間新刊が出ていません。新しい巻は引き続き検索対象です,
StalledOnly,missing,,Stalled Only,,,,停滞中のみ,
StandardBookFormat,vocab glossary:volume stale,Standard Book Format,Standard Volume Format,,標準のムービーフォーマット,,標準の巻のフォーマット,
StarRatingVotes,missing,,{rating} ({votes} Votes),,,,{rating}（{votes}票）,
StartOAuth,missing,,Start OAuth,,,,OAuthを開始,
StartSearchForMissingVolumes,missing,,Start Search for Missing Volumes,,,,欠落している巻の検索を開始,
StartSearchForNewVolume,missing,,Start Search for New Volume,,,,新しい巻の検索を開始,
Started,missing,Started,Started,,,,開始,
StatusEndedContinuing,missing,Continuing,Continuing,,,,連載中,series status
StatusEndedDeceased,missing,Deceased,Deceased,,,,死去,"translated by its English; the add-series search result shows it on an ENDED series (Readarr leftover) - a frontend defect, the en value is off in context"
StatusEndedEnded,upstream,,Ended,,終了しました,,完結,upstream fix: series status (AuthorStatus); 終了しました is a sentence
StatusStalled,missing,,Stalled,,,,停滞中,
StrmFolder,missing,,Strm Folder,Pneumatic,,,Strmフォルダー,
SubsonicUpdateLibraryHelpText,missing,,Update Library on Download & Rename?,Subsonic,,,ダウンロードと名前変更の際にライブラリを更新しますか？,
SubsonicUrlBaseHelpText,missing,,"Adds a prefix to the Subsonic url, e.g. http://[host]:[port]/[urlBase]/rest",Subsonic,,,SubsonicのURLにプレフィックスを追加します（例：http://[host]:[port]/[urlBase]/rest）,
SubsonicUseSslHelpText,missing,,Connect to Subsonic over HTTPS instead of HTTP,Subsonic,,,HTTPではなくHTTPSでSubsonicに接続します,
SuccessMyWorkIsDoneNoFilesToRetag,upstream,,"Success! My work is done, no files to retag.",,成功！私の仕事は終わりました。名前を変更するファイルはありません。,,成功！私の仕事は終わりました。タグを再書き込みするファイルはありません。,"upstream fix: said rename, en says retag"
SuggestCorrection,missing,,Suggest a Correction,,,,修正を提案,
SuggestItOnOpenTome,missing,,suggest it on OpenTome,,,,OpenTomeで提案してください,link after LightNovelNotInCatalogue
Sunday,missing,,Sunday,,,,日曜日,
SupportsSearchvalueWillBeUsedWhenAutomaticSearchesArePerformedViaTheUIOrByReadarr,stale,Will be used when automatic searches are performed via the UI or by Readarr,Will be used when automatic searches are performed via the UI or by Mangarr,,UIまたはRadarによって自動検索が実行されるときに使用されます,,UIまたは{appName}によって自動検索が実行されるときに使用されます,
SynologyIndexerUpdateLibraryHelpText,missing,,Call synoindex on localhost to update a library file,SynologyIndexer,,,localhostでsynoindexを呼び出してライブラリファイルを更新します,
TBA,missing,,TBA,,,,未定,
Table,missing,,Table,,,,テーブル,
TableColumnsHelpText,missing,,Choose which columns are visible and which order they appear in,,,,表示する列とその順序を選択します,
TableOptions,missing,,Table Options,,,,テーブルのオプション,
TableOptionsButton,missing,,Table Options Button,,,,テーブルのオプションボタン,
TagDetails,missing,,Tag Details - {label},,,,タグの詳細 - {label},
TagUsageConnection,missing,,{count} connection,,,,{count}件の接続,
TagUsageConnections,missing,,{count} connections,,,,{count}件の接続,
TagUsageDelayProfile,missing,,{count} delay profile,,,,{count}件の遅延プロファイル,
TagUsageDelayProfiles,missing,,{count} delay profiles,,,,{count}件の遅延プロファイル,
TagUsageDownloadClient,missing,,{count} download client,,,,{count}件のダウンロードクライアント,
TagUsageDownloadClients,missing,,{count} download clients,,,,{count}件のダウンロードクライアント,
TagUsageImportList,missing,,{count} import list,,,,{count}件のインポートリスト,
TagUsageImportLists,missing,,{count} import lists,,,,{count}件のインポートリスト,
TagUsageIndexer,missing,,{count} indexer,,,,{count}件のインデクサー,
TagUsageIndexers,missing,,{count} indexers,,,,{count}件のインデクサー,
TagUsageRestriction,missing,,{count} restriction,,,,{count}件の制限,
TagUsageRestrictions,missing,,{count} restrictions,,,,{count}件の制限,
TagUsageSeries,missing,,{count} authors,,,,{count}件のシリーズ,
TagsHelpText,missing,Applies to authors with at least one matching tag. Leave blank to apply to all authors,Applies to series with at least one matching tag. Leave blank to apply to all series,,,,少なくとも1つのタグが一致するシリーズに適用されます。すべてのシリーズに適用する場合は空欄にします,
TagsSettingsSummary,missing,"Manage author, profile, restriction, and notification tags","Manage series, profile, restriction, and notification tags",,,,シリーズ、プロファイル、制限、通知のタグを管理します,
TaskNameApplicationUpdate,missing,,Application Update,,,,アプリケーションのアップデート,
TaskNameApplicationUpdateCheck,missing,,Application Update Check,,,,アップデートの確認,
TaskNameAuthorSearch,missing,,Series Search,,,,シリーズの検索,
TaskNameBackup,missing,,Backup,,,バックアップ,バックアップ,
TaskNameBookSearch,missing,,Volume Search,,,,巻の検索,
TaskNameBulkMoveAuthor,missing,,Bulk Move Series,,,,シリーズの一括移動,
TaskNameBulkRefreshAuthor,missing,,Bulk Refresh Series,,,,シリーズの一括更新,
TaskNameBulkRefreshBook,missing,,Bulk Refresh Volume,,,,巻の一括更新,
TaskNameCheckForFinishedDownload,missing,,Check For Finished Download,,,,完了したダウンロードの確認,
TaskNameCheckHealth,missing,,Check Health,,,,ヘルスチェック,
TaskNameCleanUpRecycleBin,missing,,Clean Up Recycle Bin,,,,ごみ箱のクリーンアップ,
TaskNameClearBlocklist,missing,,Clear Blocklist,,,,ブロックリストを消去,
TaskNameClearLog,missing,,Clear Log,,,,ログを消去,
TaskNameConvertBookPdfToCbz,missing,,Convert Volume PDF to CBZ,,,,巻のPDFをCBZに変換,
TaskNameConvertLightNovelFormat,missing,,Convert Light Novel Format,,,,ライトノベルのフォーマット変換,
TaskNameConvertPdfToCbz,missing,,Convert PDF to CBZ,,,,PDFをCBZに変換,
TaskNameCutoffUnmetBookSearch,missing,,Cutoff Unmet Volume Search,,,,カットオフ未達の巻の検索,
TaskNameDeleteLogFiles,missing,,Delete Log Files,,,,ログファイルを削除,
TaskNameDeleteUpdateLogFiles,missing,,Delete Update Log Files,,,,アップデートのログファイルを削除,
TaskNameDownloadedBooksScan,missing,,Downloaded Volumes Scan,,,,ダウンロード済みの巻のスキャン,
TaskNameFlipPageOrder,missing,,Flip Page Order,,,,ページ順を反転,
TaskNameHousekeeping,missing,,Housekeeping,,,,ハウスキーピング,
TaskNameImportExistingLightNovels,missing,,Import Existing Light Novels,,,,既存のライトノベルをインポート,
TaskNameImportListSync,missing,,Import List Sync,,,,インポートリストの同期,
TaskNameManualImport,missing,,Manual Import,,,手動インポート,手動インポート,
TaskNameMessagingCleanup,missing,,Messaging Cleanup,,,,メッセージのクリーンアップ,
TaskNameMetadataUpdate,missing,,Metadata Update,,,,メタデータのアップデート,
TaskNameMissingBookSearch,missing,,Missing Volume Search,,,,欠落している巻の検索,
TaskNameMoveAuthor,missing,,Move Series,,,,シリーズを移動,
TaskNameProcessMonitoredDownloads,missing,,Process Monitored Downloads,,,,監視中のダウンロードを処理,
TaskNameReResolveEdition,missing,,Change Edition,,,,エディションを変更,
TaskNameReResolveMetadata,missing,,Re-resolve Metadata,,,,メタデータを再解決,
TaskNameRefreshAuthor,missing,,Refresh Series,,,,シリーズを更新,
TaskNameRefreshBook,missing,,Refresh Volume,,,,巻を更新,
TaskNameRefreshMonitoredDownloads,missing,,Refresh Monitored Downloads,,,,監視中のダウンロードを更新,
TaskNameRenameAuthor,missing,,Rename Series,,,,シリーズの名前を変更,
TaskNameRenameFiles,missing,,Rename Files,,,ファイルの名前を変更する,ファイルの名前を変更,
TaskNameRescanFolders,missing,,Rescan Folders,,,,フォルダーを再スキャン,
TaskNameResetApiKey,missing,,Reset Api Key,,,,APIキーをリセット,
TaskNameResetQualityDefinitions,missing,,Reset Quality Definitions,,,,品質の定義をリセット,
TaskNameRestart,missing,,Restart,,,再起動,再起動,
TaskNameRetagAuthor,missing,,Retag Series,,,,シリーズのタグを再書き込み,
TaskNameRetagFiles,missing,,Retag Files,,,,ファイルのタグを再書き込み,
TaskNameRssSync,missing,,RSS Sync,,,RSS同期,RSS同期,
TaskNameShutdown,missing,,Shutdown,,,,シャットダウン,
TaskNameSyncLightNovelTitles,missing,,Sync Light Novel Titles,,,,ライトノベルのタイトルを同期,
TaskNameTest,missing,,Test,,,テスト,テスト,
TaskNameUnknown,missing,,Unknown,,,,不明,
TaskNameWriteComicInfo,missing,,Embed Metadata,,,,メタデータの埋め込み,
TaskUserAgentTooltip,missing,,User-Agent provided by the app that called the API,,,,APIを呼び出したアプリが提供したUser-Agent,
TelegramChatIdHelpText,missing,,You must start a conversation with the bot or add it to your group to receive messages,Telegram,,,メッセージを受け取るには、ボットとの会話を開始するか、ボットをグループに追加する必要があります,
TelegramSendSilentlyHelpText,missing,,Sends the message silently. Users will receive a notification with no sound,Telegram,,,メッセージを通知音なしで送信します。ユーザーには音の鳴らない通知が届きます,
TelegramTopicIdHelpText,missing,,Specify a Topic ID to send notifications to that topic. Leave blank to use the general topic (Supergroups only),Telegram,,,通知を送信するトピックのIDを指定します。一般トピックを使う場合は空欄にします（スーパーグループのみ）,
TestAllClients,upstream,,Test All Clients,,すべてのクライアントをテストする,,すべてのクライアントをテスト,upstream fix: label register (no する)
TestAllIndexers,upstream,,Test All Indexers,,すべてのインデクサーをテストする,,すべてのインデクサーをテスト,upstream fix: label register (no する)
TestAllLists,upstream,,Test All Lists,,すべてのリストをテストする,,すべてのリストをテスト,upstream fix: label register (no する)
TheAuthorFolderAndAllOfItsContentWillBeDeleted,vocab glossary:series stale,The author folder {0} and all of its content will be deleted.,The series folder {0} and all of its content will be deleted.,,ムービーフォルダ「{0}」とそのすべてのコンテンツが削除されます。,,シリーズフォルダー{0}とその内容がすべて削除されます。,
TheBooksFilesWillBeDeleted,missing,The book's files will be deleted.,The volume's files will be deleted.,,,,巻のファイルが削除されます。,
TheFollowingFilesWillBeDeleted,missing,The following files will be deleted:,The following files will be deleted:,,,,次のファイルが削除されます：,
Theme,missing,Theme,Theme,,,,テーマ,
ThemeAuto,missing,,Auto,,,,自動,
ThemeDark,missing,,Dark,,,,ダーク,
ThemeHelpText,missing,"Change Application UI Theme, 'Auto' Theme will use your OS Theme to set Light or Dark mode. Inspired by Theme.Park","Change Application UI Theme, 'Auto' Theme will use your OS Theme to set Light or Dark mode. Inspired by Theme.Park",,,,アプリケーションのUIテーマを変更します。「自動」テーマはOSのテーマに合わせてライトモードまたはダークモードを設定します。Theme.Parkに着想を得ています,
ThemeLight,missing,,Light,,,,ライト,
ThereWasAnErrorLoadingThisItem,missing,There was an error loading this item,There was an error loading this item,,,,この項目の読み込み中にエラーが発生しました,
ThereWasAnErrorLoadingThisPage,missing,There was an error loading this page,There was an error loading this page,,,,このページの読み込み中にエラーが発生しました,
ThisCannotBeCancelled,upstream,,This cannot be cancelled once started without disabling all of your indexers.,,{appName}を再起動せずに一度開始すると、これをキャンセルすることはできません。,,一度開始すると、すべてのインデクサーを無効にしない限りキャンセルできません。,upstream fix: said 'without restarting {appName}'; en says 'without disabling all of your indexers'
ThisCannotBeCancelledWithoutRestarting,missing,,This cannot be cancelled once started without restarting {appName}.,,,,一度開始すると、{appName}を再起動しない限りキャンセルできません。,
ThisWillApplyToAllIndexersPleaseFollowTheRulesSetForthByThem,upstream,,"This will apply to all indexers, please follow the rules set forth by them",,これはすべてのインデクサーに適用されます。彼らが定めた規則に従ってください。,,これはすべてのインデクサーに適用されます。各インデクサーが定めるルールに従ってください。,upstream fix: 彼ら ('those people') for indexers
TimeUnitDays,missing,,days,,,,日,
TimeUnitHours,missing,,hours,,,,時間,
TimeUnitMinutes,missing,,minutes,,,,分,
TimeUnitMonths,missing,,months,,,,か月,
TimeUnitSeconds,missing,,seconds,,,,秒,
TimeUnitWeeks,missing,,weeks,,,,週,
Title,glossary:exact,Title,Title,,題名,,タイトル,
TitlesAndCountMore,missing,,"{titles}, {count} more",,,,{titles}、他{count}件,
TopicID,missing,,Topic ID,Telegram,,,トピックID,
Topics,missing,,Topics,Ntfy,,,トピック,
Torrent,missing,,Torrent,,,,Torrent,
TorrentBlackholeMagnetFileExtensionHelpText,missing,,"Extension to use for magnet links, defaults to '.magnet'",TorrentBlackhole,,,マグネットリンクに使用する拡張子。既定値は「.magnet」です,
TorrentBlackholeReadOnlyHelpText,missing,,Instead of moving files this will instruct Mangarr to Copy or Hardlink (depending on settings/system configuration),TorrentBlackhole,,,ファイルを移動する代わりに、コピーまたはハードリンクするよう{appName}に指示します（設定やシステム構成によって異なります）,
TorrentBlackholeSaveMagnetFilesHelpText,missing,,Save the magnet link if no .torrent file is available (only useful if the download client supports magnets saved to a file),TorrentBlackhole,,,.torrentファイルがない場合にマグネットリンクを保存します（ダウンロードクライアントがファイルに保存されたマグネットに対応している場合のみ有効）,
TorrentBlackholeTorrentFolderHelpText,missing,,Folder in which Mangarr will store the .torrent file,TorrentBlackhole,,,{appName}が.torrentファイルを保存するフォルダー,
TorrentBlackholeWatchFolderHelpText,missing,,Folder from which Mangarr should import completed downloads,TorrentBlackhole UsenetBlackhole,,,{appName}が完了したダウンロードをインポートするフォルダー,
TorrentDelayHelpText,upstream,,Delay in minutes to wait before grabbing a torrent,,トレントをつかむ前に待つために数分遅れる,,トレントを取得するまでの待機時間（分）,upstream fix: 'delayed by several minutes to wait before grabbing (つかむ)'
TorrentDelayTime,missing,,Torrent Delay: {torrentDelay},,,,Torrentの遅延：{torrentDelay},
TorrentFolder,missing,,Torrent Folder,TorrentBlackhole,,,Torrentフォルダー,
TorrentRssIndexerAllowZeroSizeHelpText,missing,,"Enabling this will allow you to use feeds that don't specify release size, but be careful, size related checks will not be performed.",TorrentRssIndexer,,,有効にすると、リリースのサイズを指定しないフィードを使用できます。ただし、サイズに関するチェックは行われないので注意してください。,
TorrentRssIndexerCookieHelpText,missing,,"If you site requires a login cookie to access the rss, you'll have to retrieve it via a browser.",TorrentRssIndexer,,,サイトのRSSへのアクセスにログインCookieが必要な場合は、ブラウザーで取得する必要があります。,
TorrentsDisabled,missing,,Torrents disabled,,,,Torrentは無効,
TotalBookCountBooksTotalBookFileCountBooksWithFilesInterp,missing,{0} books total. {1} books with files.,{0} volumes total. {1} volumes with files.,,,,合計{0}巻。ファイルのある巻：{1}巻。,
TotalRecords,missing,,Total records: {totalRecords},,,,合計件数：{totalRecords},
TotalSpace,upstream,,Total Space,,総スペース,,合計容量,upstream fix: disk-space table beside FreeSpace 空き容量
TrackNumber,missing,Track Number,Track Number,,,,トラック番号,
TrackTitle,missing,Track Title,Track Title,,,,トラックのタイトル,
TransmissionMusicCategoryHelpText,missing,,"Adding a category specific to Mangarr avoids conflicts with unrelated non-Mangarr downloads. Using a category is optional, but strongly recommended.. Creates a [category] subdirectory in the output directory.",Transmission,,,{appName}専用のカテゴリーを追加すると、{appName}以外の無関係なダウンロードとの競合を避けられます。カテゴリーの使用は任意ですが、強くおすすめします。出力ディレクトリに[category]サブディレクトリが作成されます。,
TransmissionTvDirectoryHelpText,missing,,"Optional location to put downloads in, leave blank to use the default Transmission location",Transmission,,,ダウンロードの保存先（任意）。Transmissionの既定の場所を使用する場合は空欄にします,
TransmissionUrlBaseHelpText,missing,,"Adds a prefix to the transmission rpc url, eg http://[host]:[port]/[urlBase]/rpc, defaults to '/transmission/'",Transmission,,,TransmissionのRPC URLにプレフィックスを追加します（例：http://[host]:[port]/[urlBase]/rpc）。既定値は「/transmission/」です,
TransmissionUseSslHelpText,missing,,Use secure connection when connecting to Transmission,Transmission,,,Transmissionへの接続に安全な接続を使用します,
TryAnotherTitleHint,missing,,"Try the romaji or English title, or a simpler spelling.",,,,ローマ字や英語のタイトル、またはより簡単な表記で試してください。,
TwitterConsumerKeyHelpText,missing,,Consumer key from a Twitter application,Twitter,,,Twitterアプリケーションのコンシューマーキー,
TwitterConsumerSecretHelpText,missing,,Consumer secret from a Twitter application,Twitter,,,Twitterアプリケーションのコンシューマーシークレット,
TwitterDirectMessageHelpText,missing,,Send a direct message instead of a public message,Twitter,,,公開メッセージの代わりにダイレクトメッセージを送信します,
TwitterMentionHelpText,missing,,Mention this user in sent tweets,Twitter,,,送信するツイートでこのユーザーにメンションします,
Type,missing,,Type,,,,種類,
UILanguageHelpText,stale,Language that Readarr will use for UI,Language that Mangarr will use for UI,,{appName}がUIに使用する言語,,{appName}のUIで使用する言語,
UILanguageHelpTextWarning,upstream,,Browser Reload Required,,ブラウザのリロードが必要,,ブラウザーの再読み込みが必要,upstream fix: spelling ブラウザー
UISettingsSummary,upstream,,"Calendar, date and color impaired options",,カレンダー、日付、色が損なわれたオプション,,カレンダー、日付、色覚サポートのオプション,upstream fix: 色が損なわれた = 'colour-damaged'
UMask,missing,,UMask,,,,UMask,
UMask750Description,missing,,"750 - Owner write, Group read",,,,750 - 所有者は書き込み、グループは読み取り,
UMask755Description,missing,,"755 - Owner write, Everyone else read",,,,755 - 所有者は書き込み、その他は読み取り,
UMask770Description,missing,,770 - Owner & Group write,,,,770 - 所有者とグループは書き込み,
UMask775Description,missing,,"775 - Owner & Group write, Other read",,,,775 - 所有者とグループは書き込み、その他は読み取り,
UMask777Description,missing,,777 - Everyone write,,,,777 - 全員が書き込み,
UTorrentIntialStateHelpText,missing,,Initial state for torrents added to uTorrent,UTorrent,,,uTorrentに追加するトレントの初期状態,
UTorrentUrlBaseHelpText,missing,,"Adds a prefix to the uTorrent url, e.g. http://[host]:[port]/[urlBase]/api",UTorrent,,,uTorrentのURLにプレフィックスを追加します（例：http://[host]:[port]/[urlBase]/api）,
UTorrentUseSslHelpText,missing,,Use secure connection when connecting to uTorrent,UTorrent,,,uTorrentへの接続に安全な接続を使用します,
UnableToAddANewConditionPleaseTryAgain,missing,,"Unable to add a new condition, please try again.",,,,新しい条件を追加できません。もう一度お試しください。,
UnableToAddANewCustomFormatPleaseTryAgain,missing,,"Unable to add a new custom format, please try again.",,,,新しいカスタムフォーマットを追加できません。もう一度お試しください。,
UnableToAddANewImportListExclusionPleaseTryAgain,upstream,,"Unable to add a new import list exclusion, please try again.",,新しいリストの除外を追加できません。再試行してください。,,新しいインポートリストの除外を追加できません。もう一度お試しください。,"upstream fix: インポートリスト, as ImportLists"
UnableToAddANewMetadataProfilePleaseTryAgain,upstream,,"Unable to add a new metadata profile, please try again.",,新しい品質プロファイルを追加できません。再試行してください。,,新しいメタデータプロファイルを追加できません。もう一度お試しください。,upstream fix: named the quality profile
UnableToAddANewRootFolderPleaseTryAgain,upstream,,"Unable to add a new root folder, please try again.",,新しいインデクサーを追加できません。もう一度やり直してください。,,新しいルートフォルダーを追加できません。もう一度お試しください。,upstream fix: named the indexer
UnableToLoadBlocklist,upstream,,Unable to load blocklist,,ブラックリストを読み込めません,,ブロックリストを読み込めません,upstream fix: ブロックリスト
UnableToLoadCollections,missing,,Unable to load collections,,,,コレクションを読み込めません,
UnableToLoadDevelopmentSettings,missing,,Unable to load Development settings,,,,開発設定を読み込めません,
UnableToLoadEditions,missing,,Unable to load editions,,,,エディションを読み込めません,
UnableToLoadImportListExclusions,upstream,,Unable to load Import List Exclusions,,リストの除外を読み込めません,,インポートリストの除外を読み込めません,"upstream fix: インポートリスト, as ImportLists"
UnableToLoadIndexerOptions,upstream,,Unable to load indexer options,,インデクサオプションを読み込めません,,インデクサーのオプションを読み込めません,upstream fix: インデクサー
UnableToLoadManualImportItems,missing,,Unable to load manual import items,,,,手動インポートの項目を読み込めません,
UnableToLoadMetadataProfiles,upstream,,Unable to load Metadata Profiles,,遅延プロファイルを読み込めません,,メタデータプロファイルを読み込めません,upstream fix: named the delay profile
UnableToLoadMetadataProviderSettings,missing,Unable to load Metadata Provider settings,Unable to load Metadata Provider settings,,,,メタデータプロバイダーの設定を読み込めません,
UnableToLoadMetadataSourceSettings,missing,,Unable to load Metadata Source settings,,,,メタデータソースの設定を読み込めません,
UnableToLoadNamingSettings,upstream,,Unable to load Naming settings,,ネーミング設定を読み込めません,,命名設定を読み込めません,upstream fix: 命名 as elsewhere
UnableToLoadQualities,upstream,,Unable to load qualities,,品質をロードできません,,品質を読み込めません,"upstream fix: 読み込み, not ロード, as the rest of the file"
UnableToLoadReleaseProfiles,upstream,,Unable to load ReleaseProfiles,,遅延プロファイルを読み込めません,,リリースプロファイルを読み込めません,upstream fix: named the delay profile
UnableToLoadRootFolders,upstream,,Unable to load root folders,,ルートフォルダを読み込めません,,ルートフォルダーを読み込めません,upstream fix: ルートフォルダー
Unbind,missing,,Unbind,,,,紐付けを解除,
Unknown,missing,Unknown,Unknown,,,,不明,
UnknownDeviceId,missing,,Unknown ({id}),,,,不明（{id}）,
UnknownLeechers,missing,,Unknown leechers,,,,リーチャー数不明,
UnknownSeeders,missing,,Unknown seeders,,,,シーダー数不明,
Unlimited,missing,,Unlimited,,,,無制限,
UnmappedFiles,upstream,,Unmapped Files,,マップされていないフォルダ,,未割り当てのファイル,upstream fix: said folders
UnmappedFilesAllMatched,missing,,"Success! My work is done, all files on disk are matched to known volumes.",,,,成功！私の仕事は終わりました。ディスク上のすべてのファイルが既知の巻に一致しています。,
UnmappedFilesOnly,missing,,Unmapped Files Only,,,,未割り当てのファイルのみ,
UnmappedFolders,missing,,Unmapped Folders,,,,未割り当てのフォルダー,
Unmonitored,glossary:exact,Unmonitored,Unmonitored,,監視されていない,,未監視,
UnmonitoredClickToMonitor,missing,,"Unmonitored, click to monitor",,,,未監視。クリックすると監視します,
UnmonitoredHelpText,vocab glossary:volume stale,Include unmonitored books in the iCal feed,Include unmonitored volumes in the iCal feed,,監視されていない映画をiCalフィードに含める,,未監視の巻をiCalフィードに含めます,
UnmonitoredOnly,missing,,Unmonitored Only,,,,未監視のみ,
Unreleased,missing,,Unreleased,,,,未発売,
UnsavedChanges,missing,,Unsaved Changes,,,,未保存の変更,
UpdateAll,stale,Update all,Update All,,すべて更新,,すべて更新,
UpdateAppDirectlyLoadError,upstream,,"Unable to update {appName} directly,",,{appName}を直接更新できません。,,{appName}を直接アップデートできません。,upstream fix: app updates = アップデート
UpdateAutomaticallyHelpText,upstream,,Automatically download and install updates. You will still be able to install from System: Updates,,アップデートを自動的にダウンロードしてインストールします。 System：Updatesから引き続きインストールできます。,,アップデートを自動的にダウンロードしてインストールします。「システム → アップデート」からもインストールできます。,upstream fix: left the English nav path 'System：Updates'
UpdateAvailable,missing,New update is available,New update is available,,,,新しいアップデートがあります,
UpdateCheckStartupNotWritableMessage,upstream,,Cannot install update because startup folder '{0}' is not writable by the user '{1}'.,,スタートアップフォルダ「{0}」はユーザー「{1}」によって書き込み可能ではないため、更新をインストールできません。,,スタートアップフォルダー「{0}」はユーザー「{1}」が書き込めないため、アップデートをインストールできません。,upstream fix: フォルダー; アップデート
UpdateCheckStartupTranslocationMessage,upstream,,Cannot install update because startup folder '{0}' is in an App Translocation folder.,,スタートアップフォルダー '{0}'がAppTranslocationフォルダーにあるため、更新をインストールできません。,,スタートアップフォルダー「{0}」がApp Translocationフォルダー内にあるため、アップデートをインストールできません。,upstream fix: quote style 「」; アップデート
UpdateCheckUINotWritableMessage,upstream,,Cannot install update because UI folder '{0}' is not writable by the user '{1}'.,,UIフォルダー「{0}」はユーザー「{1}」によって書き込み可能ではないため、更新をインストールできません。,,UIフォルダー「{0}」はユーザー「{1}」が書き込めないため、アップデートをインストールできません。,"upstream fix: アップデート, as the startup-folder message"
UpdateCovers,missing,Update Covers,Update Covers,,,,カバーを更新,
UpdateCoversHelpText,missing,Set book covers in Calibre to match those in Readarr,Set volume covers in Calibre to match those in Mangarr,,,,Calibreの巻のカバーを{appName}のものに合わせます,
UpdateFiltered,missing,,Update Filtered,,,,フィルター結果を更新,
UpdateMechanismHelpText,stale,Use Readarr's built-in updater or a script,Use Mangarr's built-in updater or a script,,{appName}の組み込みアップデーターまたはスクリプトを使用する,,{appName}の組み込みアップデーターまたはスクリプトを使用します,
UpdateScriptPathHelpText,upstream,,Path to a custom script that takes an extracted update package and handle the remainder of the update process,,抽出された更新パッケージを取得し、更新プロセスの残りを処理するカスタムスクリプトへのパス,,展開されたアップデートパッケージを受け取り、残りのアップデート処理を行うカスタムスクリプトへのパス,upstream fix: app updates = アップデート; 'takes' read as 'fetches'
UpdateSelected,stale,Update selected,Update Selected,,選択した更新,,選択項目を更新,
UpdaterLogFiles,missing,,Updater Log Files,,,,アップデーターのログファイル,
Updates,upstream,,Updates,,更新,,アップデート,upstream fix: app updates = アップデート; 更新 is Refresh
UpdatingIsDisabledInsideADockerContainerUpdateTheContainerImageInstead,missing,Updating is disabled inside a docker container.  Update the container image instead.,Updating is disabled inside a docker container.  Update the container image instead.,,,,Dockerコンテナ内ではアップデートが無効になっています。代わりにコンテナイメージを更新してください。,
UpgradeAllowedHelpText,upstream,,If disabled qualities will not be upgraded,,無効にされた品質がアップグレードされない場合,,無効にすると、品質はアップグレードされません,upstream fix: 'if disabled qualities are not upgraded' (garbled condition)
UpgradeUntil,missing,,Upgrade Until,,,,アップグレードの上限,
UpgradeUntilCustomFormatScore,missing,,Upgrade Until Custom Format Score,,,,アップグレード上限のカスタムフォーマットスコア,
UpgradesAllowed,upstream,,Upgrades Allowed,,許可されるアップグレード,,アップグレードを許可,upstream fix: 許可されるアップグレード = 'the upgrades that are allowed'; checkbox label
Uppercase,missing,,Uppercase,,,,大文字,
Url,missing,,Url,LazyLibrarianImport,,,URL,
UrlBaseHelpText,missing,"Adds a prefix to the Calibre url, e.g. http://[host]:[port]/[urlBase]","Adds a prefix to the Calibre url, e.g. http://[host]:[port]/[urlBase]",,,,CalibreのURLにプレフィックスを追加します（例：http://[host]:[port]/[urlBase]）,
UrlPath,missing,,Url Path,RTorrent,,,URLパス,
UseCalibreContentServer,missing,Use Calibre Content Server,Use Calibre Content Server,,,,Calibreコンテンツサーバーを使用,
UseEUEndpoint,missing,,Use EU Endpoint?,Mailgun,,,EUエンドポイントを使用しますか？,
UseFreeleechToken,missing,,Use Freeleech Token,Gazelle,,,フリーリーチトークンを使用,
UseHardlinksInsteadOfCopy,upstream,,Use Hardlinks instead of Copy,,コピーの代わりにハードリンクを使用する,,コピーの代わりにハードリンクを使用,upstream fix: label register (no する)
UseProxy,upstream,,Use Proxy,,プロキシを使う,,プロキシを使用,upstream fix: label register (使う → 使用)
UseSSL,missing,Use SSL,Use SSL,Aria2 Deluge DownloadStation Flood Hadouken Kavita Nzbget PlexServer QBittorrent RTorrent Sabnzbd Signal Subsonic Transmission UTorrent,,,SSLを使用,
UseSslHelpText,missing,Use SSL to connect to Calibre content server,Use SSL to connect to Calibre content server,,,,Calibreコンテンツサーバーへの接続にSSLを使用します,
UsenetBlackholeNzbFolderHelpText,missing,,Folder in which Mangarr will store the .nzb file,UsenetBlackhole,,,{appName}が.nzbファイルを保存するフォルダー,
UsenetDelayHelpText,upstream,,Delay in minutes to wait before grabbing a release from Usenet,,Usenetからリリースを取得する前に待機するために数分遅れます,,Usenetからリリースを取得するまでの待機時間（分）,upstream fix: 'delayed by several minutes to wait'
UsenetDelayTime,missing,,Usenet Delay: {usenetDelay},,,,Usenetの遅延：{usenetDelay},
UsenetDisabled,missing,,Usenet disabled,,,,Usenetは無効,
UserAgentProvidedByTheAppThatCalledTheAPI,missing,User-Agent provided by the app that called the API,User-Agent provided by the app that called the API,,,,APIを呼び出したアプリが提供したUser-Agent,
UserId,missing,,User Id,GoodreadsSettingsBase,,,ユーザーID,
UserKey,missing,,User Key,Pushover,,,ユーザーキー,
UsernameHelpText,missing,Calibre content server username,Calibre content server username,,,,Calibreコンテンツサーバーのユーザー名,
VersionNumber,missing,,Version: {version},,,,バージョン：{version},
View,missing,,View,,,,表示,
VisitTheWikiForMoreDetails,missing,,Visit the wiki for more details: {wikiLink},,,,詳細はWikiを参照してください：{wikiLink},
VolumeByAuthor,missing,,By: {authorName},,,,シリーズ：{authorName},add-volume modal: {authorName} is the series name
VolumeCount,missing,,Volume Count,,,,巻数,
VolumeCountTooltip,missing,,"{files} of {released} volumes have a file (monitored and released, or already downloaded)",,,,{released}巻中{files}巻にファイルがあります（監視中かつ発売済み、またはダウンロード済み）,
VolumeFileDeleted,missing,,Volume File Deleted,,,,巻のファイル削除,
VolumeFileRenamed,missing,,Volume File Renamed,,,,巻のファイル名変更,
VolumeFileTagsUpdated,missing,,Volume File Tags Updated,,,,巻のファイルのタグ更新,
VolumeFilesCount,missing,,{count} volume files,,,,巻のファイル{count}件,
VolumeFilesCountOne,missing,,1 volume file,,,,巻のファイル1件,
VolumeImportIncomplete,missing,,Volume Import Incomplete,,,,巻のインポート未完了,
VolumeImported,missing,,Volume Imported,,,,巻のインポート完了,
VolumeProgress,missing,,Volume Progress,,,,巻の進捗,
VolumeReleaseDate,missing,,Volume Release Date,,,,巻の発売日,
VolumeRowTitle,missing,,Vol. {volume},,,,第{volume}巻,
VolumeRowTitleWithSubtitle,missing,,Vol. {volume}: {subtitle},,,,第{volume}巻：{subtitle},
VolumeStatus,missing,,Volume Status,,,,巻の状態,
WantMoreControlAddACustomFormat,missing,,Want more control over which downloads are preferred? Add a{customFormat},,,,どのダウンロードを優先するかをより細かく制御したい場合は、{customFormat}を追加してください,{customFormat} = link ' カスタムフォーマット ' (padded with spaces by the caller)
WatchFolder,missing,,Watch Folder,TorrentBlackhole UsenetBlackhole,,,監視フォルダー,
WatchLibraryForChangesHelpText,missing,Rescan automatically when files change in a root folder,Rescan automatically when files change in a root folder,,,,ルートフォルダー内のファイルが変更されたときに自動的に再スキャンします,
WatchRootFoldersForFileChanges,missing,Watch Root Folders for file changes,Watch Root Folders for file changes,,,,ルートフォルダーのファイル変更を監視,
WebhookMethodHelpText,missing,,Which HTTP method to use submit to the Webservice,Webhook,,,Webサービスへの送信に使用するHTTPメソッド,
WebhookURL,missing,,Webhook URL,Discord Slack,,,Webhook URL,
WebsiteURL,missing,,Website URL,Nyaa Torrentleech,,,ウェブサイトURL,
Week,missing,,Week,,,,週,
WhySearchesCouldBeFailing,missing,Click here to find out why searches could be failing,Click here to find out why searches could be failing,,,,検索が失敗する理由を確認するには、ここをクリックしてください,
Wiki,missing,,Wiki,,,,Wiki,
WikiBasedOnReadarr,missing,,Wiki (based on Readarr),,,,Wiki（Readarrベース）,
WouldYouLikeToRestoreBackup,missing,Would you like to restore the backup '{name}'?,Would you like to restore the backup '{name}'?,,,,バックアップ「{name}」を復元しますか？,
WriteAudioTags,missing,Tag Audio Files with Metadata,Tag Audio Files with Metadata,,,,オーディオファイルへのメタデータタグ付け,
WriteAudioTagsScrub,missing,Scrub Existing Tags,Scrub Existing Tags,,,,既存のタグを消去,
WriteAudioTagsScrubHelp,missing,"Remove existing tags from files, leaving only those added by Readarr.","Remove existing tags from files, leaving only those added by Mangarr.",,,,ファイルから既存のタグを削除し、{appName}が追加したタグだけを残します。,
WriteBookTagsHelpTextWarning,missing,Selecting 'All files' will alter existing files when they are imported.,Selecting 'All files' will alter existing files when they are imported.,,,,「すべてのファイル」を選択すると、既存のファイルもインポート時に変更されます。,
WriteMetadataTags,missing,Write Metadata Tags,Write Metadata Tags,,,,メタデータタグの書き込み,
WriteTagsAll,missing,All files; initial import only,All files; initial import only,,,,すべてのファイル（初回インポートのみ）,
WriteTagsNew,missing,For new downloads only,For new downloads only,,,,新しいダウンロードのみ,
WriteTagsNo,missing,Never,Never,,,,しない,
WriteTagsSync,missing,All files; keep in sync with Goodreads,All files; keep in sync with the catalogue,,,,すべてのファイル（カタログと常に同期）,
Writer,missing,,Writer,,,,著者,
XMLRPCPath,missing,,XML RPC Path,Aria2,,,XML RPCパス,
YesWithVersion,missing,,Yes ({runtimeVersion}),,,,はい（{runtimeVersion}）,
ServerRejectionAdoptedOriginal,missing,,Adopted original — manage it outside Mangarr,,,,取り込み済みのオリジナルです。Mangarr の外で管理してください,
ServerRejectionAudiobookCoveredByVolume,missing,,Audiobook covered by Vol. {volume},,,,このオーディオブックは第{volume}巻に含まれています,
ServerRejectionAudiobookNotAvailableYet,missing,,Audiobook not available yet for this series,,,,このシリーズのオーディオブックはまだ入手できません,
ServerRejectionAudiobookRelease,missing,,Audiobook release,,,,オーディオブックのリリースです,
ServerRejectionBlocklisted,missing,,Release is blocklisted,,,,リリースはブロックリストに登録されています,
ServerRejectionCdhGrabEqualOrHigher,missing,,CDH is disabled and grab event in history is of equal or higher quality: {quality},,,,完了したダウンロードの処理が無効で、履歴にある取得は同等以上の品質です：{quality},
ServerRejectionCdhGrabMeetsCutoff,missing,,CDH is disabled and grab event in history already meets cutoff: {quality},,,,完了したダウンロードの処理が無効で、履歴にある取得はすでにカットオフを満たしています：{quality},
ServerRejectionChapterRelease,missing,,Chapter release with no volume archives,,,,巻のアーカイブを含まない話単位のリリースです,
ServerRejectionContainsIgnoredTerms,missing,,Contains these ignored terms: {terms},,,,次の無視する用語が含まれています：{terms},
ServerRejectionCopyInPending,missing,,Copy-in pending for this series,,,,このシリーズは所有済みファイルのインポート待ちです,
ServerRejectionCustomFormatScoreBelowMinimum,missing,,Custom Formats {formats} have score {score} below Series profile minimum {minimum},,,,カスタムフォーマット {formats} のスコア {score} は、シリーズのプロファイルの最小値 {minimum} を下回っています,
ServerRejectionDifferentFranchiseLine,missing,,Release names a different line of the franchise: '{line}',,,,リリース名がフランチャイズの別のラインを示しています：'{line}',
ServerRejectionDiscographyNotAllReleased,missing,,Discography release rejected. All volumes haven't released yet.,,,,全巻パックのリリースを拒否しました。まだ発売されていない巻があります。,
ServerRejectionEarlyRelease,missing,,"Release published date, {date}, is outside of {days} day early grab limit allowed by user",,,,リリースの公開日 {date} は、ユーザーが許可した {days} 日間の早期ダウンロードの制限の範囲外です,
ServerRejectionEditionLanguageMismatch,missing,,"Release is {found}, the series is the {language} edition",,,,リリースは{found}ですが、シリーズは{language}版です,
ServerRejectionEditionLanguageMissing,missing,,No {language} language marker on this release (the series is the {language} edition),,,,このリリースには{language}の言語表示がありません（シリーズは{language}版です）,
ServerRejectionExistingFileEqualOrHigher,missing,,Existing files on disk is of equal or higher preference: {quality},,,,ディスク上の既存ファイルは同等以上の優先度です：{quality},
ServerRejectionExistingFilesMeetCutoff,missing,,Existing files meets cutoff: {quality},,,,既存のファイルはすでにカットオフを満たしています：{quality},
ServerRejectionFullSeriesPack,missing,,Full series pack,,,,シリーズ全体のパックです,
ServerRejectionIndexerBlocked,missing,,"Indexer {indexer} is blocked till {until} due to failures, cannot grab release.",,,,インデクサー {indexer} は失敗が続いたため {until} までブロックされています。リリースを取得できません。,
ServerRejectionLanguageChinese,missing,,Chinese,,,,中国語,
ServerRejectionLanguageEnglish,missing,,English,,,,英語,
ServerRejectionLanguageFrench,missing,,French,,,,フランス語,
ServerRejectionLanguageGerman,missing,,German,,,,ドイツ語,
ServerRejectionLanguageItalian,missing,,Italian,,,,イタリア語,
ServerRejectionLanguageJapanese,missing,,Japanese,,,,日本語,
ServerRejectionLanguageKorean,missing,,Korean,,,,韓国語,
ServerRejectionLanguagePortuguese,missing,,Portuguese,,,,ポルトガル語,
ServerRejectionLanguageSpanish,missing,,Spanish,,,,スペイン語,
ServerRejectionMinimumAge,missing,,"Only {age} minutes old, minimum age is {minimum} minutes",,,,公開から {age} 分しか経っていません。最低経過時間は {minimum} 分です,
ServerRejectionMissingRequiredTerms,missing,,Does not contain one of the required terms: {terms},,,,必須の用語がどれも含まれていません：{terms},
ServerRejectionNoArchiveEdition,missing,,No archive edition on this volume,,,,この巻にはアーカイブ版がありません,
ServerRejectionNoAudioEdition,missing,,No audio edition on this volume,,,,この巻にはオーディオ版がありません,
ServerRejectionNoEbookEdition,missing,,No ebook edition on this volume,,,,この巻には電子書籍版がありません,
ServerRejectionNoFileReleaseGroup,missing,,Unable to determine release group for the existing file,,,,既存ファイルのリリースグループを特定できません,
ServerRejectionNoReleaseGroup,missing,,Unable to determine release group for this release,,,,このリリースのリリースグループを特定できません,
ServerRejectionNotEnoughSeeders,missing,,Not enough seeders: {seeders}. Minimum seeders: {minimum},,,,シーダーが不足しています：{seeders}。最小シーダー数：{minimum},
ServerRejectionOlderThanRetention,missing,,Older than configured retention,,,,設定された保持期間より古いです,
ServerRejectionProperDisabled,missing,,Proper downloading is disabled,,,,PROPER のダウンロードは無効です,
ServerRejectionProperForOldFile,missing,,Proper for old file,,,,古いファイルに対する PROPER です,
ServerRejectionQualityNotWanted,missing,,{quality} is not wanted in profile,,,,{quality} はプロファイルで許可されていません,
ServerRejectionQueuedEqualOrHigher,missing,,Release in queue is of equal or higher preference: {quality},,,,キュー内のリリースは同等以上の優先度です：{quality},
ServerRejectionQueuedMeetsCutoff,missing,,Release in queue already meets cutoff: {quality},,,,キュー内のリリースはすでにカットオフを満たしています：{quality},
ServerRejectionQueuedNoUpgrades,missing,,Another release is queued and the Quality profile does not allow upgrades,,,,別のリリースがキューにあり、品質プロファイルでアップグレードが許可されていません,
ServerRejectionRawCd,missing,,Raw CD release,,,,RAW CD のリリースです,
ServerRejectionRecentGrabEqualOrHigher,missing,,Recent grab event in history is of equal or higher quality: {quality},,,,履歴にある最近の取得は同等以上の品質です：{quality},
ServerRejectionRecentGrabMeetsCutoff,missing,,Recent grab event in history already meets cutoff: {quality},,,,履歴にある最近の取得はすでにカットオフを満たしています：{quality},
ServerRejectionRepackDisabled,missing,,Repack downloading is disabled,,,,REPACK のダウンロードは無効です,
ServerRejectionRepackOtherGroup,missing,,Release is a repack for a different release group. Release Group: {group}. File release group: {fileGroup},,,,別のリリースグループの REPACK です。リリースグループ：{group}。ファイルのリリースグループ：{fileGroup},
ServerRejectionSameReleaseName,missing,,Has same release name as a grabbed and imported release,,,,取得してインポート済みのリリースと同じリリース名です,
ServerRejectionSameTorrentHash,missing,,Has same torrent hash as a grabbed and imported release,,,,取得してインポート済みのリリースと同じトレントハッシュです,
ServerRejectionSample,missing,,Sample,,,,サンプルです,
ServerRejectionSearchedAudiobookGotEbook,missing,,"Search asked for an audiobook, release is an ebook",,,,オーディオブックを検索しましたが、リリースは電子書籍です,
ServerRejectionSearchedEbookGotAudiobook,missing,,"Search asked for an ebook, release is an audiobook",,,,電子書籍を検索しましたが、リリースはオーディオブックです,
ServerRejectionSeriesNotMonitored,missing,,Series is not monitored,,,,シリーズは監視されていません,
ServerRejectionSeriesTagsMismatch,missing,,Series tags do not match any of the indexer tags,,,,シリーズのタグがインデクサーのどのタグとも一致しません,
ServerRejectionTooBig,missing,,"{size} is too big, maximum size is {maximum} (Settings->Indexers->Maximum Size)",,,,{size} は大きすぎます。最大サイズは {maximum} です（設定->インデクサー->最大サイズ）,
ServerRejectionTorrentNotEnabled,missing,,Torrent is not enabled for this series,,,,このシリーズでは Torrent が有効になっていません,
ServerRejectionUnableToParseRelease,missing,,Unable to parse release,,,,リリースを解析できません,
ServerRejectionUnableToParseVolumes,missing,,Unable to parse volumes from release name,,,,リリース名から巻を解析できません,
ServerRejectionUnexpectedError,missing,,Unexpected error processing release,,,,リリースの処理中に予期しないエラーが発生しました,
ServerRejectionUnknownSeries,missing,,Unknown Series,,,,シリーズが不明です,
ServerRejectionUpgradesNotAllowed,missing,,Existing files and the Quality profile does not allow upgrades,,,,既存のファイルがあり、品質プロファイルでアップグレードが許可されていません,
ServerRejectionUsenetNotEnabled,missing,,Usenet is not enabled for this series,,,,このシリーズでは Usenet が有効になっていません,
ServerRejectionVolumeNotMonitored,missing,,Volume is not monitored,,,,この巻は監視されていません,
ServerRejectionVolumeNotRequested,missing,,Volume wasn't requested,,,,この巻は要求されていません,
ServerRejectionWaitingForBetterQuality,missing,,Waiting for better quality release,,,,より高品質なリリースを待機しています,
ServerRejectionWrongSeries,missing,,Wrong series,,,,シリーズが違います,
ServerImportAlreadyImported,missing,,Book has already been imported,,,,この巻はすでにインポートされています,
ServerImportAlreadyImportedAt,missing,,Book already imported at {date},,,,この巻は {date} にインポート済みです,
ServerImportArchiveFileForAudioEdition,missing,,archive file matched to the audio edition,,,,アーカイブファイルがオーディオ版に割り当てられています,
ServerImportArchiveFileForEbookEdition,missing,,archive file matched to the ebook edition,,,,アーカイブファイルが電子書籍版に割り当てられています,
ServerImportArchiveFileInLightNovelEntry,missing,,Archive file in a light-novel entry,,,,ライトノベルのエントリーにアーカイブファイルがあります,
ServerImportAudioFileForArchiveEdition,missing,,audio file matched to the archive edition,,,,オーディオファイルがアーカイブ版に割り当てられています,
ServerImportAudioFileForEbookEdition,missing,,audio file matched to the ebook edition,,,,オーディオファイルが電子書籍版に割り当てられています,
ServerImportAudioFileInMangaEntry,missing,,audio file in a manga entry,,,,マンガのエントリーにオーディオファイルがあります,
ServerImportCouldNotParseVolume,missing,,Couldn't parse volume from: {file},,,,次から巻を解析できませんでした: {file},
ServerImportDotUnderscoreFile,missing,,"Invalid music file, filename starts with '._'",,,,無効なメディアファイルです。ファイル名が '._' で始まっています,
ServerImportEbookFileForArchiveEdition,missing,,ebook file matched to the archive edition,,,,電子書籍ファイルがアーカイブ版に割り当てられています,
ServerImportEbookFileForAudioEdition,missing,,ebook file matched to the audio edition,,,,電子書籍ファイルがオーディオ版に割り当てられています,
ServerImportEbookFileInMangaEntry,missing,,ebook file in a manga entry,,,,マンガのエントリーに電子書籍ファイルがあります,
ServerImportEbookPdfNotWanted,missing,,Ebook PDF is not wanted in the light-novel profile,,,,ライトノベルのプロファイルでは電子書籍 PDF は求められていません,
ServerImportFailed,missing,,Failed to import book.,,,,巻のインポートに失敗しました。,
ServerImportFailedCalibre,missing,,"Failed to import book, error communicating with Calibre.  Check log for details.",,,,巻のインポートに失敗しました。Calibre との通信でエラーが発生しました。詳細はログを確認してください。,
ServerImportFailedDestinationExists,missing,,"Failed to import book, destination already exists.",,,,巻のインポートに失敗しました。インポート先がすでに存在します。,
ServerImportFailedPermissions,missing,,"Failed to import book, permissions error",,,,巻のインポートに失敗しました。権限エラーです,
ServerImportFailedRecycleBin,missing,,"Failed to import book, unable to move existing file to the Recycle Bin.",,,,巻のインポートに失敗しました。既存のファイルをごみ箱に移動できません。,
ServerImportFailedRootFolderMissing,missing,,"Failed to import book, root folder missing.",,,,巻のインポートに失敗しました。ルートフォルダーがありません。,
ServerImportFailedToAddSeries,missing,,Failed to add missing series,,,,未登録のシリーズを追加できませんでした,
ServerImportFailedToAddVolume,missing,,Failed to add missing volume,,,,未登録の巻を追加できませんでした,
ServerImportFileLocked,missing,,"Locked file, try again later",,,,ファイルがロックされています。後でもう一度お試しください,
ServerImportFolderNotInRootFolder,missing,,Destination folder {path} is not in a Root Folder,,,,インポート先フォルダー {path} はルートフォルダー内にありません,
ServerImportMatchNotCloseEnough,missing,,Volume match is not close enough: {match} vs {threshold} {reasons},,,,巻の一致度が不十分です: {match}（基準 {threshold}） {reasons},
ServerImportNoSimilarVolume,missing,,Couldn't find similar volume for {folders},,,,{folders} に類似する巻が見つかりませんでした,
ServerImportNotAnUpgrade,missing,,Not an upgrade for existing book file(s),,,,既存の巻のファイルに対するアップグレードではありません,
ServerImportNotEnoughFreeSpace,missing,,Not enough free space,,,,空き容量が不足しています,
ServerImportSameFileSize,missing,,Has the same filesize as existing file,,,,既存のファイルと同じファイルサイズです,
ServerImportSeriesFolderNotInRootFolder,missing,,Destination series folder {path} is not in a Root Folder,,,,インポート先のシリーズフォルダー {path} はルートフォルダー内にありません,
ServerImportStillUnpacking,missing,,File is still being unpacked,,,,ファイルはまだ展開中です,
ServerImportUnableToParseFile,missing,,Unable to parse file,,,,ファイルを解析できません,
ServerImportUnexpectedError,missing,,Unexpected error processing file,,,,ファイルの処理中に予期しないエラーが発生しました,
ServerImportUnknownSeriesForFile,missing,,Unknown Series for file: {file},,,,ファイルのシリーズが不明です: {file},
ServerQueueChapterRip,missing,,"Chapter-numbered rip: {chapters} of {files} comic files are per-chapter, no volume files",,,,章ごとのリリース: コミックファイル {files} 個のうち {chapters} 個が章単位で、巻のファイルがありません,
ServerQueueInvalidLocalPath,missing,,[{path}] is not a valid local path. You may need a Remote Path Mapping.,,,,[{path}] は有効なローカルパスではありません。リモートパスマッピングが必要な可能性があります。,
ServerQueueNoEligibleFiles,missing,,No files found are eligible for import in {path},,,,{path} にインポート可能なファイルが見つかりません,
ServerQueueNoIntermediatePath,missing,,"Download doesn't contain intermediate path, Skipping.",,,,ダウンロードに中間パスが含まれていないため、スキップします。,
ServerQueueNotGrabbedByMangarr,missing,,"Download wasn't grabbed by Mangarr, skipping",,,,このダウンロードは Mangarr が取得したものではないため、スキップします,
ServerQueueNotGrabbedNoCategory,missing,,"Download wasn't grabbed by Mangarr and not in a category, Skipping.",,,,このダウンロードは Mangarr が取得したものではなく、カテゴリーにも属していないため、スキップします。,
ServerQueueOnlyArchiveFiles,missing,,"Download contains only archive files, which no monitored edition of the grabbed volume(s) can hold",,,,ダウンロードにはアーカイブファイルしか含まれておらず、取得した巻の監視中のどの版にも格納できません,
ServerQueueOnlyAudiobookFiles,missing,,"Download contains only audiobook files, which no monitored edition of the grabbed volume(s) can hold",,,,ダウンロードにはオーディオブックのファイルしか含まれておらず、取得した巻の監視中のどの版にも格納できません,
ServerQueueOnlyEbookFiles,missing,,"Download contains only ebook files, which no monitored edition of the grabbed volume(s) can hold",,,,ダウンロードには電子書籍ファイルしか含まれておらず、取得した巻の監視中のどの版にも格納できません,
ServerProgressAdoptingExistingFiles,missing,,Adopting existing files for {series},,,,{series} の既存ファイルを取り込み中,
ServerProgressAllAudioFilesRetagged,missing,,All audio files re-tagged for {series},,,,{series} のすべてのオーディオファイルのタグを再書き込みしました,
ServerProgressAllEbookFilesRetagged,missing,,All ebook files re-tagged for {series},,,,{series} のすべての電子書籍ファイルのタグを再書き込みしました,
ServerProgressAllVolumeFilesRenamed,missing,,All volume files renamed for {series},,,,{series} のすべての巻のファイルの名前を変更しました,
ServerProgressAutoUpdateNotEnabled,missing,,"Auto-update not enabled, not installing available update.",,,,自動アップデートが有効ではないため、利用可能なアップデートはインストールしません。,
ServerProgressBackingUpConfig,missing,,Backing up config.xml,,,,config.xml をバックアップ中,
ServerProgressBackingUpDatabase,missing,,Backing up database,,,,データベースをバックアップ中,
ServerProgressBackupZipCreated,missing,,Backup zip created,,,,バックアップの ZIP を作成しました,
ServerProgressCheckingForUpdates,missing,,Checking for updates,,,,アップデートを確認中,
ServerProgressCompleted,missing,,Completed,,,,完了,
ServerProgressCompletedTestCommand,missing,,Completed Test command,,,,テストコマンドが完了しました,
ServerProgressCreatingBackupZip,missing,,Creating backup zip,,,,バックアップの ZIP を作成中,
ServerProgressDeliveryFormatIsEpub,missing,,Delivery format is EPUB — nothing to convert,,,,配信フォーマットが EPUB のため、変換するものはありません,
ServerProgressDeveloperEnvironment,missing,,"Running in developer environment, not updating.",,,,開発環境で実行中のため、アップデートしません。,
ServerProgressDownloadingUpdate,missing,,Downloading update {version},,,,アップデート {version} をダウンロード中,
ServerProgressEbooksGoToEntryFolder,missing,,Ebooks go to the entry folder — conversion needs a calibre library,,,,電子書籍はエントリーのフォルダーに保存されます。変換には calibre ライブラリが必要です,
ServerProgressExtractingUpdate,missing,,Extracting Update package,,,,アップデートパッケージを展開中,
ServerProgressFailedToImport,missing,,Failed to import,,,,インポートに失敗しました,
ServerProgressFileDatesChanged,missing,,Changed file date for {changed} files of {total} in {series},,,,{series} の {total} 個中 {changed} 個のファイルの日付を変更しました,
ServerProgressFinishedMovingSeries,missing,,Finished moving {count} series to '{rootFolder}',,,,{count} 件のシリーズの '{rootFolder}' への移動が完了しました,
ServerProgressGcdMetadataUpdateComplete,missing,,GCD metadata update check complete,,,,GCD メタデータのアップデート確認が完了しました,
ServerProgressGroupingTracks,missing,,Grouping {count} tracks,,,,{count} 個のファイルをグループ化中,
ServerProgressIdentifyingVolume,missing,,Identifying volume {current}/{total},,,,巻 {current}/{total} を識別中,
ServerProgressImportListSyncCompleted,missing,,"Import List Sync Completed. Items found: {items}, Series added: {series}, Volumes added: {volumes}",,,,インポートリストの同期が完了しました。見つかった項目: {items}、追加したシリーズ: {series}、追加した巻: {volumes},
ServerProgressImportingFiles,missing,,Importing {count} files,,,,{count} 個のファイルをインポート中,
ServerProgressImportingVolume,missing,,Importing volume {current}/{total} {volume},,,,巻 {current}/{total} をインポート中: {volume},
ServerProgressLightNovelsConverted,missing,,"Converted {converted} book(s) to {format}, {alreadyHad} already had it, {failed} failed",,,,{converted} 冊を {format} に変換しました。既に {format} {alreadyHad} 冊、失敗 {failed} 冊,
ServerProgressLightNovelsConvertedSkipped,missing,,"Converted {converted} book(s) to {format}, {alreadyHad} already had it, {skipped} skipped (PDF only), {failed} failed",,,,{converted} 冊を {format} に変換しました。既に {format} {alreadyHad} 冊、スキップ {skipped} 冊（PDF のみ）、失敗 {failed} 冊,
ServerProgressMajorUpdateManual,missing,,"Unable to install major update, please update update manually from System: Updates",,,,メジャーアップデートをインストールできません。システム: アップデートから手動でアップデートしてください,
ServerProgressManuallyImportedFiles,missing,,Manually imported {count} files,,,,{count} 個のファイルを手動でインポートしました,
ServerProgressMissingSearch,missing,,Performing missing search for {editions} volume editions across {searches} series searches,,,,欠落している巻のエディション {editions} 件を {searches} 回のシリーズ検索で検索中,
ServerProgressMissingSearchCompleted,missing,,Completed search for {editions} volume editions. {count} reports downloaded.,,,,巻のエディション {editions} 件の検索が完了しました。{count} 件のリリースをダウンロードしました。,
ServerProgressMovingSeries,missing,,Moving {series} from '{source}' to '{destination}',,,,{series} を '{source}' から '{destination}' に移動中,
ServerProgressMovingSeriesCounted,missing,,Moving {series} from '{source}' to '{destination}' ({current}/{total}),,,,{series} を '{source}' から '{destination}' に移動中（{current}/{total}）,
ServerProgressMovingSeriesToRootFolder,missing,,Moving {count} series to '{rootFolder}',,,,{count} 件のシリーズを '{rootFolder}' に移動中,
ServerProgressNoFileDatesChanged,missing,,No file dates changed for {series},,,,{series} のファイルの日付は変更されませんでした,
ServerProgressNoListItems,missing,,No list items to process,,,,処理するリスト項目はありません,
ServerProgressNoResultsFound,missing,,No results found,,,結果が見つかりません,結果が見つかりません,
ServerProgressNoUpdateAvailable,missing,,No update available,,,,利用可能なアップデートはありません,
ServerProgressNotACbzArchive,missing,,{file} is not a CBZ archive; page order not flipped,,,,{file} は CBZ アーカイブではないため、ページ順を反転しませんでした,
ServerProgressNotALightNovelEntry,missing,,Series {id} is not a light-novel entry; nothing to import,,,,シリーズ {id} はライトノベルのエントリーではないため、インポートするものはありません,
ServerProgressPageOrderFlipped,missing,,Page order flipped for {file},,,,{file} のページ順を反転しました,
ServerProgressPdfConversionMangaOnly,missing,,PDF to CBZ conversion is for manga only,,,,PDF から CBZ への変換はマンガ専用です,
ServerProgressPdfConversionUnavailable,missing,,PDF conversion unavailable: poppler (pdfimages) is not installed,,,,PDF の変換は利用できません: poppler (pdfimages) がインストールされていません,
ServerProgressPdfVolumesConverted,missing,,"Converted {converted} PDF volume(s) to CBZ, {failed} failed",,,,PDF の巻 {converted} 件を CBZ に変換しました。失敗 {failed} 件,
ServerProgressProcessingFile,missing,,Processing file {current} of {total},,,,ファイル {current}/{total} を処理中,
ServerProgressProcessingListItem,missing,,Processing list item {current}/{total},,,,リスト項目 {current}/{total} を処理中,
ServerProgressProcessingListItems,missing,,Processing {count} list items,,,,{count} 件のリスト項目を処理中,
ServerProgressProcessingRelease,missing,,Processing release {current}/{total},,,,リリース {current}/{total} を処理中,
ServerProgressProcessingReleases,missing,,Processing {count} releases,,,,{count} 件のリリースを処理中,
ServerProgressReResolveResult,missing,,"{changed} changed, {blocked} blocked, {failed} failed",,,,変更 {changed} 件、ブロック {blocked} 件、失敗 {failed} 件,
ServerProgressReadingFile,missing,,Reading file {current}/{total},,,,ファイル {current}/{total} を読み込み中,
ServerProgressRenamingAllFiles,missing,,Renaming all files in series: {series},,,,シリーズのすべてのファイルの名前を変更中: {series},
ServerProgressRenamingFiles,missing,,Renaming {count} files for {series},,,,{series} の {count} 個のファイルの名前を変更中,
ServerProgressReportSent,missing,,Report sent to {downloadClient} from indexer {indexer}. {title},,,,インデクサー {indexer} のリリースを {downloadClient} に送信しました。{title},
ServerProgressReportsFound,missing,,Total of {count} reports were found for {criteria} from {indexers} indexers,,,,{indexers} 件のインデクサーで {criteria} の結果が合計 {count} 件見つかりました,
ServerProgressRestartingShortly,missing,,Mangarr will restart shortly.,,,,{appName} はまもなく再起動します。,
ServerProgressRestartingToApplyUpdates,missing,,Restarting Mangarr to apply updates,,,,アップデートを適用するために {appName} を再起動中,
ServerProgressRetaggingAllAudioFiles,missing,,Re-tagging all audio files for series: {series},,,,シリーズのすべてのオーディオファイルのタグを再書き込み中: {series},
ServerProgressRetaggingAllEbookFiles,missing,,Re-tagging all ebook files for series: {series},,,,シリーズのすべての電子書籍ファイルのタグを再書き込み中: {series},
ServerProgressRetaggingAudioFiles,missing,,Re-tagging {count} audio files for {series},,,,{series} の {count} 個のオーディオファイルのタグを再書き込み中,
ServerProgressRetaggingEbookFiles,missing,,Re-tagging {count} ebook files for {series},,,,{series} の {count} 個の電子書籍ファイルのタグを再書き込み中,
ServerProgressRssSyncCompleted,missing,,"RSS Sync Completed. Reports found: {found}, Reports grabbed: {grabbed}",,,,RSS 同期が完了しました。見つかった件数: {found}、取得した件数: {grabbed},
ServerProgressRssSyncCompletedPending,missing,,"RSS Sync Completed. Reports found: {found}, Reports grabbed: {grabbed}, Reports pending: {pending}",,,,RSS 同期が完了しました。見つかった件数: {found}、取得した件数: {grabbed}、保留中: {pending},
ServerProgressScanning,missing,,Scanning {path},,,,{path} をスキャン中,
ServerProgressSearchingIndexers,missing,,Searching indexers for {criteria}. {count} active indexers,,,,インデクサーで {criteria} を検索中。有効なインデクサー: {count} 件,
ServerProgressSelectedAudioFilesRetagged,missing,,Selected audio files re-tagged for {series},,,,{series} の選択したオーディオファイルのタグを再書き込みしました,
ServerProgressSelectedEbookFilesRetagged,missing,,Selected ebook files re-tagged for {series},,,,{series} の選択した電子書籍ファイルのタグを再書き込みしました,
ServerProgressSelectedVolumeFilesRenamed,missing,,Selected volume files renamed for {series},,,,{series} の選択した巻のファイルの名前を変更しました,
ServerProgressSeriesAlreadyInLocation,missing,,{series} is already in the specified location '{destination}'.,,,,{series} はすでに指定の場所 '{destination}' にあります。,
ServerProgressSeriesMoved,missing,,{series} moved successfully to {destination},,,,{series} を {destination} に移動しました,
ServerProgressSeriesSearchCompleted,missing,,Series search completed. {count} reports downloaded.,,,,シリーズの検索が完了しました。{count} 件のリリースをダウンロードしました。,
ServerProgressSkipped,missing,,Skipped,,,,スキップ,
ServerProgressStartingBackup,missing,,Starting Backup,,,,バックアップを開始,
ServerProgressStartingImportListRefresh,missing,,Starting Import List Refresh for List {list},,,,インポートリスト {list} の更新を開始,
ServerProgressStartingImportListSync,missing,,Starting Import List Sync,,,,インポートリストの同期を開始,
ServerProgressStartingRssSync,missing,,Starting RSS Sync,,,,RSS 同期を開始,
ServerProgressStartingTestCommand,missing,,Starting Test command. duration {duration},,,,テストコマンドを開始します。所要時間 {duration},
ServerProgressStartingUpdateScript,missing,,Starting update script: {path},,,,アップデートスクリプトを開始します: {path},
ServerProgressSyncingAudiobookshelfTitles,missing,,Syncing Audiobookshelf titles for {series},,,,{series} の Audiobookshelf のタイトルを同期中,
ServerProgressSyncingCalibreTitles,missing,,Syncing calibre titles for {series},,,,{series} の calibre のタイトルを同期中,
ServerProgressUpdateAvailableUseMechanism,missing,,"Update available, please use {mechanism} to install",,,,アップデートがあります。インストールには {mechanism} を使用してください,
ServerProgressUpdaterDisabledInDocker,missing,,Built-In updater disabled inside a docker container. Please update the container image.,,,,Docker コンテナー内では組み込みアップデーターは無効です。コンテナーイメージをアップデートしてください。,
ServerProgressUpdaterDisabledUseMechanism,missing,,"Built-In updater disabled, please use {mechanism} to install",,,,組み込みアップデーターは無効です。インストールには {mechanism} を使用してください,
ServerProgressUpdatingInfo,missing,,Updating Info for {title},,,,{title} の情報を更新中,
ServerProgressVerifyingUpdate,missing,,Verifying update package,,,,アップデートパッケージを検証中,
ServerProgressVolumeNotFound,missing,,Volume not found,,,,巻が見つかりません,
ServerProgressVolumeSearchCompleted,missing,,Volume search completed. {count} reports downloaded.,,,,巻の検索が完了しました。{count} 件のリリースをダウンロードしました。,
ServerProgressLightNovelArchiveSeriesSearch,missing,,One Archive series search for {count} volumes of {series},,,,{series} の {count} 巻を対象にシリーズ検索（アーカイブ）を 1 回実行中,
ServerProgressLightNovelAudioSeriesSearch,missing,,One Audio series search for {count} volumes of {series},,,,{series} の {count} 巻を対象にシリーズ検索（オーディオブック）を 1 回実行中,
ServerProgressLightNovelEbookSeriesSearch,missing,,One Ebook series search for {count} volumes of {series},,,,{series} の {count} 巻を対象にシリーズ検索（電子書籍）を 1 回実行中,
ServerProgressManuallyImportingFilesAuto,missing,,Manually importing {count} files using mode Auto,,,,{count} 個のファイルを自動モードで手動インポート中,
ServerProgressManuallyImportingFilesCopy,missing,,Manually importing {count} files using mode Copy,,,,{count} 個のファイルをコピーモードで手動インポート中,
ServerProgressManuallyImportingFilesMove,missing,,Manually importing {count} files using mode Move,,,,{count} 個のファイルを移動モードで手動インポート中,
ServerProgressUpdateAvailableUseExternal,missing,,"Update available, please use External to install",,,,アップデートがあります。インストールには「外部」を使用してください,
ServerProgressUpdaterDisabledUseExternal,missing,,"Built-In updater disabled, please use External to install",,,,組み込みアップデーターは無効です。インストールには「外部」を使用してください,
ServerValidationAllQualities,missing,,Must contain all qualities,,,,すべての品質を含める必要があります,
ServerValidationAllowed,missing,,Must contain at least one allowed quality,,,,許可された品質を少なくとも 1 つ含める必要があります,
ServerValidationAllowedCharactersLettersDash,missing,,Allowed characters a-z and -,,,,使用できる文字: a-z、-,
ServerValidationAllowedCharactersLowercaseDigitsDash,missing,,"Allowed characters a-z, 0-9 and -",,,,使用できる文字: a-z、0-9、-,
ServerValidationApiKeyRequired,missing,,API Key is required,,,,APIキーは必須です,
ServerValidationApiKeyRequiredWithoutLogin,missing,,API Key is required when username/password are not configured,,,,ユーザー名／パスワードが設定されていない場合、APIキーは必須です,
ServerValidationAudioHomeUnknown,missing,,Must be Entry Folder or Audiobookshelf Library,,,,エントリーフォルダーまたはAudiobookshelfライブラリにしてください,
ServerValidationAuthenticateApp,missing,,Authenticate app.,,,,アプリを認証してください。,
ServerValidationAuthorAncestor,missing,,Path '{path}' is an ancestor of an existing series,,,,パス '{path}' は既存のシリーズの親フォルダーです,
ServerValidationAuthorExists,missing,,This series has already been added,,,,このシリーズはすでに追加されています,
ServerValidationAuthorFolderAsRootFolder,missing,,Root folder path '{rootFolderPath}' contains series folder '{authorFolder}',,,,ルートフォルダーのパス '{rootFolderPath}' にシリーズフォルダー '{authorFolder}' が含まれています,
ServerValidationAuthorPath,missing,,Path '{path}' is already configured for another series,,,,パス '{path}' はすでに別のシリーズに設定されています,
ServerValidationBranchRequired,missing,,"Branch name is required, 'master' is the default",,,,ブランチ名は必須です。既定値は 'master' です,
ServerValidationCalibreLibraryAlreadyRootFolder,missing,,Calibre library is already configured as a root folder,,,,Calibreライブラリはすでにルートフォルダーとして設定されています,
ServerValidationCannotBeRoot,missing,,Cannot be set to '/',,,,'/' には設定できません,
ServerValidationCannotStartWithSlash,missing,,Cannot start with /,,,,/ で始めることはできません,
ServerValidationCategoryAndDirectory,missing,,Cannot use Category and Directory,,,,カテゴリーとディレクトリは同時に使用できません,
ServerValidationCategoryRecommended,missing,,A category is recommended,,,,カテゴリーの設定をお勧めします,
ServerValidationCategorySlashes,missing,,"Can not contain '\', '//', or start/end with '/'",,,,'\' や '//' を含めることや、'/' で始めたり終わったりすることはできません,
ServerValidationChooseAudiobookshelfLibrary,missing,,Choose the Audiobookshelf Library,,,,Audiobookshelfライブラリを選択してください,
ServerValidationConfigurationKeyOrStatelessUrls,missing,,Use either Configuration Key or Stateless URLs,,,,「Apprise設定キー」か「AppriseステートレスURL」のどちらかを使用してください,
ServerValidationCoveredByVolumeInvalid,missing,,Covered-by volume must be another volume of this series and not one covered by this volume,,,,「収録先の巻」には、このシリーズの別の巻で、この巻に収録されていない巻を指定してください,
ServerValidationDelayProfileTagInUse,missing,,One or more tags is used in another profile,,,,1 つ以上のタグが別のプロファイルで使用されています,
ServerValidationDirectMessagingRecommended,missing,,"Using Direct Messaging is recommended, or use a private account.",,,,ダイレクトメッセージの使用をお勧めします。または非公開アカウントを使用してください。,
ServerValidationDownloadClientExists,missing,,Download Client does not exist,,,,ダウンロードクライアントが存在しません,
ServerValidationEbookHomeUnknown,missing,,Must be Entry Folder or Calibre Library,,,,エントリーフォルダーまたはCalibreライブラリにしてください,
ServerValidationEmptyCollection,missing,,Collection Must Be Empty,,,,コレクションは空にする必要があります,
ServerValidationFileExists,missing,,File '{file}' does not exist,,,,ファイル '{file}' が存在しません,
ServerValidationFolderChmod,missing,,Must contain a valid Unix permissions octal,,,,有効な Unix 権限（8 進数）を入力してください,
ServerValidationFolderWritable,missing,,Folder '{path}' is not writable by user '{user}',,,,フォルダー '{path}' はユーザー '{user}' が書き込みできません,
ServerValidationGreaterThanZero,missing,,Should be greater than zero,,,,0 より大きい値にしてください,
ServerValidationGroupItem,missing,,Groups must contain multiple qualities,,,,グループには複数の品質を含める必要があります,
ServerValidationGuid,missing,,String is not a valid Guid,,,,文字列が有効な GUID ではありません,
ServerValidationHostWithoutProtocol,missing,,must be valid Host without http://,,,,http:// を含まない有効なホストを入力してください,
ServerValidationHttpProtocol,missing,,must start with http:// or https://,,,,http:// または https:// で始める必要があります,
ServerValidationIllegalCharacters,missing,,Contains illegal characters: {InvalidCharacters},,,,使用できない文字が含まれています: {InvalidCharacters},
ServerValidationImportListExclusionExists,missing,,This exclusion has already been added.,,,,この除外はすでに追加されています。,
ServerValidationInvalidFileNames,missing,,Produces invalid file names,,,,無効なファイル名になります,
ServerValidationInvalidOutputFormats,missing,,Invalid output formats,,,,出力フォーマットが無効です,
ServerValidationInvalidSslCertificate,missing,,Invalid SSL certificate file or password,,,,SSL証明書ファイルまたはパスワードが無効です,
ServerValidationInvalidTopic,missing,,Invalid topic,,,,トピックが無効です,
ServerValidationItemGroupId,missing,,Groups must have an ID,,,,グループには ID が必要です,
ServerValidationItemGroupName,missing,,Groups must have a name,,,,グループには名前が必要です,
ServerValidationLightNovelFormatUnknown,missing,,"Must be one of epub, azw3, kepub",,,,epub、azw3、kepub のいずれかにしてください,
ServerValidationMappedNetworkDrive,missing,,Mapped Network Drive and Windows Service,,,,マップされたネットワークドライブと Windows サービス,
ServerValidationMetadataProfileExists,missing,,Metadata profile does not exist,,,,メタデータプロファイルが存在しません,
ServerValidationMustBeUnique,missing,,Must be unique.,,,,一意にする必要があります。,
ServerValidationMustContainAuthorNameToken,missing,,Must contain Author name,,,,Author Name トークンを含める必要があります,
ServerValidationMustContainMangarr,missing,,Must contain Mangarr,,,,{appName} を含める必要があります,
ServerValidationMustMatchPassword,missing,,Must match Password,,,,パスワードと一致させてください,
ServerValidationNeededForAudiobookshelf,missing,,Needed while audiobooks go to Audiobookshelf,,,,オーディオブックを Audiobookshelf に保存する間は必須です,
ServerValidationNeededForCalibre,missing,,Needed while ebooks go to Calibre,,,,電子書籍を Calibre に保存する間は必須です,
ServerValidationNoLanguageEditionInCatalogue,missing,,No {language} edition of this series in the catalogue,,,,カタログにこのシリーズの{language}版はありません,
ServerValidationNoNovelLineInChainLanguage,missing,,No novel line in any chain language,,,,優先エディションのどの言語にも小説版がありません,
ServerValidationNoneReservedProfileName,missing,,'None' is a reserved profile name,,,,'None' は予約済みのプロファイル名です,
ServerValidationNotInCatalogueAsLightNovel,missing,,Not in the catalogue as a light novel yet,,,,まだライトノベルとしてカタログに登録されていません,
ServerValidationNotInsideSystemFolder,missing,,Must not be a descendant of '{systemFolder}',,,,'{systemFolder}' の中に置くことはできません,
ServerValidationPasswordEmpty,missing,,Password must not be empty.,,,,パスワードを空にすることはできません。,
ServerValidationPasswordRequiredWithoutApiKey,missing,,Password is required when API key is not configured,,,,APIキーが設定されていない場合、パスワードは必須です,
ServerValidationPath,missing,,Invalid Path: '{path}',,,,無効なパス: '{path}',
ServerValidationPathExists,missing,,Path '{path}' does not exist,,,,パス '{path}' が存在しません,
ServerValidationPathPairIncomplete,missing,,"Set both paths, or leave both blank",,,,両方のパスを設定するか、両方とも空欄にしてください,
ServerValidationPreferredEditionInvalid,missing,,"Preferred Edition must be language codes separated by commas, such as fr,en",,,,"優先エディションは fr,en のようにカンマ区切りの言語コードにしてください",
ServerValidationProfileCustomFormatsMismatch,missing,,All Custom Formats and no extra ones need to be present inside your Profile! Try refreshing your browser.,,,,すべてのカスタムフォーマットを過不足なくプロファイルに含める必要があります。ブラウザーを再読み込みしてください。,
ServerValidationQualityName,missing,,Individual qualities should not be named,,,,個々の品質には名前を付けないでください,
ServerValidationQualityProfileExists,missing,,Quality Profile does not exist,,,,品質プロファイルが存在しません,
ServerValidationRecycleBin,missing,,Path '{path}' is {relationship} configured recycle bin folder,,,,パス '{path}' は設定済みのごみ箱フォルダー{relationship},
ServerValidationRegexPatternEmpty,missing,,Regex Pattern must not be empty,,,,正規表現パターンを空にすることはできません,
ServerValidationRelationshipChildOf,missing,,child of,,,,の中にあります,
ServerValidationRelationshipSetTo,missing,,set to,,,,と同じです,
ServerValidationRootFolder,missing,,Path '{path}' is already configured as a root folder,,,,パス '{path}' はすでにルートフォルダーとして設定されています,
ServerValidationRootFolderAncestor,missing,,Path '{path}' is an ancestor of an existing root folder,,,,パス '{path}' は既存のルートフォルダーの親フォルダーです,
ServerValidationRootUrl,missing,,must be valid URL that starts with http(s)://,,,,http(s):// で始まる有効な URL を入力してください,
ServerValidationRssSyncInterval,missing,,Must be between 10 and 120 or 0 to disable,,,,10 から 120 の間、または無効にする場合は 0 にしてください,
ServerValidationScriptArgumentsUnsupported,missing,,Arguments are no longer supported for custom scripts,,,,カスタムスクリプトでは引数はサポートされなくなりました,
ServerValidationSeriesAlreadyAddedAs,missing,,This series has already been added as '{title}',,,,このシリーズはすでに '{title}' として追加されています,
ServerValidationSeriesIdNotFound,missing,,A series with this ID was not found,,,,この ID のシリーズが見つかりませんでした,
ServerValidationSeriesNameTooShort,missing,,Series name must be at least 2 characters,,,,シリーズ名は 2 文字以上にしてください,
ServerValidationShouldBeUnique,missing,,Should be unique,,,,一意にしてください,
ServerValidationStartupFolder,missing,,Path '{path}' cannot be {relationship} the start up folder,,,,パス '{path}' はスタートアップディレクトリ{relationship}。このパスは使用できません,
ServerValidationStatelessUrlsNoTags,missing,,Stateless URLs do not support tags,,,,「AppriseステートレスURL」はタグに対応していません,
ServerValidationSystemFolder,missing,,Path '{path}' is {relationship} system folder {systemFolder},,,,パス '{path}' はシステムフォルダー {systemFolder} {relationship},
ServerValidationTopicIdGreaterThanOne,missing,,Topic ID must be greater than 1 or empty,,,,トピックIDは 1 より大きい値にするか、空にしてください,
ServerValidationUiLanguageInvalid,missing,,The UI Language value cannot be less than 1,,,,UI言語の値は 1 未満にできません,
ServerValidationUnableToParse,missing,,Unable to parse,,,,解析できません,
ServerValidationUnderMinimumLeadsToHitAndRun,missing,,Under {minimum} leads to H&R,,,,{minimum} 未満では H&R になります,
ServerValidationUniqueId,missing,,Groups must have a unique ID,,,,グループには一意の ID が必要です,
ServerValidationUniqueQualityId,missing,,Qualities can only be used once,,,,各品質は 1 回しか使用できません,
ServerValidationUnknownLanguages,missing,,Unknown languages,,,,不明な言語です,
ServerValidationUrl,missing,,Invalid Url: '{url}',,,,無効な URL: '{url}',
ServerValidationUrlBaseExample,missing,,Must be a valid URL path (ie: '{example}'),,,,有効な URL パスを指定してください（例: '{example}'）,
ServerValidationUseDeviceNames,missing,,Use Device Names instead,,,,代わりにデバイス名を使用してください,
ServerValidationUseDirectDownloadUrl,missing,,Use Direct Download Url (;download),,,,直接ダウンロード URL（;download）を使用してください,
ServerValidationUsernameEmpty,missing,,Username must not be empty.,,,,ユーザー名を空にすることはできません。,
ServerValidationUsernameRequiredWithoutApiKey,missing,,Username is required when API key is not configured,,,,APIキーが設定されていない場合、ユーザー名は必須です,
ServerValidationValidCutoff,missing,,Cutoff must be an allowed quality or group,,,,カットオフは許可された品質またはグループにしてください,
ServerValidationValidStandardTrackFormat,missing,,"Must contain Book Title AND PartNumber, OR Volume, OR Original Title",,,,Book Title と PartNumber、または Volume、または Original Title を含める必要があります,
ServerValidationVolumeIdNotFound,missing,,A volume with this ID was not found,,,,この ID の巻が見つかりませんでした,
ServerValidationWildcardOrIpAddress,missing,,Must contain wildcard (*) or a valid IP Address,,,,ワイルドカード（*）または有効な IP アドレスを入力してください,
ServerTestAbortedByError,missing,,Test was aborted due to an error: {error},,,,エラーのためテストが中断されました: {error},
ServerTestApiKeyIncorrect,missing,,API Key Incorrect,,,,APIキーが正しくありません,
ServerTestApiKeyRequired,missing,,API Key Required,,,,APIキーが必要です,
ServerTestAria2VersionTooLow,missing,,Aria2 version should be at least 1.34.0. Version reported is {version},,,,Aria2 のバージョンは 1.34.0 以上が必要です。報告されたバージョン: {version},
ServerTestAuthenticationFailed,missing,,Authentication failed,,,,認証に失敗しました,
ServerTestAuthenticationFailure,missing,,Authentication failure,,,,認証エラーが発生しました,
ServerTestCategoryMissing,missing,,Category does not exist,,,,カテゴリーが存在しません,
ServerTestCategoryNotSupported,missing,,Category is not supported,,,,カテゴリーはサポートされていません,
ServerTestCategoryRecommended,missing,,Category is recommended,,,,カテゴリーの設定をお勧めします,
ServerTestDisableDateSorting,missing,,Disable Date Sorting,,,,「Date Sorting」を無効にしてください,
ServerTestDisableMovieSorting,missing,,Disable Movie Sorting,,,,「Movie Sorting」を無効にしてください,
ServerTestDisableTvSorting,missing,,Disable TV Sorting,,,,「TV Sorting」を無効にしてください,
ServerTestDownloadStationApiVersionUnsupported,missing,,"Download Station API version not supported, should be at least 2. It supports from {minVersion} to {maxVersion}",,,,Download Station の API バージョンはサポートされていません。2 以上が必要です。対応しているのは {minVersion} から {maxVersion} までです,
ServerTestEnableJobFolders,missing,,Enable Job folders,,,,「Job folders」を有効にしてください,
ServerTestFolderMissing,missing,,Folder does not exist,,,,フォルダーが存在しません,
ServerTestGroupMissing,missing,,Group does not exist,,,,グループが存在しません,
ServerTestHadoukenApiUnsupported,missing,,"Old Hadouken client with unsupported API, need 5.1 or higher",,,,Hadouken クライアントが古く、API がサポートされていません。5.1 以上が必要です,
ServerTestLabelConfigurationFailed,missing,,Configuration of label failed,,,,ラベルの設定に失敗しました,
ServerTestLabelPluginNotActivated,missing,,Label plugin not activated,,,,Label プラグインが有効になっていません,
ServerTestNoDefaultDestination,missing,,No default destination,,,,既定の保存先がありません,
ServerTestNzbListFailed,missing,,Failed to get the list of NZBs: {error},,,,NZB の一覧を取得できませんでした: {error},
ServerTestNzbVortexNeedsUpdate,missing,,NZBVortex needs to be updated,,,,NZBVortex を更新する必要があります,
ServerTestNzbgetKeepHistoryTooHigh,missing,,NzbGet setting KeepHistory should be less than 25000,,,,NZBGet の設定 KeepHistory は 25000 未満にしてください,
ServerTestNzbgetKeepHistoryTooLow,missing,,NzbGet setting KeepHistory should be greater than 0,,,,NZBGet の設定 KeepHistory は 0 より大きくしてください,
ServerTestNzbgetVersionTooLow,missing,,"Nzbget version too low, need 12.0 or higher",,,,NZBGet のバージョンが古すぎます。12.0 以上が必要です,
ServerTestQbittorrentRemovesAtShareRatioLimit,missing,,qBittorrent is configured to remove torrents when they reach their Share Ratio Limit,,,,qBittorrent は、共有比率の上限に達した Torrent を削除するように設定されています,
ServerTestQueueingNotEnabled,missing,,Queueing not enabled,,,,キューが有効になっていません,
ServerTestRTorrentVersionTooLow,missing,,rTorrent version should be at least 0.9.0. Version reported is {version},,,,rTorrent のバージョンは 0.9.0 以上が必要です。報告されたバージョン: {version},
ServerTestSabnzbdDevelopVersion,missing,,"Sabnzbd develop version, assuming version 3.0.0 or higher.",,,,SABnzbd の develop 版です。バージョン 3.0.0 以上とみなします。,
ServerTestSabnzbdDisableCheckBeforeDownload,missing,,Disable 'Check before download' option in Sabnzbd,,,,SABnzbd の「Check before download」オプションを無効にしてください,
ServerTestSabnzbdVersionRequired,missing,,"Version 0.7.0+ is required, but found: {version}",,,,バージョン 0.7.0 以上が必要ですが、見つかったのは {version} です,
ServerTestSharedFolderMissing,missing,,Shared folder does not exist,,,,共有フォルダーが存在しません,
ServerTestTorrentListFailed,missing,,Failed to get the list of torrents: {error},,,,Torrent の一覧を取得できませんでした: {error},
ServerTestTransmissionVersionUnsupported,missing,,"Transmission version not supported, should be 2.40 or higher.",,,,この Transmission のバージョンはサポートされていません。2.40 以上が必要です。,
ServerTestUnableToConnect,missing,,Unable to connect,,,,接続できません,
ServerTestUnableToConnectThroughSsl,missing,,Unable to connect through SSL,,,,SSL 経由で接続できません,
ServerTestUnableToConnectToAria2,missing,,Unable to connect to Aria2,,,,Aria2 に接続できません,
ServerTestUnableToConnectToDeluge,missing,,Unable to connect to Deluge,,,,Deluge に接続できません,
ServerTestUnableToConnectToHadouken,missing,,Unable to connect to Hadouken,,,,Hadouken に接続できません,
ServerTestUnableToConnectToNzbVortex,missing,,Unable to connect to NZBVortex,,,,NZBVortex に接続できません,
ServerTestUnableToConnectToNzbget,missing,,Unable to connect to NZBGet,,,,NZBGet に接続できません,
ServerTestUnableToConnectToQbittorrent,missing,,Unable to connect to qBittorrent,,,,qBittorrent に接続できません,
ServerTestUnableToConnectToRTorrent,missing,,Unable to connect to rTorrent,,,,rTorrent に接続できません,
ServerTestUnableToConnectToSabnzbd,missing,,Unable to connect to SABnzbd,,,,SABnzbd に接続できません,
ServerTestUnableToConnectToTorrentDownloadStation,missing,,Unable to connect to Torrent Download Station,,,,Torrent Download Station に接続できません,
ServerTestUnableToConnectToTransmission,missing,,Unable to connect to Transmission,,,,Transmission に接続できません,
ServerTestUnableToConnectToUsenetDownloadStation,missing,,Unable to connect to Usenet Download Station,,,,Usenet Download Station に接続できません,
ServerTestUnableToConnectToUtorrent,missing,,Unable to connect to uTorrent,,,,uTorrent に接続できません,
ServerTestUnableToWriteToFolder,missing,,Unable to write to folder,,,,フォルダーに書き込めません,
ServerTestUnknownException,missing,,Unknown exception: {error},,,,不明な例外: {error},
ServerTestUnknownVersion,missing,,Unknown Version: {version},,,,不明なバージョン: {version},
ServerTestUnsupportedClientVersion,missing,,Unsupported client version,,,,サポートされていないクライアントバージョンです,
ServerTestUtorrentApiUnsupported,missing,,"Old uTorrent client with unsupported API, need 3.0 or higher",,,,uTorrent クライアントが古く、API がサポートされていません。3.0 以上が必要です,
ServerTestVerifySslSettings,missing,,Verify SSL settings,,,,SSL 設定を確認してください,
ServerTestVuzeProtocolUnsupported,missing,,"Protocol version not supported, use Vuze 5.0.0.0 or higher with Vuze Web Remote plugin.",,,,プロトコルのバージョンがサポートされていません。Vuze 5.0.0.0 以上と Vuze Web Remote プラグインを使用してください。,
ServerTestFloodAuthenticationFailed,missing,,Failed to authenticate with Flood.,,,,Flood での認証に失敗しました。,
ServerTestFloodUnableToConnect,missing,,"Unable to connect to Flood, please check your settings",,,,Flood に接続できません。設定を確認してください,
ServerTestApiKeyInvalid,missing,,API Key is invalid,,,,APIキーが無効です,
ServerTestAppriseConnectionFailed,missing,,Unable to connect to Apprise API. Server connection failed: ({status}) {error},,,,Apprise API に接続できません。サーバー接続に失敗しました: ({status}) {error},
ServerTestAuthorizationRequired,missing,,Authorization is required,,,,認証が必要です,
ServerTestCalibreBadPortGui,missing,,"Bad port. This is the container's remote Calibre GUI, not the Calibre content server.  Try mapping port 8081.",,,,ポートが正しくありません。これはコンテナーのリモート Calibre GUI であり、Calibre コンテンツサーバーではありません。ポート 8081 をマッピングしてみてください。,
ServerTestCalibreLibraryInvalid,missing,,Not a valid library in calibre,,,,calibre の有効なライブラリではありません,
ServerTestCalibreNotContentServer,missing,,Not a valid Calibre content server.  See https://manual.calibre-ebook.com/server.html,,,,有効な Calibre コンテンツサーバーではありません。https://manual.calibre-ebook.com/server.html を参照してください,
ServerTestCalibreWebNotContentServer,missing,,"This is a Calibre-Web server, not the required Calibre content server.  See https://manual.calibre-ebook.com/server.html",,,,これは Calibre-Web サーバーであり、必要な Calibre コンテンツサーバーではありません。https://manual.calibre-ebook.com/server.html を参照してください,
ServerTestCalibreWriteAccessRequired,missing,,Mangarr needs write access. Configure a user or trusted IP in calibre. See https://manual.calibre-ebook.com/server.html,,,,Mangarr には書き込み権限が必要です。calibre でユーザーまたは信頼済み IP を設定してください。https://manual.calibre-ebook.com/server.html を参照してください,
ServerTestCloudFlareCaptchaExpired,missing,,"CloudFlare CAPTCHA token expired, please Refresh.",,,,CloudFlare の CAPTCHA トークンの有効期限が切れました。「更新」をクリックしてください。,
ServerTestCloudFlareCaptchaRequired,missing,,Site protected by CloudFlare CAPTCHA. Valid CAPTCHA token required.,,,,サイトは CloudFlare の CAPTCHA で保護されています。有効な CAPTCHA トークンが必要です。,
ServerTestCouldNotConnect,missing,,Could not connect,,,,接続できませんでした,
ServerTestFileMissing,missing,,File does not exist,,,,ファイルが存在しません,
ServerTestGoodreadsAuthenticationError,missing,,Goodreads authentication error: {error},,,,Goodreads の認証エラー: {error},
ServerTestGoodreadsListDataFailed,missing,,Could not get list data,,,,リストのデータを取得できませんでした,
ServerTestGoodreadsListNotFound,missing,,List {list} not found,,,,リスト {list} が見つかりません,
ServerTestGoodreadsSeriesDataFailed,missing,,Could not get series data,,,,シリーズのデータを取得できませんでした,
ServerTestGoodreadsSeriesNotFound,missing,,Series {series} not found,,,,シリーズ {series} が見つかりません,
ServerTestGoodreadsUnreachableCheckLog,missing,,"Unable to connect to Goodreads, check the log for more details",,,,Goodreads に接続できません。詳細はログを確認してください,
ServerTestHttpAuthCredentialsInvalid,missing,,HTTP Auth credentials are invalid: {error},,,,HTTP 認証の資格情報が無効です: {error},
ServerTestImportListFeedUnsupported,missing,,Import list feed is not supported: {error},,,,インポートリストのフィードはサポートされていません: {error},
ServerTestImportListNoResults,missing,,"No results were returned from your import list, please check your settings.",,,,インポートリストから結果が返されませんでした。設定を確認してください。,
ServerTestImportListUnreachable,missing,,Unable to connect to import list. {error},,,,インポートリストに接続できません。{error},
ServerTestImportListUnreachableCheckLog,missing,,"Unable to connect to import list, check the log for more details",,,,インポートリストに接続できません。詳細はログを確認してください,
ServerTestIncorrectApiKey,missing,,Incorrect ApiKey,,,,APIキーが正しくありません,
ServerTestIncorrectUsernameOrPassword,missing,,Incorrect username or password,,,,ユーザー名またはパスワードが正しくありません,
ServerTestIndexerConnectionFailure,missing,,Unable to connect to indexer connection failure. Check your connection to the indexer's server and DNS. {error},,,,インデクサーに接続できません（接続エラー）。インデクサーのサーバーへの接続と DNS を確認してください。{error},
ServerTestIndexerDnsOrIpv6,missing,,"Unable to connect to indexer, please check your DNS settings and ensure IPv6 is working or disabled. {error}",,,,インデクサーに接続できません。DNS 設定を確認し、IPv6 が動作しているか無効になっていることを確認してください。{error},
ServerTestIndexerFeedUnsupported,missing,,Indexer feed is not supported: {error},,,,インデクサーのフィードはサポートされていません: {error},
ServerTestIndexerInvalidCredentials,missing,,"Unable to connect to indexer, invalid credentials. {error}",,,,インデクサーに接続できません。認証情報が無効です。{error},
ServerTestIndexerNoResultsInCategories,missing,,"Query successful, but no results in the configured categories were returned from your indexer. This may be an issue with the indexer or your indexer category settings.",,,,クエリは成功しましたが、設定したカテゴリーの結果がインデクサーから返されませんでした。インデクサー、またはインデクサーのカテゴリー設定に問題がある可能性があります。,
ServerTestIndexerNoRssQuery,missing,,No rss feed query available. This may be an issue with the indexer or your indexer category settings.,,,,RSS フィードのクエリがありません。インデクサー、またはインデクサーのカテゴリー設定に問題がある可能性があります。,
ServerTestIndexerQueryUnsupported,missing,,Indexer does not support the current query. Check if the categories and or searching for seasons/episodes are supported. Check the log for more details.,,,,インデクサーは現在のクエリをサポートしていません。カテゴリーやシーズン/エピソードでの検索がサポートされているか確認してください。詳細はログを確認してください。,
ServerTestIndexerSearchParametersUnsupported,missing,,Indexer does not support required search parameters,,,,インデクサーは必要な検索パラメーターをサポートしていません,
ServerTestIndexerServerUnavailable,missing,,"Unable to connect to indexer, indexer's server is unavailable. Try again later. {error}",,,,インデクサーに接続できません。インデクサーのサーバーが利用できません。後でもう一度お試しください。{error},
ServerTestIndexerTimeout,missing,,"Unable to connect to indexer, possibly due to a timeout. Try again or check your network settings. {error}",,,,インデクサーに接続できません。タイムアウトの可能性があります。もう一度お試しいただくか、ネットワーク設定を確認してください。{error},
ServerTestIndexerUnreachable,missing,,Unable to connect to indexer. {error},,,,インデクサーに接続できません。{error},
ServerTestIndexerUnreachableCheckLog,missing,,"Unable to connect to indexer, check the log for more details",,,,インデクサーに接続できません。詳細はログを確認してください,
ServerTestIndexerUnreachableCheckLogAbove,missing,,"Unable to connect to indexer, check the log above the ValidationFailure for more details. {error}",,,,インデクサーに接続できません。詳細は ValidationFailure の上のログを確認してください。{error},
ServerTestInvalidApiKey,missing,,Invalid API Key,,,,APIキーが無効です,
ServerTestInvalidAuthenticationToken,missing,,Invalid authentication token,,,,認証トークンが無効です,
ServerTestInvalidToken,missing,,Invalid token,,,,トークンが無効です,
ServerTestInvalidUsernameOrPassword,missing,,Invalid username or password,,,,ユーザー名またはパスワードが無効です,
ServerTestJackettAllEndpointUnsupported,missing,,"Jackett's all endpoint is not supported, please add indexers individually",,,,Jackett の all エンドポイントはサポートされていません。インデクサーを個別に追加してください,
ServerTestJoinApiUnreachable,missing,,Unable to connect to Join API. Please try again later.,,,,Join API に接続できません。後でもう一度お試しください。,
ServerTestJoinAuthenticationFailed,missing,,Authentication failed.,,,,認証に失敗しました。,
ServerTestJoinDeviceIdsInvalid,missing,,Device IDs appear invalid.,,,,デバイス ID が無効なようです。,
ServerTestJoinUnknownError,missing,,Unknown error. Join message failed to send.,,,,不明なエラーです。Join メッセージを送信できませんでした。,
ServerTestLoginPasswordInvalid,missing,,Login/Password invalid,,,,ログイン名/パスワードが無効です,
ServerTestMailgunSendTestMessageFailed,missing,,Unable to send test message through Mailgun.,,,,Mailgun 経由でテストメッセージを送信できませんでした。,
ServerTestNotifiarrApiKeyInvalid,missing,,API key is invalid,,,,APIキーが無効です,
ServerTestNotifiarrCloudflareError,missing,,Cloudflare Related HTTP Error - Unable to send notification,,,,Cloudflare 関連の HTTP エラー - 通知を送信できませんでした,
ServerTestNotifiarrServiceUnavailable,missing,,Unable to send notification. Service Unavailable,,,,通知を送信できませんでした。サービスを利用できません,
ServerTestNotifiarrUnknownHttpError,missing,,Unknown HTTP Error - Unable to send notification,,,,不明な HTTP エラー - 通知を送信できませんでした,
ServerTestPlexCertificateValidationFailed,missing,,"Unable to connect to Plex Media Server, certificate validation failed.",,,,Plex Media Server に接続できません。証明書の検証に失敗しました。,
ServerTestPlexMusicLibraryRequired,missing,,At least one Music library is required,,,,少なくとも 1 つの音楽ライブラリが必要です,
ServerTestProwlApiKeyInvalid,missing,,Apikey is invalid,,,,APIキーが無効です,
ServerTestProwlConnectionFailed,missing,,"Failed to connect to prowl, please check your settings.",,,,Prowl に接続できませんでした。設定を確認してください。,
ServerTestReadarrImportListUnreachable,missing,,Unable to connect to import list: {error}. Check the log surrounding this error for details.,,,,インポートリストに接続できません: {error}。詳細はこのエラー前後のログを確認してください。,
ServerTestReadarrUrlInvalid,missing,,"Readarr URL is invalid, are you missing a URL base?",,,,Readarr の URL が無効です。URL ベースが不足していませんか？,
ServerTestRequestLimitReached,missing,,Request limit reached: {error},,,,リクエストの上限に達しました: {error},
ServerTestScriptExitCode,missing,,Script exited with code: {code},,,,スクリプトが次のコードで終了しました: {code},
ServerTestSendTestEmailFailed,missing,,Unable to send test email,,,,テストメールを送信できませんでした,
ServerTestSendTestMessageApiResponse,missing,,Unable to send test message. Response from API: {error},,,,テストメッセージを送信できませんでした。API からの応答: {error},
ServerTestSendTestMessageFailed,missing,,Unable to send test message: {error},,,,テストメッセージを送信できませんでした: {error},
ServerTestSslRequired,missing,,SSL seems to be required,,,,SSL が必要なようです,
ServerTestSynoindexUnavailable,missing,,Not a Synology or synoindex not available,,,,Synology ではないか、synoindex が利用できません,
ServerTestSynologyRequired,missing,,Must be a Synology,,,,Synology である必要があります,
ServerTestUnableToConnectToKavita,missing,,Unable to connect to Kavita Server,,,,Kavita サーバーに接続できません,
ServerTestUnableToConnectToPlex,missing,,Unable to connect to Plex Media Server,,,,Plex Media Server に接続できません,
ServerTestUnableToConnectToSubsonic,missing,,Unable to connect to Subsonic Server,,,,Subsonic サーバーに接続できません,
ServerTestUnableToPostPayload,missing,,Unable to post payload,,,,ペイロードを送信できませんでした,
ServerTestUnableToSendTestMessage,missing,,Unable to send test message,,,,テストメッセージを送信できませんでした,
ServerTestPlexStatusCode,missing,,Unable to connect to Plex Media Server. Status Code: {status},,,,Plex Media Server に接続できません。ステータスコード: {status},
ServerTestWebhookPostFailed,missing,,Unable to post to webhook: {error},,,,Webhook に送信できませんでした: {error},
ServerApiFailedToGetSeriesVolumes,missing,,Failed to get works for {id},,,,シリーズ {id} の巻を取得できませんでした,
ServerApiFailedToGetVolumeData,missing,,Failed to get books for {id},,,,巻 {id} のデータを取得できませんでした,
ServerApiGettingReleaseFromIndexerFailed,missing,,Getting release from indexer failed,,,,インデクサーからのリリースの取得に失敗しました,
ServerApiGlobalDelayProfile,missing,,Cannot delete global delay profile,,,,グローバル遅延プロファイルは削除できません,
ServerApiGoodreadsError,missing,,Received an error from Goodreads {error},,,,Goodreads からエラーを受信しました: {error},
ServerApiGoodreadsSearchInvalidResponse,missing,,Search for '{query}' failed. Invalid response received from Goodreads.,,,,'{query}' の検索に失敗しました。Goodreads から無効な応答を受信しました。,
ServerApiGoodreadsSearchUnreachable,missing,,Search for '{query}' failed. Unable to communicate with Goodreads.,,,,'{query}' の検索に失敗しました。Goodreads と通信できません。,
ServerApiInvalidBackupExtension,missing,,"Invalid extension, must be one of: {extensions}",,,,拡張子が無効です。次のいずれかを指定してください: {extensions},
ServerApiInvalidId,missing,,{id} is not a valid ID,,,,{id} は有効な ID ではありません,
ServerApiMetadataProfileInUse,missing,,Metadata profile [{name}] is in use.,,,,メタデータプロファイル [{name}] は使用中です。,
ServerApiNoMatchingSeriesAndVolumes,missing,,Unable to find matching series and volumes,,,,一致するシリーズと巻が見つかりません,
ServerApiNoVolumesResolved,missing,,No volumes resolved for series '{id}',,,,シリーズ '{id}' の巻が見つかりませんでした,
ServerApiProfileInUse,missing,,Profile [{name}] is in use.,,,,プロファイル [{name}] は使用中です。,
ServerApiReadarrApiSearchFailed,missing,,"Search for '{query}' failed. Unable to communicate with ReadarrAPI, returning status code: {status}.",,,,'{query}' の検索に失敗しました。ReadarrAPI と通信できません。返されたステータスコード: {status}。,
ServerApiReleaseNotInCache,missing,,"Couldn't find requested release in cache, try searching again",,,,要求されたリリースがキャッシュに見つかりません。もう一度検索してください,
ServerApiSeriesRootFolderEmpty,missing,,Series' root folder ({path}) is empty.,,,,シリーズのルートフォルダー ({path}) が空です。,
ServerApiSeriesRootFolderMissing,missing,,Series' root folder ({path}) doesn't exist.,,,,シリーズのルートフォルダー ({path}) が存在しません。,
ServerApiUnableToCancelTask,missing,,Unable to cancel task,,,,タスクをキャンセルできません,
ServerApiUnableToConnectToPlexTv,missing,,Unable to connect to plex.tv,,,,plex.tv に接続できません,
ServerApiUnableToDeleteVolumeFile,missing,,Unable to delete volume file,,,,巻のファイルを削除できません,
ServerApiUnableToParseVolumesInRelease,missing,,Unable to parse volumes in the release,,,,リリースから巻を解析できません,
ServerApiUnexpectedErrorFetchingSeriesData,missing,,Unexpected error fetching author data,,,,シリーズのデータの取得中に予期しないエラーが発生しました,
ServerApiUnexpectedResponseFetchingVolumeData,missing,,Unexpected response fetching book data,,,,巻のデータの取得中に予期しない応答がありました,
ServerApiUnexpectedResponseFrom,missing,,Unexpected response from {url},,,,{url} から予期しない応答がありました,
ServerApiVolumeFileNotFound,missing,,Volume file not found,,,,巻のファイルが見つかりません,
ServerApiSeriesMetadataMissingFromVolume,missing,,Expected author metadata for id [{id}] in book data {volume},,,,巻のデータ {volume} に ID [{id}] のシリーズのメタデータがありません,
ServerApiUnableToRestoreDatabaseFromBackup,missing,,Unable to restore database file from backup,,,,バックアップからデータベースファイルを復元できません,
ServerProgressFailed,missing,,Failed,,,,失敗,
ServerQueueEncryptedDownloadDetected,missing,,Encrypted download detected,,,,暗号化されたダウンロードを検出しました,
ServerQueueFailedDownloadDetected,missing,,Failed download detected,,,,失敗したダウンロードを検出しました,
ServerQueueManuallyIgnored,missing,,Manually ignored,,,,手動で無視しました,
ServerQueueManuallyMarkedAsFailed,missing,,Manually marked as failed,,,,手動で失敗としてマークしました,
ServerRejectionLanguageChineseTaiwan,missing,,Chinese (Taiwan),,,,中国語（台湾）,
ServerRejectionLanguagePortugueseBrazil,missing,,Portuguese (Brazil),,,,ポルトガル語（ブラジル）,
ServerTestDiskStationApiInfoNotFound,missing,,Info of {api} not found on {host}:{port},,,,{host}:{port} で {api} の情報が見つかりません,
ServerTestDiskStationCertificateValidationFailed,missing,,"Unable to connect to Diskstation, certificate validation failed.",,,,Diskstation に接続できません。証明書の検証に失敗しました。,
ServerTestDiskStationErrorAccountDisabled,missing,,Disabled account,,,,アカウントが無効です,
ServerTestDiskStationErrorAccountOrPasswordIncorrect,missing,,No such account or incorrect password,,,,アカウントが存在しないか、パスワードが正しくありません,
ServerTestDiskStationErrorAccountServerUnavailable,missing,,Can’t get user/group information from the account server,,,,アカウントサーバーからユーザー/グループ情報を取得できません,
ServerTestDiskStationErrorApiNotFound,missing,,The requested API does not exist,,,,要求された API は存在しません,
ServerTestDiskStationErrorDestinationDenied,missing,,Destination denied,,,,保存先へのアクセスが拒否されました,
ServerTestDiskStationErrorDestinationNotFound,missing,,Destination does not exist,,,,保存先が存在しません,
ServerTestDiskStationErrorDeviceBusy,missing,,Device or resource busy,,,,デバイスまたはリソースがビジー状態です,
ServerTestDiskStationErrorDiskQuotaExceeded,missing,,Disk quota exceeded,,,,ディスククォータを超えました,
ServerTestDiskStationErrorExpiredPasswordCannotChange,missing,,Expired password cannot change,,,,期限切れのパスワードは変更できません,
ServerTestDiskStationErrorFileAlreadyExists,missing,,File already exists,,,,ファイルは既に存在します,
ServerTestDiskStationErrorFileOperationGroup,missing,,Invalid group does this file operation,,,,このファイル操作を行うグループが無効です,
ServerTestDiskStationErrorFileOperationParameter,missing,,Invalid parameter of file operation,,,,ファイル操作のパラメーターが無効です,
ServerTestDiskStationErrorFileOperationUnknown,missing,,Unknown error of file operation,,,,ファイル操作で不明なエラーが発生しました,
ServerTestDiskStationErrorFileOperationUser,missing,,Invalid user does this file operation,,,,このファイル操作を行うユーザーが無効です,
ServerTestDiskStationErrorFileOperationUserAndGroup,missing,,Invalid user and group does this file operation,,,,このファイル操作を行うユーザーとグループが無効です,
ServerTestDiskStationErrorFileStationPermission,missing,,Permission denied. Give your user access to FileStation.,,,,権限が拒否されました。ユーザーに FileStation へのアクセス権を付与してください。,
ServerTestDiskStationErrorFileSystemUnsupported,missing,,Non-supported file system,,,,サポートされていないファイルシステムです,
ServerTestDiskStationErrorFileUploadFailed,missing,,File upload failed,,,,ファイルのアップロードに失敗しました,
ServerTestDiskStationErrorFilenameTooLong,missing,,Filename too long in the non-encrypted file system,,,,暗号化されていないファイルシステムではファイル名が長すぎます,
ServerTestDiskStationErrorFilenameTooLongEncrypted,missing,,Filename too long in the encrypted file system,,,,暗号化されたファイルシステムではファイル名が長すぎます,
ServerTestDiskStationErrorIllegalFatFileName,missing,,Illegal file name on FAT file system,,,,FAT ファイルシステムでは不正なファイル名です,
ServerTestDiskStationErrorIllegalFileName,missing,,Illegal file name,,,,ファイル名が不正です,
ServerTestDiskStationErrorIllegalNameOrPath,missing,,Illegal name or path,,,,名前またはパスが不正です,
ServerTestDiskStationErrorInputOutput,missing,,Input/output error,,,,入出力エラーです,
ServerTestDiskStationErrorInvalidParameter,missing,,Invalid parameter,,,,無効なパラメーターです,
ServerTestDiskStationErrorInvalidTaskAction,missing,,Invalid task action,,,,無効なタスク操作です,
ServerTestDiskStationErrorInvalidTaskId,missing,,Invalid task id,,,,無効なタスク ID です,
ServerTestDiskStationErrorIpBlocked,missing,,Blocked IP source,,,,送信元 IP がブロックされています,
ServerTestDiskStationErrorMaxTasksReached,missing,,Max number of tasks reached,,,,タスク数が上限に達しました,
ServerTestDiskStationErrorMethodNotFound,missing,,The requested method does not exist,,,,要求されたメソッドは存在しません,
ServerTestDiskStationErrorNetworkFileSystemFailed,missing,,Failed to connect internet-based file system (ex: CIFS),,,,ネットワークファイルシステム (例: CIFS) に接続できませんでした,
ServerTestDiskStationErrorNoSpaceLeft,missing,,No space left on device,,,,デバイスに空き容量がありません,
ServerTestDiskStationErrorNoSuchFileOperationTask,missing,,No such task of the file operation,,,,該当するファイル操作のタスクがありません,
ServerTestDiskStationErrorNoSuchFileOrDirectory,missing,,No such file or directory,,,,ファイルまたはディレクトリが存在しません,
ServerTestDiskStationErrorOperationNotPermitted,missing,,Operation not permitted,,,,操作は許可されていません,
ServerTestDiskStationErrorPasswordExpired,missing,,Expired password,,,,パスワードの有効期限が切れています,
ServerTestDiskStationErrorPasswordMustChange,missing,,Password must be changed,,,,パスワードを変更する必要があります,
ServerTestDiskStationErrorPermissionDenied,missing,,Denied permission,,,,権限が拒否されました,
ServerTestDiskStationErrorReadOnlyFileSystem,missing,,Read-only file system,,,,読み取り専用のファイルシステムです,
ServerTestDiskStationErrorSessionDuplicateLogin,missing,,Session interrupted by duplicate login,,,,重複ログインによりセッションが中断されました,
ServerTestDiskStationErrorSessionNoPermission,missing,,The logged in session does not have permission,,,,ログイン中のセッションには権限がありません,
ServerTestDiskStationErrorSessionTimeout,missing,,Session timeout,,,,セッションがタイムアウトしました,
ServerTestDiskStationErrorSetDestinationFailed,missing,,Set destination failed,,,,保存先の設定に失敗しました,
ServerTestDiskStationErrorSidNotFound,missing,,SID not found,,,,SID が見つかりません,
ServerTestDiskStationErrorSystemBusy,missing,,System is too busy,,,,システムがビジー状態です,
ServerTestDiskStationErrorTwoFactorEnforced,missing,,Enforce to authenticate with 2-factor authentication code,,,,2 要素認証コードによる認証が必須です,
ServerTestDiskStationErrorTwoStepCodeFailed,missing,,Failed to authenticate 2-step authentication code,,,,2 段階認証コードの認証に失敗しました,
ServerTestDiskStationErrorTwoStepCodeRequired,missing,,2-step authentication code required,,,,2 段階認証コードが必要です,
ServerTestDiskStationErrorUnknown,missing,,Unknown error,,,,不明なエラー,
ServerTestDiskStationErrorUnknownCode,missing,,{code} - Unknown error,,,,{code} - 不明なエラー,
ServerTestDiskStationErrorVersionUnsupported,missing,,The requested version does not support the functionality,,,,要求されたバージョンはこの機能をサポートしていません,
ServerTestDiskStationOperationAddTaskFromData,missing,,add task from data {filename},,,,データ {filename} からのタスクの追加,
ServerTestDiskStationOperationAddTaskFromUrl,missing,,add task from url {url},,,,URL {url} からのタスクの追加,
ServerTestDiskStationOperationGetApiInfo,missing,,get api info,,,,API 情報の取得,
ServerTestDiskStationOperationGetConfig,missing,,get config,,,,設定の取得,
ServerTestDiskStationOperationGetInfoOf,missing,,get info of {path},,,,{path} の情報の取得,
ServerTestDiskStationOperationGetSerialNumber,missing,,get serial number,,,,シリアル番号の取得,
ServerTestDiskStationOperationGetTasks,missing,,get tasks,,,,タスクの取得,
ServerTestDiskStationOperationGetTasksDetail,missing,,get tasks with additional detail,,,,詳細情報付きのタスクの取得,
ServerTestDiskStationOperationGetTasksTransfer,missing,,get tasks with additional transfer,,,,転送情報付きのタスクの取得,
ServerTestDiskStationOperationLogin,missing,,login,,,,ログイン,
ServerTestDiskStationOperationRemoveItem,missing,,remove item {downloadId},,,,項目 {downloadId} の削除,
ServerTestDiskStationRequestFailed,missing,,Failed to {operation}. Reason: {reason},,,,操作「{operation}」に失敗しました。理由: {reason},
ServerTestDiskStationUnableToConnect,missing,,"Unable to connect to Diskstation, please check your settings",,,,Diskstation に接続できません。設定を確認してください,
ServerTestPlexAuthTokenInvalid,missing,,Unauthorized - AuthToken is invalid,,,,認証されていません - AuthToken が無効です,
ServerTestPlexUnableToConnect,missing,,"Unable to connect to Plex Media Server, {error}",,,,Plex Media Server に接続できません。{error},
ServerTestPlexVersionUpgradeRequired,missing,,"Found version {version}, upgrade to PMS 1.3.1 to fix library updating and then restart Mangarr",,,,バージョン {version} が見つかりました。ライブラリの更新を修正するには PMS 1.3.1 にアップグレードし、{appName} を再起動してください,
ServerTestProwlSendTextMessageFailed,missing,,Unable to send text message: {error},,,,テキストメッセージを送信できません: {error},
ServerTestDiskStationOperationAddTaskFromData,review,,add task from data {filename},,データ {filename} からのタスクの追加,,ファイル {filename} からのタスクの追加,server messages follow-ups review: wording
ServerRejectionLanguageChineseHongKong,missing,,Chinese (Hong Kong),,,,中国語（香港）,
ServerValidationAlreadyLanguageEdition,missing,,Already the {language} edition,,,,すでに{language}版です,
MetadataSourceNoArtifact,glossary:light-novel,,"No metadata artifact is loaded yet. Mangarr is downloading it and retries every hour; until it arrives, series and volume structure comes from the live sources (AniList, MangaUpdates, MangaDex) only and light novels can't be added. To fetch it now, run System → Tasks → Metadata Update.",,メタデータアーティファクトが読み込まれていません。シリーズと巻の構成は、ライブソース（AniList、MangaUpdates、MangaDex）のみから取得されます。,,メタデータアーティファクトはまだ読み込まれていません。Mangarr がダウンロード中で、1 時間ごとに再試行します。届くまでは、シリーズと巻の構成はライブソース（AniList、MangaUpdates、MangaDex）のみから取得され、ライトノベルは追加できません。今すぐ取得するには、システム → タスク → メタデータのアップデート を実行してください。,
ComicInfoFileMetadata,missing,,Write Metadata to CBZ Files,,,,CBZファイルへのメタデータ書き込み,
WriteComicInfo,missing,,Write ComicInfo To,,,,ComicInfo の書き込み対象,
WriteComicInfoAllImports,missing,,All Imports,,,,すべてのインポート,
WriteComicInfoHelpText,missing,,"Which imports get ComicInfo.xml embedded in their CBZ files. New Downloads: only files from a download client. All Imports: also files a disk scan, Library Import or Manual Import brings in, which rewrites archives you already own. System → Tasks → Embed Metadata writes every CBZ on request.",,,,CBZファイルに ComicInfo.xml を埋め込むインポートの範囲です。新しいダウンロード：ダウンロードクライアントからのファイルのみ。すべてのインポート：ディスクスキャン、ライブラリのインポート、手動インポートで取り込まれたファイルも対象になり、すでにお持ちのアーカイブが書き換えられます。システム → タスク → メタデータの埋め込み で、いつでもすべての CBZ に書き込めます。,
WriteComicInfoNewDownloads,missing,,New Downloads,,,,新しいダウンロード,
LightNovelStorageAudiobookshelfRenameOff,glossary:audiobook,,Rename Volumes is off; audiobooks need it for the Audiobookshelf folder layout — Rename Volumes (Settings → Media Management),,巻の名前を変更 がオフです。Audiobookshelf のフォルダー構成にはこの設定が必要です — 巻の名前を変更（設定 → メディア管理）,,巻の名前を変更 がオフです。Audiobookshelf のフォルダー構成でオーディオブックを保存するにはこの設定が必要です — 巻の名前を変更（設定 → メディア管理）,
ServerProgressBackingUpMetadataPins,missing,,Backing up metadata pins,,,,固定したメタデータをバックアップ中,
PdfToCbzSweep,missing,,Convert PDFs to CBZ Daily,,,,PDFを毎日CBZに変換,
PdfToCbzSweepHelpText,missing,,"Once a day, convert every manga PDF already in the library to CBZ. Originals are moved to pdf-originals in Mangarr's app data folder, never deleted. Off: run it yourself from System → Tasks → Convert PDF to CBZ. Downloaded PDFs are converted on import either way.",,,,1 日 1 回、ライブラリにあるすべてのマンガの PDF を CBZ に変換します。元のファイルは Mangarr のアプリデータフォルダー内の pdf-originals に移動され、削除されることはありません。オフの場合は、システム → タスク → PDFをCBZに変換 から手動で実行してください。ダウンロードした PDF は、どちらの場合もインポート時に変換されます。,
CheckForNewReleases,missing,,Check for New Releases,,,,新しいリリースを確認,
CheckForNewReleasesHelpText,missing,,"Ask GitHub about twice a day whether a newer Mangarr release is out, and show a notice on System → Status. Nothing is downloaded or installed.",,,,1 日に 2 回ほど GitHub に Mangarr の新しいリリースが出ているかを問い合わせ、出ていればシステム → 状態 にお知らせを表示します。ダウンロードやインストールは行いません。,
NewReleaseCheckMessage,missing,,Mangarr {release} is available (you run {version}),,,,Mangarr {release} が利用可能です（現在のバージョン: {version}）,
SpinOffOf,missing,,Spin-off of {name},,,,{name} のスピンオフ,
ServerImportReleaseBelongsToSiblingLine,missing,,Release covers volumes {start}-{end}; this series' line has {count} — it may belong to {line},,,,リリースは第 {start}〜{end} 巻を含みますが、このシリーズのラインは {count} 巻です。{line} のものかもしれません,
ServerApiLineSyncLightNovelsOnly,missing,,Only a light novel's files live in calibre or Audiobookshelf,,,,calibre や Audiobookshelf にファイルがあるのはライトノベルだけです,
ServerApiRefreshRunningForSeries,missing,,A refresh is running for this series; try again when it finishes,,,このシリーズの更新を実行中です。完了してからもう一度お試しください,このシリーズは更新中です。完了してからもう一度お試しください,
ServerProgressLineNotSwitched,missing,,Not switched: {reason},,,,切り替えませんでした: {reason},
ServerProgressLineSwitched,missing,,"Switched to {line}: {moved} file(s) on matching volumes, {kept} kept",,,,{line} に切り替えました: 対応する巻のファイル {moved} 件、そのまま {kept} 件,
ServerValidationLineNameFindsAnotherLine,missing,,"The catalogue finds another line by this line's name, so a refresh would not keep the switch",,,,この刊行ラインの名前ではカタログが別のラインを見つけるため、更新すると切り替えが元に戻ります,
ServerValidationLineNumberingDiffers,missing,,Volume numbering differs between the two lines and {count} file(s) are attached,,,,2 つのラインで巻の番号付けが異なり、ファイルが {count} 件あります,
ServerValidationNotALineOfThisWork,missing,,Not a line of this series' work in its market,,,,このシリーズの作品の、同じ市場の刊行ラインではありません,
ServerValidationSeriesAlreadyBoundToLine,missing,,{name} is already bound to this line,,,,{name} はすでにこのラインに紐付いています,
ServerValidationSeriesAlreadyNamed,missing,,"Another series is already named ""{name}""",,,,別のシリーズがすでに「{name}」という名前です,
SwitchLine,missing,,Switch Line,,,,ラインを切り替え,
SwitchLineConfirmDisk,missing,,"Files and folders on disk are not moved or renamed, and nothing is searched now: new volumes are monitored per the series' settings and picked up by the scheduled missing search.",,,,ディスク上のファイルやフォルダーは移動も名前変更もされず、今は何も検索されません。新しい巻はシリーズの設定に従って監視され、定期的な欠落検索で拾われます。,
SwitchLineConfirmFiles,missing,,{count} file(s) stay on the volume with the same number.,,,,{count} 件のファイルは同じ番号の巻に残ります。,
SwitchLineConfirmKept,missing,,No counterpart on that line for volume(s) {volumes}; their files stay where they are.,,,,第 {volumes} 巻はそのラインに対応する巻がないため、ファイルはそのまま残ります。,
SwitchLineConfirmRename,missing,,"""{name}"" will be renamed ""{newName}"" and bound to that line; its volumes are refreshed from it.",,,,「{name}」は「{newName}」に名前が変わり、そのラインに紐付けられます。巻の情報はそのラインから更新されます。,
SwitchLineExternalFailed,missing,,Couldn't queue the calibre and Audiobookshelf update,,,,calibre と Audiobookshelf の更新を登録できませんでした,
SwitchLineExternalMessage,missing,,Retags the {count} file(s) now on the new line's volumes and syncs this series' titles in calibre and Audiobookshelf.,,,,新しいラインの巻に移った {count} 件のファイルのタグを書き直し、calibre と Audiobookshelf にあるこのシリーズのタイトルを同期します。,
SwitchLineExternalTitle,missing,,Update calibre and Audiobookshelf metadata too?,,,,calibre と Audiobookshelf のメタデータも更新しますか？,
SwitchLineHeading,missing,,Wrong Line of This Work?,,,,この作品の別のラインですか？,
SwitchLineHelpText,missing,,Other release lines of this work in the same market. Switching binds the series to the line you pick and keeps each file on the volume with the same number.,,,,同じ市場にある、この作品の他の刊行ラインです。切り替えるとシリーズは選んだラインに紐付き、各ファイルは同じ番号の巻に残ります。,
SwitchLineMainLine,missing,,Main line,,,,メインライン,
SwitchLineRefreshing,missing,,Refreshing the series from its new line…,,,,新しいラインからシリーズを更新しています…,
TaskNameSwitchLine,missing,,Switch Line,,,,ラインを切り替え,
ServerValidationSeriesNoLongerExists,missing,,The series no longer exists,,,,このシリーズはもう存在しません,
SwitchLineConfirmAdded,missing,,{count} volume(s) will be added.,,,,{count} 巻が追加されます。,
SwitchLineConfirmNoAniList,missing,,No AniList match on this line; metadata will re-resolve by title.,,,,このラインには AniList の一致がありません。メタデータはタイトルで再解決されます。,
